Date,Close,High,Low,Open,Volume,Stock,Category
2026-01-01,681.8353881835938,683.5756520016268,675.4709705136959,679.6973255003476,620303.0,Irctc,Railway
2026-01-02,690.9841918945312,693.0228353177417,680.2939993006516,681.8354244636818,1547440.0,Irctc,Railway
2026-01-05,671.7915649414062,697.7463939896544,670.0015913818412,691.0339476195951,2135762.0,Irctc,Railway
2026-01-06,667.4658203125,672.7363218553232,663.7863929614608,671.7915949996309,1414363.0,Irctc,Railway
2026-01-07,669.056884765625,670.7474390045319,663.4383547925031,667.4658105970003,980520.0,Irctc,Railway
2026-01-08,652.7978515625,669.9518811611798,649.8642517528838,669.0568640343182,1877565.0,Irctc,Railway
2026-01-09,634.1024780273438,654.4884269050301,631.6660963882098,652.7481629764471,2561891.0,Irctc,Railway
2026-01-12,631.3179931640625,635.7432477661528,624.3569376043301,634.5002021304863,1714290.0,Irctc,Railway
2026-01-13,626.6939086914062,637.1354921788691,622.5172631573034,634.4505014286894,1878574.0,Irctc,Railway
2026-01-14,623.9591674804688,630.9202226838945,622.517222477785,626.6938677389575,968707.0,Irctc,Railway
2026-01-15,623.9591674804688,623.9591674804688,623.9591674804688,623.9591674804688,0.0,Irctc,Railway
2026-01-16,624.1580810546875,630.5721477952922,622.5669462690697,623.959181619537,1152976.0,Irctc,Railway
2026-01-19,628.5833129882812,632.362220398752,621.8708663397305,624.158118939412,1126527.0,Irctc,Railway
2026-01-20,609.73876953125,628.4838734402763,607.7996062003467,628.4838734402763,1509221.0,Irctc,Railway
2026-01-21,610.2857055664062,614.8103796014684,598.0043781048507,610.5840243838279,1670035.0,Irctc,Railway
2026-01-22,625.3513793945312,626.4950056672385,611.6778772867145,613.2690121311589,1326768.0,Irctc,Railway
2026-01-23,614.3628540039062,635.2957300685937,612.3739810154212,627.4894278670247,1647574.0,Irctc,Railway
2026-01-27,604.1201782226562,618.8875360787528,597.9546597378918,616.5506345646862,2338114.0,Irctc,Railway
2026-01-28,621.6222534179688,625.3016807346197,607.05379460536,609.5398859415311,1674580.0,Irctc,Railway
2026-01-29,611.9264526367188,622.5172252356551,609.3906517976394,621.4233694056476,1354675.0,Irctc,Railway
2026-01-30,619.5836791992188,620.9262049566045,605.412958387773,610.5840405773835,1818270.0,Irctc,Railway
2026-02-02,606.9046020507812,609.4901734458402,592.6841718125181,603.6229736412727,1313814.0,Irctc,Railway
2026-02-03,610.6834106445312,625.4508286098437,608.6448280245021,618.3405835862949,1356592.0,Irctc,Railway
2026-02-04,618.8875122070312,621.3238936952106,606.8548552103048,612.5728649070836,896728.0,Irctc,Railway
2026-02-05,618.2908935546875,630.0749417953477,612.175084804621,620.5283756785283,576830.0,Irctc,Railway
2026-02-06,616.5506591796875,617.5450957267515,608.5951668031754,617.4953860385164,731675.0,Irctc,Railway
2026-02-09,621.2742309570312,623.7603223174035,617.9428928123683,619.5339670047707,714720.0,Irctc,Railway
2026-02-10,632.6605224609375,635.3952228749347,620.5283848488142,621.2742122344498,1938170.0,Irctc,Railway
2026-02-11,624.8541259765625,632.5112988652011,621.1747596274159,631.4671527202923,914394.0,Irctc,Railway
2026-02-12,618.5892333984375,626.3955966021745,616.7495500900733,626.3955966021745,1631276.0,Irctc,Railway
2026-02-13,614.0645141601562,629.2296701778768,608.5951136291751,621.5227876114942,3930956.0,Irctc,Railway
2026-02-16,610.0867919921875,613.915348234197,602.7777080045013,613.915348234197,2330789.0,Irctc,Railway
2026-02-17,614.1142578125,625.9977863080613,607.6007107771652,609.6890031808155,2129421.0,Irctc,Railway
2026-02-18,619.9814453125,622.9150451135974,612.5728812812634,614.1142457103051,1430103.0,Irctc,Railway
2026-02-19,625.5999755859375,632.4119020034003,615.8545100606631,618.5395007399701,2866005.0,Irctc,Railway
2026-02-20,645.2999877929688,651.25,624.6500244140625,626.5999755859375,5078998.0,Irctc,Railway
2026-02-23,639.4500122070312,650.7999877929688,632.1500244140625,650.7000122070312,2983677.0,Irctc,Railway
2026-02-24,614.4500122070312,636.9000244140625,611.1500244140625,636.9000244140625,4217676.0,Irctc,Railway
2026-02-25,605.9000244140625,622.7999877929688,605.0,615.0499877929688,2460682.0,Irctc,Railway
2026-02-26,594.9500122070312,609.4500122070312,594.0,605.9000244140625,3156132.0,Irctc,Railway
2026-02-27,569.5499877929688,594.4000244140625,558.0999755859375,594.0999755859375,32213440.0,Irctc,Railway
2026-03-02,568.9500122070312,578.0,552.0,552.9000244140625,2790621.0,Irctc,Railway
2026-03-04,553.4500122070312,561.0499877929688,547.4500122070312,553.9500122070312,2974290.0,Irctc,Railway
2026-03-05,561.9500122070312,564.4500122070312,550.25,556.9500122070312,2346458.0,Irctc,Railway
2026-03-06,552.7999877929688,569.4500122070312,551.0,561.0,1843513.0,Irctc,Railway
2026-03-09,539.7999877929688,546.0,535.2000122070312,542.0,2055546.0,Irctc,Railway
2026-03-10,547.9500122070312,550.0,540.5,550.0,1633157.0,Irctc,Railway
2026-03-11,534.1500244140625,552.75,532.4000244140625,548.0,1506767.0,Irctc,Railway
2026-03-12,536.7000122070312,541.0999755859375,520.0499877929688,531.0,3154397.0,Irctc,Railway
2026-03-13,527.5999755859375,536.5,525.0,535.0,2008646.0,Irctc,Railway
2026-03-16,526.4500122070312,529.0,518.25,527.7000122070312,1857687.0,Irctc,Railway
2026-03-17,526.9500122070312,529.8499755859375,522.0,529.8499755859375,1317273.0,Irctc,Railway
2026-03-18,540.25,543.9000244140625,523.5,530.0,2207154.0,Irctc,Railway
2026-03-19,525.8499755859375,535.0,524.2000122070312,535.0,978842.0,Irctc,Railway
2026-03-20,522.8499755859375,532.0,521.0999755859375,529.9000244140625,1740070.0,Irctc,Railway
2026-03-23,510.2999877929688,522.7999877929688,506.6000061035156,520.0,2589941.0,Irctc,Railway
2026-03-24,515.1500244140625,521.9500122070312,504.8500061035156,520.0499877929688,1739708.0,Irctc,Railway
2026-03-25,523.75,530.4000244140625,516.0499877929688,518.0,1506234.0,Irctc,Railway
2026-03-27,510.6000061035156,521.75,509.0,521.75,1982969.0,Irctc,Railway
2026-03-30,494.5,513.2999877929688,492.6499938964844,508.0,2653568.0,Irctc,Railway
2026-04-01,511.2000122070313,522.4000244140625,507.8999938964844,510.0,1664955.0,Irctc,Railway
2026-04-02,511.7999877929688,513.9000244140625,497.0,502.0,1050731.0,Irctc,Railway
2026-04-06,514.7000122070312,516.0999755859375,502.75,513.0,1154102.0,Irctc,Railway
2026-04-07,516.2000122070312,517.5,508.0,514.0,881493.0,Irctc,Railway
2026-04-08,536.5,537.7999877929688,528.7000122070312,533.0,1709944.0,Irctc,Railway
2026-04-09,531.5499877929688,543.3499755859375,529.0,536.5,1219166.0,Irctc,Railway
2026-04-10,542.2999877929688,545.75,533.25,533.9000244140625,1242295.0,Irctc,Railway
2026-04-13,537.9000244140625,540.25,525.7000122070312,532.3499755859375,1066402.0,Irctc,Railway
2026-04-15,553.5499877929688,557.3499755859375,545.1500244140625,545.7999877929688,1978086.0,Irctc,Railway
2026-04-16,553.7999877929688,561.2999877929688,550.0,557.0499877929688,1415200.0,Irctc,Railway
2026-04-17,564.9000244140625,570.0499877929688,552.5,553.7999877929688,1873250.0,Irctc,Railway
2026-04-20,565.2000122070312,567.0,553.5,565.4000244140625,1805082.0,Irctc,Railway
2026-04-21,561.2000122070312,569.9500122070312,560.5,565.5999755859375,1221915.0,Irctc,Railway
2026-04-22,558.5499877929688,561.75,555.2999877929688,559.0,892060.0,Irctc,Railway
2026-04-23,551.3499755859375,558.0999755859375,550.2000122070312,557.0,822626.0,Irctc,Railway
2026-04-24,541.2000122070312,556.0,539.2000122070312,552.0,944945.0,Irctc,Railway
2026-04-27,545.0999755859375,546.8499755859375,541.0,543.2000122070312,1281855.0,Irctc,Railway
2026-04-28,543.8499755859375,554.0,541.7999877929688,545.0999755859375,1573071.0,Irctc,Railway
2026-04-29,550.0999755859375,552.3499755859375,543.7000122070312,544.5,1348964.0,Irctc,Railway
2026-04-30,539.5499877929688,550.0,536.1500244140625,548.0,1074426.0,Irctc,Railway
2026-05-01,539.5499877929688,539.5499877929688,539.5499877929688,539.5499877929688,0.0,Irctc,Railway
2026-05-04,555.25,556.5499877929688,542.0499877929688,544.5,1779862.0,Irctc,Railway
2026-05-05,569.0999755859375,581.2999877929688,550.6500244140625,555.0,4973913.0,Irctc,Railway
2026-05-06,572.75,576.7000122070312,566.0499877929688,574.5,1180667.0,Irctc,Railway
2026-05-07,568.5,578.0499877929688,567.0,575.0,1391332.0,Irctc,Railway
2026-05-08,564.9000244140625,570.8499755859375,564.0,566.0499877929688,675440.0,Irctc,Railway
2026-05-11,556.7999877929688,562.5499877929688,552.0999755859375,562.5499877929688,882533.0,Irctc,Railway
2026-05-12,534.0,557.8499755859375,531.0,555.0,1169426.0,Irctc,Railway
2026-05-13,536.0999755859375,542.4500122070312,530.5,530.5,959485.0,Irctc,Railway
2026-05-14,538.8499755859375,544.5999755859375,528.75,537.75,895611.0,Irctc,Railway
2026-05-15,535.9500122070312,542.8499755859375,534.0,540.0,531456.0,Irctc,Railway
2026-05-18,531.8499755859375,535.0499877929688,523.0,535.0,753397.0,Irctc,Railway
2026-05-19,529.7999877929688,537.5999755859375,524.7000122070312,532.25,1146967.0,Irctc,Railway
2026-05-20,527.8499755859375,530.7000122070312,525.2000122070312,526.0499877929688,487397.0,Irctc,Railway
2026-05-21,527.1500244140625,534.2000122070312,526.0,530.0,695613.0,Irctc,Railway
2026-05-22,530.25,541.4000244140625,527.1500244140625,528.7999877929688,1106967.0,Irctc,Railway
2026-05-25,537.8499755859375,540.2000122070312,533.5499877929688,535.0,814819.0,Irctc,Railway
2026-05-26,537.2000122070312,547.6500244140625,536.2999877929688,544.9000244140625,1238113.0,Irctc,Railway
2026-05-27,523.2000122070312,532.4000244140625,521.5999755859375,532.4000244140625,1866537.0,Irctc,Railway
2026-05-28,523.2000122070312,523.2000122070312,523.2000122070312,523.2000122070312,0.0,Irctc,Railway
2026-05-29,509.8500061035156,527.0499877929688,503.0,525.4500122070312,1654816.0,Irctc,Railway
2026-06-01,512.5999755859375,518.9500122070312,509.6000061035156,512.0999755859375,894925.0,Irctc,Railway
2026-06-02,516.9000244140625,518.9000244140625,508.5,510.75,687193.0,Irctc,Railway
2026-06-03,510.7999877929688,519.5499877929688,510.0,516.0,802284.0,Irctc,Railway
2026-06-04,527.5,531.0,508.2000122070313,508.5,1948929.0,Irctc,Railway
2026-06-05,528.5999755859375,535.0,525.0,530.5,712866.0,Irctc,Railway
2026-06-08,516.0999755859375,522.7000122070312,515.0,521.9500122070312,485087.0,Irctc,Railway
2026-06-09,517.8499755859375,520.0,515.5,517.0,323769.0,Irctc,Railway
2026-06-10,512.3499755859375,519.2999877929688,511.0,518.5,448764.0,Irctc,Railway
2026-06-11,521.0499877929688,531.7000122070312,507.3999938964844,510.0,1845215.0,Irctc,Railway
2026-06-12,521.3499755859375,525.6500244140625,520.0499877929688,524.2999877929688,591021.0,Irctc,Railway
2026-06-15,517.9500122070312,529.8499755859375,517.0,529.5,1350345.0,Irctc,Railway
2026-06-16,522.9000244140625,524.4000244140625,518.5999755859375,520.0,680392.0,Irctc,Railway
2026-06-17,519.9500122070312,525.0,519.0999755859375,525.0,915022.0,Irctc,Railway
2026-06-18,524.0,525.0,518.5,521.0,1060338.0,Irctc,Railway
2026-06-19,519.5999755859375,523.9000244140625,518.5499877929688,523.9000244140625,756287.0,Irctc,Railway
2026-06-22,521.75,526.75,519.7000122070312,519.7000122070312,861709.0,Irctc,Railway
2026-06-23,518.5499877929688,524.0,511.1000061035156,523.0,985511.0,Irctc,Railway
2026-06-24,515.25,519.1500244140625,512.7999877929688,518.5999755859375,574636.0,Irctc,Railway
2026-06-25,514.0999755859375,518.0,513.0999755859375,516.7000122070312,622652.0,Irctc,Railway
2026-06-26,514.0999755859375,514.0999755859375,514.0999755859375,514.0999755859375,0.0,Irctc,Railway
2026-06-29,503.8500061035156,514.0999755859375,501.6000061035156,514.0499877929688,1245805.0,Irctc,Railway
2026-06-30,502.8999938964844,508.5499877929688,501.0,505.0,683811.0,Irctc,Railway
2026-07-01,502.7000122070313,506.8500061035156,502.0,502.8999938964844,553174.0,Irctc,Railway
2026-07-02,506.2000122070313,507.3500061035156,503.6499938964844,504.0499877929688,777478.0,Irctc,Railway
2026-07-03,509.9500122070313,513.9000244140625,506.9500122070313,507.0,595781.0,Irctc,Railway
2026-07-06,508.9500122070313,510.8999938964844,507.7000122070313,509.9500122070313,499406.0,Irctc,Railway
2026-07-07,500.7000122070313,510.6000061035156,500.0,509.0,1288328.0,Irctc,Railway
2026-07-08,498.5,504.0,496.2999877929688,500.0,793969.0,Irctc,Railway
2026-07-09,496.5,500.9500122070313,496.0,498.5,650534.0,Irctc,Railway
2026-07-10,503.25,506.7000122070313,498.5499877929688,499.7999877929688,1046353.0,Irctc,Railway
2026-07-13,502.0499877929688,504.7999877929688,496.8999938964844,500.8500061035156,843555.0,Irctc,Railway
2026-07-14,496.9500122070313,501.3999938964844,496.0499877929688,500.1000061035156,1122129.0,Irctc,Railway
2026-07-15,503.2999877929688,504.75,496.8999938964844,497.5,975081.0,Irctc,Railway
2026-07-16,499.8999938964844,510.4500122070313,499.0,505.0,833287.0,Irctc,Railway
2026-07-17,507.0,509.0,496.7999877929688,499.8999938964844,1670497.0,Irctc,Railway
2026-07-20,504.75,507.0,499.7000122070313,507.0,519486.0,Irctc,Railway
2026-07-21,499.7999877929688,504.1000061035156,498.1499938964844,503.0,738038.0,Irctc,Railway
2026-07-22,494.0499877929688,500.9500122070313,493.1499938964844,500.0,670020.0,Irctc,Railway
2026-07-23,494.0499877929688,495.5,488.5499877929688,493.9500122070313,784431.0,Irctc,Railway
2026-07-24,495.0499877929688,495.75,488.7999877929688,492.2999877929688,498071.0,Irctc,Railway
2026-07-27,494.0,499.7999877929688,493.1000061035156,498.0,517297.0,Irctc,Railway
2026-07-28,485.9500122070313,495.2000122070313,485.2999877929688,494.2000122070313,992713.0,Irctc,Railway
2026-07-29,496.0,498.3999938964844,486.9500122070313,486.9500122070313,844855.0,Irctc,Railway
2026-07-30,493.1499938964844,496.9500122070313,491.5,496.0,523108.0,Irctc,Railway
2026-07-31,489.7999877929688,495.7000122070313,489.0,494.7000122070313,901731.0,Irctc,Railway
2026-08-03,513.5,517.5,493.0,494.3500061035156,2801518.0,Irctc,Railway
2026-08-04,510.25,512.9500122070312,506.3500061035156,512.9500122070312,927912.0,Irctc,Railway
2026-08-05,510.25,512.7000122070312,507.25,510.6000061035156,703305.0,Irctc,Railway
2026-01-01,124.46814727783205,124.8936289609912,122.70685346589649,123.993187995776,16340819.0,Irfc,Railway
2026-01-02,127.12987518310548,127.5949374380156,124.27024509357469,125.12120846442691,25385604.0,Irfc,Railway
2026-01-05,126.25912475585938,127.96105903942214,125.22016312098025,127.64441448491988,15730837.0,Irfc,Railway
2026-01-06,125.88311767578124,128.38653011877676,124.67593676274274,126.65491988596088,14799487.0,Irfc,Railway
2026-01-07,126.69449615478516,127.2783076659258,125.45763922027034,126.16017734112609,10932461.0,Irfc,Railway
2026-01-08,122.96411895751952,127.64441759084131,122.50895372317974,126.69449900266402,13165701.0,Irfc,Railway
2026-01-09,119.9758529663086,123.66665984725954,119.33268193540778,122.92454116911745,14904914.0,Irfc,Railway
2026-01-12,121.34134674072266,121.79651195037412,117.99686800064627,119.97585111176824,16531719.0,Irfc,Railway
2026-01-13,120.05501556396484,122.53863400158136,119.01604638224076,121.80641234402418,11459758.0,Irfc,Railway
2026-01-14,120.72786712646484,121.9944151130508,119.3821580034119,120.05501256493838,11544717.0,Irfc,Railway
2026-01-15,120.72786712646484,120.72786712646484,120.72786712646484,120.72786712646484,0.0,Irfc,Railway
2026-01-16,120.90597534179688,122.5881079631123,120.31227437030066,121.10387063281463,11686581.0,Irfc,Railway
2026-01-19,119.62953186035156,121.36114210115709,118.49161504940648,120.93566042573316,19879572.0,Irfc,Railway
2026-01-20,114.90965270996094,120.17374753306969,114.27637871238556,120.17374753306969,33802202.0,Irfc,Railway
2026-01-21,113.93006134033205,115.92883858446235,112.70309387958838,114.90965590298585,23802894.0,Irfc,Railway
2026-01-22,115.79029846191406,118.08591856789158,114.3951192947487,115.27576617489386,17626259.0,Irfc,Railway
2026-01-23,112.9504623413086,117.04695676884054,112.52498067133683,116.31473513303618,15938677.0,Irfc,Railway
2026-01-27,113.40563201904295,114.18733128301548,111.426648834066,113.74205553686262,18230496.0,Irfc,Railway
2026-01-28,118.88741302490234,119.61963466909904,113.96963873979146,113.96963873979146,23452463.0,Irfc,Railway
2026-01-29,118.79835510253906,120.31227599197317,117.05685538028918,119.7284795911468,19681289.0,Irfc,Railway
2026-01-30,118.8379364013672,119.9758532201032,117.00737850125527,118.64004110646596,19011603.0,Irfc,Railway
2026-02-02,113.7222671508789,114.58312753986426,110.3579942820657,113.78163422969804,26935344.0,Irfc,Railway
2026-02-03,113.91027069091795,118.53119444751027,113.64310374312494,118.53119444751027,17141510.0,Irfc,Railway
2026-02-04,114.78102111816406,115.42419214289464,113.30668080551447,114.38522298377436,14878650.0,Irfc,Railway
2026-02-05,113.50457763671876,115.27576846147548,113.05930944775793,114.78102267408715,10242128.0,Irfc,Railway
2026-02-06,113.32646942138672,113.76184813222956,111.4068533409124,113.29678588186955,13107658.0,Irfc,Railway
2026-02-09,113.8607940673828,114.78102152467883,113.49467947066192,113.7816329303802,9623210.0,Irfc,Railway
2026-02-10,114.24669647216795,115.47366391276675,113.70248063483848,114.23679944262476,12744272.0,Irfc,Railway
2026-02-11,113.12857818603516,114.58313206836274,112.4260400450976,114.24670099357436,10515387.0,Irfc,Railway
2026-02-12,112.33697509765624,112.99993262808484,111.61465048964344,112.99993262808484,10863707.0,Irfc,Railway
2026-02-13,110.2689437866211,111.6641229849753,109.88304267542388,111.6146529356448,13084758.0,Irfc,Railway
2026-02-16,111.99065399169922,112.228129850046,109.40808044086104,110.26894080754757,13966955.0,Irfc,Railway
2026-02-17,111.80265045166016,112.26771269773154,111.12979588166314,111.81254748114848,8157349.0,Irfc,Railway
2026-02-18,112.1192855834961,112.55466428306718,110.85273760207636,111.79275910803923,8573114.0,Irfc,Railway
2026-02-19,110.2095718383789,112.61403673157888,109.58619484726108,112.11929093091403,9987523.0,Irfc,Railway
2026-02-20,110.70431518554688,111.61465317600327,109.40808363228386,110.02157112923165,11560506.0,Irfc,Railway
2026-02-23,110.7142105102539,111.31780096833104,109.63566832894264,110.82305518624956,9897270.0,Irfc,Railway
2026-02-24,108.28996276855467,110.3876801222496,107.90406164974397,110.16999076308012,13884700.0,Irfc,Railway
2026-02-25,103.46123504638672,104.87620827845176,103.30292032246064,104.87620827845176,56904412.0,Irfc,Railway
2026-02-26,102.1452178955078,104.18356811002072,101.46246629777536,103.30292121835905,22825499.0,Irfc,Railway
2026-02-27,102.46185302734376,103.46123405745462,100.660978708222,101.9176296551278,19027229.0,Irfc,Railway
2026-03-02,98.29608917236328,100.28496934654336,96.17857781149914,96.47542830288896,27730177.0,Irfc,Railway
2026-03-04,96.71290588378906,97.59355279486913,95.00108966081304,97.12849808895878,32963143.0,Irfc,Railway
2026-03-05,97.81124114990234,98.20703929165258,95.98068323718186,97.17796714279064,16588277.0,Irfc,Railway
2026-03-06,98.42472839355467,102.01658010112912,97.7221902796379,98.26640611757374,35489993.0,Irfc,Railway
2026-03-09,96.54469299316406,96.92069707519984,94.26885934337594,96.08952777305076,16395706.0,Irfc,Railway
2026-03-10,99.65169525146484,100.05739041937204,97.07901867562586,98.35546370865994,14800530.0,Irfc,Railway
2026-03-11,98.20703887939452,100.72034838735314,97.95966598549178,99.93864913671383,12809686.0,Irfc,Railway
2026-03-12,98.8699951171875,99.8397001701342,96.22805445701876,97.88050355464746,14255322.0,Irfc,Railway
2026-03-13,97.1999969482422,99.68000030517578,97.0,98.6999969482422,11414655.0,Irfc,Railway
2026-03-16,96.44000244140624,97.12999725341795,94.31999969482422,96.9000015258789,16521257.0,Irfc,Railway
2026-03-17,96.73999786376952,97.2300033569336,95.73999786376952,96.4499969482422,9737324.0,Irfc,Railway
2026-03-18,98.25,98.6999969482422,96.80999755859376,97.1999969482422,10580589.0,Irfc,Railway
2026-03-19,95.04000091552734,96.98999786376952,94.72000122070312,96.3000030517578,11287455.0,Irfc,Railway
2026-03-20,94.69000244140624,97.26000213623048,94.4000015258789,95.5,14353015.0,Irfc,Railway
2026-03-23,89.44999694824219,93.6500015258789,89.19999694824219,93.5,17225370.0,Irfc,Railway
2026-03-24,92.87000274658205,93.1999969482422,91.0,91.98999786376952,22201895.0,Irfc,Railway
2026-03-25,95.23999786376952,96.3499984741211,93.8000030517578,93.98999786376952,17788550.0,Irfc,Railway
2026-03-27,92.4499969482422,94.88999938964844,91.91000366210938,94.80999755859376,20674836.0,Irfc,Railway
2026-03-30,87.2300033569336,91.5,87.0,91.4499969482422,25658445.0,Irfc,Railway
2026-04-01,91.98999786376952,92.77999877929688,89.41000366210938,90.83000183105467,20132244.0,Irfc,Railway
2026-04-02,91.83999633789062,92.19000244140624,88.5999984741211,90.0,19173192.0,Irfc,Railway
2026-04-06,92.72000122070312,92.98999786376952,89.3499984741211,91.8000030517578,17311052.0,Irfc,Railway
2026-04-07,92.93000030517578,93.58999633789062,91.58000183105467,92.6999969482422,16955456.0,Irfc,Railway
2026-04-08,98.91000366210938,99.3499984741211,96.29000091552734,97.8000030517578,22586509.0,Irfc,Railway
2026-04-09,98.48999786376952,99.5,97.0999984741211,99.0,16170504.0,Irfc,Railway
2026-04-10,100.26000213623048,102.1999969482422,98.66000366210938,98.9000015258789,20758984.0,Irfc,Railway
2026-04-13,98.91999816894533,99.2300033569336,96.25,97.16999816894533,16069563.0,Irfc,Railway
2026-04-15,101.72000122070312,102.4000015258789,100.5999984741211,101.0,18343826.0,Irfc,Railway
2026-04-16,103.23999786376952,104.8000030517578,102.3000030517578,103.13999938964844,21466219.0,Irfc,Railway
2026-04-17,104.83999633789062,106.77999877929688,103.25,103.75,32766513.0,Irfc,Railway
2026-04-20,103.0199966430664,105.13999938964844,102.3000030517578,105.13999938964844,15091460.0,Irfc,Railway
2026-04-21,103.61000061035156,104.08999633789062,102.95999908447266,103.0199966430664,9274364.0,Irfc,Railway
2026-04-22,105.81999969482422,106.66000366210938,102.98999786376952,103.11000061035156,21953698.0,Irfc,Railway
2026-04-23,105.05999755859376,108.37999725341795,104.5500030517578,106.0,41805252.0,Irfc,Railway
2026-04-24,103.91999816894533,105.77999877929688,103.01000213623048,105.0500030517578,14644667.0,Irfc,Railway
2026-04-27,105.56999969482422,106.22000122070312,104.41000366210938,104.75,13917554.0,Irfc,Railway
2026-04-28,105.13999938964844,106.75,104.77999877929688,105.58000183105467,13405170.0,Irfc,Railway
2026-04-29,105.08000183105467,106.0,104.7699966430664,105.51000213623048,9523095.0,Irfc,Railway
2026-04-30,104.20999908447266,105.06999969482422,103.0999984741211,105.0500030517578,8356443.0,Irfc,Railway
2026-05-01,104.20999908447266,104.20999908447266,104.20999908447266,104.20999908447266,0.0,Irfc,Railway
2026-05-04,104.41000366210938,105.66000366210938,103.31999969482422,104.8000030517578,10793514.0,Irfc,Railway
2026-05-05,105.81999969482422,106.63999938964844,104.0,104.41000366210938,20280569.0,Irfc,Railway
2026-05-06,106.73999786376952,106.9499969482422,105.0,106.45999908447266,12144328.0,Irfc,Railway
2026-05-07,106.7699966430664,107.66000366210938,106.30999755859376,107.2699966430664,11251343.0,Irfc,Railway
2026-05-08,106.02999877929688,106.9000015258789,105.6500015258789,106.66999816894533,6764649.0,Irfc,Railway
2026-05-11,103.08000183105467,105.1500015258789,102.8000030517578,105.1500015258789,8606056.0,Irfc,Railway
2026-05-12,99.36000061035156,103.0500030517578,99.16999816894533,102.45999908447266,10677665.0,Irfc,Railway
2026-05-13,101.4800033569336,101.97000122070312,99.5,99.5,11227661.0,Irfc,Railway
2026-05-14,100.19000244140624,103.62999725341795,99.58000183105467,102.29000091552734,18308366.0,Irfc,Railway
2026-05-15,98.86000061035156,100.93000030517578,98.5,100.58000183105467,13415868.0,Irfc,Railway
2026-05-18,97.66000366210938,98.0199966430664,95.16999816894533,98.0,13047543.0,Irfc,Railway
2026-05-19,97.22000122070312,98.4800033569336,96.9000015258789,98.0,8673912.0,Irfc,Railway
2026-05-20,97.12999725341795,97.3000030517578,95.6500015258789,96.1999969482422,6536277.0,Irfc,Railway
2026-05-21,98.16999816894533,98.52999877929688,97.55999755859376,98.0,8098653.0,Irfc,Railway
2026-05-22,98.19000244140624,98.41000366210938,97.4000015258789,98.16999816894533,6016639.0,Irfc,Railway
2026-05-25,100.4499969482422,101.08000183105467,98.98999786376952,99.0,13515986.0,Irfc,Railway
2026-05-26,99.27999877929688,100.83000183105467,99.0,100.5,8488045.0,Irfc,Railway
2026-05-27,99.19000244140624,99.94000244140624,98.83000183105467,99.1999969482422,6755352.0,Irfc,Railway
2026-05-28,99.19000244140624,99.19000244140624,99.19000244140624,99.19000244140624,0.0,Irfc,Railway
2026-05-29,97.51000213623048,100.13999938964844,97.0199966430664,99.23999786376952,9652408.0,Irfc,Railway
2026-06-01,96.2699966430664,98.4000015258789,96.0999984741211,98.1999969482422,7942957.0,Irfc,Railway
2026-06-02,96.66999816894533,97.0,94.5500030517578,95.6999969482422,7592689.0,Irfc,Railway
2026-06-03,95.75,96.72000122070312,94.63999938964844,96.66999816894533,9801364.0,Irfc,Railway
2026-06-04,96.05999755859376,96.6500015258789,95.1999969482422,95.23999786376952,6298168.0,Irfc,Railway
2026-06-05,96.47000122070312,97.68000030517578,95.8000030517578,96.5,8112711.0,Irfc,Railway
2026-06-08,94.6999969482422,95.87000274658205,94.33999633789062,95.87000274658205,6307285.0,Irfc,Railway
2026-06-09,96.01000213623048,96.1999969482422,95.0,95.20999908447266,6794999.0,Irfc,Railway
2026-06-10,94.8000030517578,98.0,94.5,97.0,14178158.0,Irfc,Railway
2026-06-11,93.33000183105467,94.3000030517578,92.66999816894533,94.29000091552734,9304606.0,Irfc,Railway
2026-06-12,95.88999938964844,96.0999984741211,93.91000366210938,94.43000030517578,9874699.0,Irfc,Railway
2026-06-15,97.08000183105467,98.8000030517578,96.8499984741211,97.41999816894533,10848353.0,Irfc,Railway
2026-06-16,97.62999725341795,98.25,97.0500030517578,97.75,6900639.0,Irfc,Railway
2026-06-17,100.44000244140624,100.97000122070312,97.51000213623048,97.88999938964844,19849822.0,Irfc,Railway
2026-06-18,100.12999725341795,100.8000030517578,99.41000366210938,100.5199966430664,10858323.0,Irfc,Railway
2026-06-19,99.51000213623048,100.8000030517578,98.83999633789062,99.01000213623048,13152144.0,Irfc,Railway
2026-06-22,100.9000015258789,101.1999969482422,99.8499984741211,99.8499984741211,10258970.0,Irfc,Railway
2026-06-23,98.66999816894533,101.0,98.1999969482422,100.9000015258789,9887408.0,Irfc,Railway
2026-06-24,92.5,94.75,91.91000366210938,94.0,80616106.0,Irfc,Railway
2026-06-25,91.7699966430664,92.25,91.01000213623048,91.01000213623048,50633854.0,Irfc,Railway
2026-06-26,91.7699966430664,91.7699966430664,91.7699966430664,91.7699966430664,0.0,Irfc,Railway
2026-06-29,90.61000061035156,92.19000244140624,90.3499984741211,91.8000030517578,19510430.0,Irfc,Railway
2026-06-30,90.52999877929688,91.4000015258789,90.19000244140624,90.9499969482422,21360621.0,Irfc,Railway
2026-07-01,91.18000030517578,91.91999816894533,90.4499969482422,90.9800033569336,13666959.0,Irfc,Railway
2026-07-02,90.83000183105467,91.88999938964844,90.4499969482422,91.5999984741211,11833722.0,Irfc,Railway
2026-07-03,90.56999969482422,91.58999633789062,90.3000030517578,91.4000015258789,11864556.0,Irfc,Railway
2026-07-06,90.23999786376952,90.54000091552734,89.5999984741211,90.5,7950908.0,Irfc,Railway
2026-07-07,89.91999816894531,90.61000061035156,89.6500015258789,90.61000061035156,6905670.0,Irfc,Railway
2026-07-08,87.5,89.48999786376953,86.93000030517578,89.48999786376953,14036436.0,Irfc,Railway
2026-07-09,88.12000274658203,88.58000183105469,87.55000305175781,87.70999908447266,6991080.0,Irfc,Railway
2026-07-10,89.9000015258789,90.0,88.30999755859375,88.41000366210938,9078755.0,Irfc,Railway
2026-07-13,89.75,89.9000015258789,88.72000122070312,89.9000015258789,6101114.0,Irfc,Railway
2026-07-14,88.70999908447266,89.5999984741211,88.51000213623047,89.5,6693634.0,Irfc,Railway
2026-07-15,88.87000274658203,90.0,88.5999984741211,88.80000305175781,7302377.0,Irfc,Railway
2026-07-16,88.41000366210938,89.36000061035156,88.25,88.87000274658203,6202992.0,Irfc,Railway
2026-07-17,88.41000366210938,88.80000305175781,87.91999816894531,88.5,5054877.0,Irfc,Railway
2026-07-20,88.72000122070312,89.1500015258789,87.63999938964844,88.37999725341797,5972073.0,Irfc,Railway
2026-07-21,88.30999755859375,89.0999984741211,88.0,88.69999694824219,5351993.0,Irfc,Railway
2026-07-22,87.38999938964844,88.37999725341797,87.16999816894531,88.30999755859375,5926795.0,Irfc,Railway
2026-07-23,87.02999877929688,87.87000274658203,86.51000213623047,87.0,6291068.0,Irfc,Railway
2026-07-24,87.62000274658203,87.8499984741211,86.0199966430664,86.5,6225546.0,Irfc,Railway
2026-07-27,88.12999725341797,88.52999877929688,88.0,88.0999984741211,5143354.0,Irfc,Railway
2026-07-28,87.1500015258789,88.4000015258789,87.0,88.12999725341797,6530263.0,Irfc,Railway
2026-07-29,89.12999725341797,89.63999938964844,87.3499984741211,87.4000015258789,10298238.0,Irfc,Railway
2026-07-30,88.91999816894531,89.4000015258789,87.63999938964844,89.4000015258789,15815613.0,Irfc,Railway
2026-07-31,89.1500015258789,89.87999725341797,88.43000030517578,89.5,12049926.0,Irfc,Railway
2026-08-03,90.25,90.8499984741211,89.41999816894531,89.5,11813006.0,Irfc,Railway
2026-08-04,89.5999984741211,90.48999786376952,89.55000305175781,90.38999938964844,6727736.0,Irfc,Railway
2026-08-05,88.9000015258789,90.58000183105467,88.5,89.80999755859375,7061907.0,Irfc,Railway
2026-01-01,360.3683776855469,364.2561632276205,354.3871597986498,358.07558966438864,7782539.0,Railvikasnigam,Railway
2026-01-02,364.7047729492188,367.29664016209216,359.5210385234719,362.36212315254375,7088047.0,Railvikasnigam,Railway
2026-01-05,359.86993408203125,371.7326765172235,357.3279287109353,364.9041135118671,6255317.0,Railvikasnigam,Railway
2026-01-06,357.1783752441406,366.5988053896617,353.2905897826093,360.7671119863414,5660162.0,Railvikasnigam,Railway
2026-01-07,356.2811889648437,364.7545805650638,355.1347950092231,357.6768003204708,7777810.0,Railvikasnigam,Railway
2026-01-08,341.4776916503906,359.62073172611275,339.93255583812737,356.28121226323475,8367219.0,Railvikasnigam,Railway
2026-01-09,331.1600952148437,349.2532724756644,329.2660186261911,342.92314439443925,10019235.0,Railvikasnigam,Railway
2026-01-12,330.61181640625,332.8547731395652,322.08859298847136,332.4062000461308,9252024.0,Railvikasnigam,Railway
2026-01-13,329.1663513183594,336.5930115226247,324.03244858393265,332.9544435976582,7141388.0,Railvikasnigam,Railway
2026-01-14,337.240966796875,340.82970336983414,326.9732222901192,328.46852666034846,10947879.0,Railvikasnigam,Railway
2026-01-15,337.240966796875,337.240966796875,337.240966796875,337.240966796875,0.0,Railvikasnigam,Railway
2026-01-16,334.1008605957031,343.8702015207656,332.4560317404672,339.93255419340124,6964569.0,Railvikasnigam,Railway
2026-01-19,330.2629089355469,336.64289915023915,328.76760443311235,331.9077682258632,5086365.0,Railvikasnigam,Railway
2026-01-20,319.2973327636719,330.5121161869954,317.95158309051067,330.2628987775882,7883696.0,Railvikasnigam,Railway
2026-01-21,316.1073608398437,323.1352794531943,312.8176728587921,317.00453740847735,8128372.0,Railvikasnigam,Railway
2026-01-22,327.9700927734375,329.4653971477845,318.350307382881,321.5901335272995,7930048.0,Railvikasnigam,Railway
2026-01-23,324.13214111328125,333.7519265726449,322.3876193307318,329.9638342993557,6752882.0,Railvikasnigam,Railway
2026-01-27,322.8860778808594,327.2722983152741,320.0449932558477,326.873556534336,6925291.0,Railvikasnigam,Railway
2026-01-28,341.4278564453125,343.12254702568487,325.4779419836337,327.37198824154854,12410845.0,Railvikasnigam,Railway
2026-01-29,340.3811340332031,351.6955795539962,330.1632207249298,347.4588837920292,27044493.0,Railvikasnigam,Railway
2026-01-30,342.32501220703125,343.82031659677256,330.7613188419561,336.8422294446465,14048559.0,Railvikasnigam,Railway
2026-02-02,321.7894897460937,324.4810497933824,311.0731417114429,318.9982670779796,15366228.0,Railvikasnigam,Railway
2026-02-03,323.6337280273437,337.9388136882315,321.9888991778725,333.3532071820938,9101195.0,Railvikasnigam,Railway
2026-02-04,319.9951477050781,322.88606351582376,317.75219106228553,322.68670784524784,7624858.0,Railvikasnigam,Railway
2026-02-05,315.6089172363281,323.185132179722,315.0107893998939,319.9951373334365,5886319.0,Railvikasnigam,Railway
2026-02-06,313.11676025390625,315.26002389717723,309.5280234626831,314.26315425639564,6474773.0,Railvikasnigam,Railway
2026-02-09,316.25689697265625,321.49046264359856,313.5155054307341,314.0139402565381,6233149.0,Railvikasnigam,Railway
2026-02-10,318.45001220703125,323.7832403352086,315.55906597203665,318.0014087093124,9489579.0,Railvikasnigam,Railway
2026-02-11,316.54998779296875,319.29998779296875,313.20001220703125,316.5,5142291.0,Railvikasnigam,Railway
2026-02-12,313.70001220703125,315.8999938964844,309.1000061035156,315.8999938964844,9189505.0,Railvikasnigam,Railway
2026-02-13,308.95001220703125,311.45001220703125,306.0,309.95001220703125,8168629.0,Railvikasnigam,Railway
2026-02-16,309.6499938964844,311.8999938964844,304.1000061035156,306.5,5843907.0,Railvikasnigam,Railway
2026-02-17,308.75,311.70001220703125,307.20001220703125,308.95001220703125,4740580.0,Railvikasnigam,Railway
2026-02-18,309.6499938964844,311.5,306.79998779296875,308.79998779296875,5539696.0,Railvikasnigam,Railway
2026-02-19,306.8500061035156,314.45001220703125,305.0,310.8999938964844,8070615.0,Railvikasnigam,Railway
2026-02-20,312.1000061035156,313.8999938964844,303.0,305.5,9829650.0,Railvikasnigam,Railway
2026-02-23,319.20001220703125,320.8999938964844,310.0,313.0,8267917.0,Railvikasnigam,Railway
2026-02-24,321.6499938964844,322.5,313.8500061035156,318.29998779296875,6655071.0,Railvikasnigam,Railway
2026-02-25,317.6000061035156,324.0,315.0,324.0,6473531.0,Railvikasnigam,Railway
2026-02-26,318.29998779296875,321.0,316.29998779296875,319.0,6016159.0,Railvikasnigam,Railway
2026-02-27,316.3500061035156,320.8999938964844,314.0,318.29998779296875,5445951.0,Railvikasnigam,Railway
2026-03-02,299.45001220703125,307.95001220703125,295.20001220703125,295.79998779296875,9578303.0,Railvikasnigam,Railway
2026-03-04,282.04998779296875,294.6499938964844,271.25,293.8999938964844,9465512.0,Railvikasnigam,Railway
2026-03-05,279.25,287.3999938964844,275.1000061035156,283.29998779296875,8717645.0,Railvikasnigam,Railway
2026-03-06,286.0,298.3999938964844,278.75,279.25,19912627.0,Railvikasnigam,Railway
2026-03-09,276.20001220703125,281.70001220703125,272.79998779296875,280.8999938964844,6579815.0,Railvikasnigam,Railway
2026-03-10,283.6000061035156,285.0,278.0,281.8999938964844,5919804.0,Railvikasnigam,Railway
2026-03-11,277.20001220703125,288.8999938964844,275.5,285.0,6071568.0,Railvikasnigam,Railway
2026-03-12,279.6000061035156,284.3500061035156,270.95001220703125,275.70001220703125,6945305.0,Railvikasnigam,Railway
2026-03-13,271.25,280.3500061035156,270.3500061035156,278.0,4564446.0,Railvikasnigam,Railway
2026-03-16,266.70001220703125,271.8999938964844,260.70001220703125,271.25,6663574.0,Railvikasnigam,Railway
2026-03-17,267.79998779296875,271.79998779296875,263.54998779296875,270.0,5878865.0,Railvikasnigam,Railway
2026-03-18,275.1000061035156,277.45001220703125,268.0,268.0,5660387.0,Railvikasnigam,Railway
2026-03-19,262.3500061035156,270.0,261.25,268.70001220703125,5522133.0,Railvikasnigam,Railway
2026-03-20,264.54998779296875,270.54998779296875,262.8999938964844,265.45001220703125,4440790.0,Railvikasnigam,Railway
2026-03-23,250.25,260.75,249.1000061035156,260.70001220703125,6637313.0,Railvikasnigam,Railway
2026-03-24,258.45001220703125,261.5,254.6000061035156,259.0,7204605.0,Railvikasnigam,Railway
2026-03-25,268.8500061035156,273.3999938964844,261.29998779296875,262.95001220703125,9706528.0,Railvikasnigam,Railway
2026-03-27,264.04998779296875,268.20001220703125,261.6000061035156,266.29998779296875,8339136.0,Railvikasnigam,Railway
2026-03-30,249.6499938964844,261.1000061035156,248.0,260.0,9646699.0,Railvikasnigam,Railway
2026-04-01,262.6099853515625,265.25,257.0,259.8999938964844,6682134.0,Railvikasnigam,Railway
2026-04-02,260.6600036621094,262.2300109863281,251.0,256.0199890136719,6288152.0,Railvikasnigam,Railway
2026-04-06,261.54998779296875,266.3699951171875,253.67999267578125,261.8999938964844,8409559.0,Railvikasnigam,Railway
2026-04-07,261.260009765625,263.8999938964844,256.8399963378906,259.54998779296875,6242256.0,Railvikasnigam,Railway
2026-04-08,274.94000244140625,276.4800109863281,271.1499938964844,275.0,7152702.0,Railvikasnigam,Railway
2026-04-09,272.8299865722656,277.0599975585937,268.6300048828125,275.5400085449219,7863358.0,Railvikasnigam,Railway
2026-04-10,275.0,282.5,273.45001220703125,274.010009765625,7566878.0,Railvikasnigam,Railway
2026-04-13,271.7900085449219,272.989990234375,264.20001220703125,268.8999938964844,4822162.0,Railvikasnigam,Railway
2026-04-15,287.0599975585937,288.8500061035156,276.75,278.0,14149575.0,Railvikasnigam,Railway
2026-04-16,293.8900146484375,298.6700134277344,287.1199951171875,291.3999938964844,16534179.0,Railvikasnigam,Railway
2026-04-17,303.0599975585937,311.8500061035156,298.8500061035156,300.0,38682777.0,Railvikasnigam,Railway
2026-04-20,296.3299865722656,304.5,295.0,304.5,7409927.0,Railvikasnigam,Railway
2026-04-21,298.8599853515625,300.9800109863281,294.260009765625,296.0,5053668.0,Railvikasnigam,Railway
2026-04-22,307.4100036621094,308.3299865722656,297.0,297.1099853515625,10257184.0,Railvikasnigam,Railway
2026-04-23,307.2099914550781,311.29998779296875,304.7900085449219,306.5,12434990.0,Railvikasnigam,Railway
2026-04-24,303.44000244140625,309.8800048828125,301.0,308.6499938964844,7153014.0,Railvikasnigam,Railway
2026-04-27,305.95001220703125,310.20001220703125,305.010009765625,305.25,6622709.0,Railvikasnigam,Railway
2026-04-28,308.6300048828125,311.0,305.20001220703125,306.0,5498448.0,Railvikasnigam,Railway
2026-04-29,302.29998779296875,311.45001220703125,301.1000061035156,310.010009765625,6890706.0,Railvikasnigam,Railway
2026-04-30,297.6499938964844,301.0,294.0,300.20001220703125,5939952.0,Railvikasnigam,Railway
2026-05-01,297.6499938964844,297.6499938964844,297.6499938964844,297.6499938964844,0.0,Railvikasnigam,Railway
2026-05-04,296.6499938964844,303.3999938964844,292.6000061035156,299.3999938964844,5166839.0,Railvikasnigam,Railway
2026-05-05,300.45001220703125,304.6000061035156,295.45001220703125,296.0,7031295.0,Railvikasnigam,Railway
2026-05-06,305.1000061035156,306.20001220703125,299.29998779296875,303.0,5508025.0,Railvikasnigam,Railway
2026-05-07,308.70001220703125,310.0,303.3999938964844,306.5,7369135.0,Railvikasnigam,Railway
2026-05-08,305.0,309.3500061035156,303.5,308.3999938964844,5172774.0,Railvikasnigam,Railway
2026-05-11,295.3999938964844,303.45001220703125,294.25,303.45001220703125,4174262.0,Railvikasnigam,Railway
2026-05-12,283.29998779296875,296.54998779296875,282.29998779296875,294.0,4640229.0,Railvikasnigam,Railway
2026-05-13,285.0,291.3500061035156,283.70001220703125,283.70001220703125,6906724.0,Railvikasnigam,Railway
2026-05-14,287.20001220703125,291.3500061035156,281.1000061035156,287.1499938964844,5258586.0,Railvikasnigam,Railway
2026-05-15,283.0,288.5,281.5,287.8999938964844,3490324.0,Railvikasnigam,Railway
2026-05-18,276.79998779296875,280.45001220703125,271.1000061035156,280.0,5295517.0,Railvikasnigam,Railway
2026-05-19,271.54998779296875,278.29998779296875,270.3500061035156,276.8500061035156,5336823.0,Railvikasnigam,Railway
2026-05-20,269.6000061035156,270.6499938964844,264.54998779296875,270.1000061035156,6452689.0,Railvikasnigam,Railway
2026-05-21,270.75,275.0,269.3500061035156,273.5,5924922.0,Railvikasnigam,Railway
2026-05-22,271.1000061035156,273.95001220703125,267.70001220703125,271.5,7245031.0,Railvikasnigam,Railway
2026-05-25,272.45001220703125,275.8500061035156,272.0,274.1499938964844,7242974.0,Railvikasnigam,Railway
2026-05-26,259.75,266.8999938964844,259.0,263.95001220703125,21022452.0,Railvikasnigam,Railway
2026-05-27,252.3000030517578,259.75,251.3000030517578,259.75,14271574.0,Railvikasnigam,Railway
2026-05-28,252.3000030517578,252.3000030517578,252.3000030517578,252.3000030517578,0.0,Railvikasnigam,Railway
2026-05-29,245.4499969482422,255.1999969482422,243.0,251.8000030517578,62620879.0,Railvikasnigam,Railway
2026-06-01,241.55999755859372,249.80999755859372,240.8000030517578,248.1000061035156,9432010.0,Railvikasnigam,Railway
2026-06-02,240.75,241.75,232.72999572753903,240.0,15130810.0,Railvikasnigam,Railway
2026-06-03,239.0200042724609,241.5200042724609,233.0500030517578,241.3999938964844,13120281.0,Railvikasnigam,Railway
2026-06-04,236.4600067138672,240.6699981689453,235.8500061035156,237.0,12057009.0,Railvikasnigam,Railway
2026-06-05,235.6100006103516,238.6100006103516,233.8000030517578,237.0200042724609,11139995.0,Railvikasnigam,Railway
2026-06-08,228.22999572753903,233.88999938964844,227.00999450683597,231.9900054931641,8058747.0,Railvikasnigam,Railway
2026-06-09,233.88999938964844,236.3999938964844,231.25,232.0,11229522.0,Railvikasnigam,Railway
2026-06-10,228.1699981689453,235.6000061035156,227.55999755859372,234.5,5304890.0,Railvikasnigam,Railway
2026-06-11,222.19000244140625,226.9900054931641,221.5500030517578,226.9900054931641,5624143.0,Railvikasnigam,Railway
2026-06-12,233.25999450683597,234.0,225.1000061035156,228.5,7558813.0,Railvikasnigam,Railway
2026-06-15,239.6999969482422,243.3999938964844,239.0,242.0,9213758.0,Railvikasnigam,Railway
2026-06-16,241.13999938964844,243.58999633789065,239.6499938964844,241.8000030517578,3985588.0,Railvikasnigam,Railway
2026-06-17,245.13999938964844,246.47999572753903,240.05999755859372,242.1999969482422,7044376.0,Railvikasnigam,Railway
2026-06-18,247.5800018310547,251.3800048828125,245.2899932861328,251.0200042724609,17276217.0,Railvikasnigam,Railway
2026-06-19,243.9900054931641,246.5,242.2899932861328,246.5,5474304.0,Railvikasnigam,Railway
2026-06-22,246.19000244140625,250.8999938964844,245.0,249.0,12856293.0,Railvikasnigam,Railway
2026-06-23,240.1300048828125,246.2899932861328,239.00999450683597,246.19000244140625,5117559.0,Railvikasnigam,Railway
2026-06-24,239.94000244140625,241.25,235.44000244140625,239.0,6070613.0,Railvikasnigam,Railway
2026-06-25,240.8500061035156,245.3800048828125,240.0500030517578,240.9600067138672,8000208.0,Railvikasnigam,Railway
2026-06-26,240.8500061035156,240.8500061035156,240.8500061035156,240.8500061035156,0.0,Railvikasnigam,Railway
2026-06-29,237.50999450683597,240.77999877929688,236.77999877929688,240.25,3979891.0,Railvikasnigam,Railway
2026-06-30,235.8300018310547,238.8800048828125,235.3000030517578,238.0,4559478.0,Railvikasnigam,Railway
2026-07-01,237.6100006103516,241.19000244140625,235.1100006103516,236.1999969482422,5837009.0,Railvikasnigam,Railway
2026-07-02,236.8500061035156,239.3000030517578,236.38999938964844,238.3999938964844,2322672.0,Railvikasnigam,Railway
2026-07-03,235.7700042724609,238.47999572753903,235.17999267578125,237.3500061035156,2468195.0,Railvikasnigam,Railway
2026-07-06,233.83999633789065,235.5,232.9199981689453,235.16000366210935,2637860.0,Railvikasnigam,Railway
2026-07-07,232.66000366210935,234.3000030517578,231.4499969482422,233.5,2061214.0,Railvikasnigam,Railway
2026-07-08,224.72999572753903,230.97999572753903,223.55999755859372,230.41000366210935,4116538.0,Railvikasnigam,Railway
2026-07-09,226.22999572753903,228.3500061035156,223.9900054931641,225.0,2296275.0,Railvikasnigam,Railway
2026-07-10,232.6699981689453,236.88999938964844,226.9900054931641,226.9900054931641,6855244.0,Railvikasnigam,Railway
2026-07-13,231.5399932861328,231.8699951171875,228.6499938964844,230.41000366210935,4443741.0,Railvikasnigam,Railway
2026-07-14,227.30999755859372,230.2100067138672,226.1100006103516,229.3999938964844,3628384.0,Railvikasnigam,Railway
2026-07-15,226.97000122070312,232.1999969482422,226.5,227.3000030517578,4735208.0,Railvikasnigam,Railway
2026-07-16,226.3999938964844,230.3000030517578,226.0399932861328,227.8999938964844,3847258.0,Railvikasnigam,Railway
2026-07-17,225.44000244140625,227.88999938964844,224.5,227.3999938964844,3890424.0,Railvikasnigam,Railway
2026-07-20,226.8699951171875,227.5,223.5,225.44000244140625,3555757.0,Railvikasnigam,Railway
2026-07-21,225.25999450683597,228.3699951171875,223.63999938964844,226.0,3466548.0,Railvikasnigam,Railway
2026-07-22,223.1100006103516,225.50999450683597,222.1000061035156,225.0,3034876.0,Railvikasnigam,Railway
2026-07-23,224.1300048828125,226.1999969482422,221.2100067138672,221.6100006103516,3963760.0,Railvikasnigam,Railway
2026-07-24,224.52999877929688,225.97999572753903,220.83999633789065,221.8999938964844,5204038.0,Railvikasnigam,Railway
2026-07-27,223.9499969482422,227.6000061035156,223.55999755859372,226.02999877929688,3968892.0,Railvikasnigam,Railway
2026-07-28,221.33999633789065,224.4900054931641,220.16000366210935,224.4900054931641,3463190.0,Railvikasnigam,Railway
2026-07-29,224.8300018310547,228.3999938964844,224.00999450683597,224.1999969482422,10091069.0,Railvikasnigam,Railway
2026-07-30,222.8800048828125,224.4499969482422,222.00999450683597,224.0,3000955.0,Railvikasnigam,Railway
2026-07-31,225.47999572753903,226.5200042724609,222.1000061035156,223.9499969482422,4389129.0,Railvikasnigam,Railway
2026-08-03,232.8999938964844,234.6999969482422,225.6999969482422,225.6999969482422,8366055.0,Railvikasnigam,Railway
2026-08-04,231.3999938964844,235.1999969482422,229.8000030517578,232.8999938964844,4277319.0,Railvikasnigam,Railway
2026-08-05,229.0,234.42999267578125,228.16000366210935,232.6999969482422,2738365.0,Railvikasnigam,Railway
2026-01-01,176.58499145507812,178.28159516451197,174.1343500632242,176.20798018346355,3712327.0,Ircon,Railway
2026-01-02,177.81527709960938,180.94058138345255,176.5155472854448,177.3688072218019,6334893.0,Ircon,Railway
2026-01-05,175.6325225830078,179.38289375544758,174.83878995018023,177.81527596889055,2913926.0,Ircon,Railway
2026-01-06,175.87063598632812,180.1071720933688,174.4220879004864,176.0095380649594,4488652.0,Ircon,Railway
2026-01-07,176.0293731689453,178.04346073709578,174.4816029332425,175.87062362190142,2786316.0,Ircon,Railway
2026-01-08,168.4492645263672,177.20014070473945,167.1296872388734,176.40640807041052,4029278.0,Ircon,Railway
2026-01-09,162.46652221679688,168.6675345151479,161.07750151764233,167.33804111178708,5348161.0,Ircon,Railway
2026-01-12,162.4863739013672,163.6472016169657,157.85297920879864,162.37723547652337,4064090.0,Ircon,Railway
2026-01-13,160.97828674316406,165.17512782267187,159.13286479188125,164.053995041699,2820224.0,Ircon,Railway
2026-01-14,163.67697143554688,166.40541702030248,159.8769890408025,159.8769890408025,6156105.0,Ircon,Railway
2026-01-15,163.67697143554688,163.67697143554688,163.67697143554688,163.67697143554688,0.0,Ircon,Railway
2026-01-16,161.21640014648438,164.96677109334232,160.7302353425621,164.4309951642541,2569432.0,Ircon,Railway
2026-01-19,159.5098876953125,162.4169150651066,159.12294512399407,160.6707154092678,2524391.0,Ircon,Railway
2026-01-20,154.2514190673828,159.9365027831038,153.39815918763773,159.5098804128262,3495544.0,Ircon,Railway
2026-01-21,151.62220764160156,154.96578881500992,150.41176876224716,153.88433584320362,4014642.0,Ircon,Railway
2026-01-22,156.60284423828125,157.7537557754576,153.04098634191405,154.1819665701484,2759508.0,Ircon,Railway
2026-01-23,151.68173217773438,158.15061755049203,150.16372552113162,157.52556578195552,2801912.0,Ircon,Railway
2026-01-27,153.69581604003906,155.75951477628098,148.92351933587543,151.00705041151122,3164711.0,Ircon,Railway
2026-01-28,162.45660400390625,163.6075003662201,155.17412374653472,155.61067742911823,5234701.0,Ircon,Railway
2026-01-29,160.7401580810547,165.7902741012128,158.95427861561495,163.70672787261242,3492098.0,Ircon,Railway
2026-01-30,162.71456909179688,164.43100512434057,157.05924868168844,159.1427798121543,4458462.0,Ircon,Railway
2026-02-02,153.4775390625,155.07492045538916,147.17730443571094,153.7851068539374,4326765.0,Ircon,Railway
2026-02-03,153.48745727539062,160.82946510644143,152.94176515145182,157.35689813125526,2860732.0,Ircon,Railway
2026-02-04,156.18614196777344,157.44619196082058,152.15796662505238,153.5073075656911,2747586.0,Ircon,Railway
2026-02-05,153.00131225585938,156.65246123435074,152.33655037784055,156.16629639288368,1254127.0,Ircon,Railway
2026-02-06,151.9793701171875,152.64413198940312,149.82638036238447,152.64413198940312,1643837.0,Ircon,Railway
2026-02-09,155.24359130859375,156.10676741493648,152.54490942343097,152.99137930122234,2071686.0,Ircon,Railway
2026-02-10,158.4185028076172,163.01221765660858,156.07699991036426,156.56316473459393,5624504.0,Ircon,Railway
2026-02-11,155.20388793945312,160.33337858864488,154.41017048381025,160.33337858864488,2388907.0,Ircon,Railway
2026-02-12,153.25926208496094,156.5333996430225,152.53498807936964,155.75951451065038,2580076.0,Ircon,Railway
2026-02-13,151.691650390625,152.89217309415687,150.08435276532614,152.7631871872212,1429611.0,Ircon,Railway
2026-02-16,151.90000915527344,152.69372664862152,149.86607401538973,151.69164847279555,1472870.0,Ircon,Railway
2026-02-17,152.14999389648438,153.89999389648438,151.60000610351562,152.14999389648438,1356365.0,Ircon,Railway
2026-02-18,151.9499969482422,153.89999389648438,151.6199951171875,152.5,1308355.0,Ircon,Railway
2026-02-19,149.3800048828125,153.3800048828125,148.5,152.3000030517578,1442457.0,Ircon,Railway
2026-02-20,149.83999633789062,151.08999633789062,147.7100067138672,149.99000549316406,1450655.0,Ircon,Railway
2026-02-23,149.58999633789062,151.69000244140625,149.05999755859375,151.00999450683594,1520161.0,Ircon,Railway
2026-02-24,148.02999877929688,149.5,147.14999389648438,149.5,993091.0,Ircon,Railway
2026-02-25,146.77000427246094,149.39999389648438,146.3000030517578,148.41000366210938,1065971.0,Ircon,Railway
2026-02-26,145.1199951171875,148.60000610351562,144.75999450683594,147.0,1391811.0,Ircon,Railway
2026-02-27,143.61000061035156,144.8699951171875,142.7100067138672,144.10000610351562,1554338.0,Ircon,Railway
2026-03-02,136.2100067138672,140.60000610351562,134.52000427246094,136.0,3862229.0,Ircon,Railway
2026-03-04,130.60000610351562,135.4600067138672,130.0,135.4600067138672,2948402.0,Ircon,Railway
2026-03-05,133.66000366210938,134.4499969482422,130.6199951171875,132.0,2404260.0,Ircon,Railway
2026-03-06,146.9499969482422,150.3000030517578,132.1300048828125,133.0,67115792.0,Ircon,Railway
2026-03-09,138.88999938964844,143.49000549316406,136.8000030517578,143.44000244140625,6735365.0,Ircon,Railway
2026-03-10,140.1699981689453,142.0,136.89999389648438,142.0,4031141.0,Ircon,Railway
2026-03-11,137.16000366210938,142.9499969482422,136.05999755859375,141.0500030517578,2838072.0,Ircon,Railway
2026-03-12,136.5500030517578,138.25,133.0,136.8300018310547,3202461.0,Ircon,Railway
2026-03-13,130.22000122070312,136.2899932861328,129.80999755859375,134.55999755859375,3252843.0,Ircon,Railway
2026-03-16,125.83000183105467,130.5,123.70999908447266,130.22000122070312,4930944.0,Ircon,Railway
2026-03-17,126.5199966430664,127.5,124.2699966430664,127.0,3015815.0,Ircon,Railway
2026-03-18,129.75,131.17999267578125,126.61000061035156,127.77999877929688,4377048.0,Ircon,Railway
2026-03-19,124.18000030517578,127.05999755859376,124.0,125.6500015258789,2636010.0,Ircon,Railway
2026-03-20,123.68000030517578,127.47000122070312,123.19000244140624,125.01000213623048,2683581.0,Ircon,Railway
2026-03-23,115.23999786376952,122.0,114.5,122.0,4720612.0,Ircon,Railway
2026-03-24,118.62000274658205,119.98999786376952,115.6999969482422,118.83999633789062,4898445.0,Ircon,Railway
2026-03-25,123.81999969482422,127.3499984741211,120.0,120.0,9955711.0,Ircon,Railway
2026-03-27,121.23999786376952,125.23999786376952,120.01000213623048,123.4000015258789,5654238.0,Ircon,Railway
2026-03-30,115.33000183105467,121.6500015258789,114.6999969482422,119.4000015258789,5425226.0,Ircon,Railway
2026-04-01,125.4000015258789,126.26000213623048,119.0,119.8000030517578,5882746.0,Ircon,Railway
2026-04-02,124.95999908447266,125.68000030517578,118.79000091552734,121.0,3682708.0,Ircon,Railway
2026-04-06,125.94000244140624,126.79000091552734,121.0500030517578,124.95999908447266,3981805.0,Ircon,Railway
2026-04-07,125.7300033569336,128.6999969482422,123.8499984741211,124.5,4432309.0,Ircon,Railway
2026-04-08,134.3000030517578,134.6999969482422,130.0,133.0,5921721.0,Ircon,Railway
2026-04-09,133.42999267578125,137.4199981689453,132.25,134.3000030517578,3875557.0,Ircon,Railway
2026-04-10,136.50999450683594,139.39999389648438,134.11000061035156,134.60000610351562,4462418.0,Ircon,Railway
2026-04-13,135.1699981689453,136.11000061035156,130.2899932861328,131.41000366210938,3752525.0,Ircon,Railway
2026-04-15,141.3699951171875,142.38999938964844,138.6199951171875,139.0,6632163.0,Ircon,Railway
2026-04-16,142.3699951171875,144.47999572753906,140.35000610351562,143.0,5544074.0,Ircon,Railway
2026-04-17,154.69000244140625,159.67999267578125,143.16000366210938,143.16000366210938,41393812.0,Ircon,Railway
2026-04-20,151.49000549316406,155.00999450683594,150.5,155.0,5224478.0,Ircon,Railway
2026-04-21,153.1300048828125,154.5399932861328,150.41000366210938,151.49000549316406,3034498.0,Ircon,Railway
2026-04-22,155.60000610351562,156.82000732421875,152.00999450683594,152.00999450683594,4658003.0,Ircon,Railway
2026-04-23,153.8000030517578,159.4499969482422,152.10000610351562,154.3000030517578,6583832.0,Ircon,Railway
2026-04-24,150.22000122070312,154.5500030517578,148.52999877929688,153.3000030517578,3090523.0,Ircon,Railway
2026-04-27,153.99000549316406,155.10000610351562,151.0,151.19000244140625,2926483.0,Ircon,Railway
2026-04-28,153.92999267578125,155.39999389648438,152.7100067138672,153.97999572753906,2011636.0,Ircon,Railway
2026-04-29,153.32000732421875,156.66000366210938,152.8000030517578,154.5,2489593.0,Ircon,Railway
2026-04-30,152.1999969482422,154.64999389648438,150.05999755859375,152.99000549316406,2432106.0,Ircon,Railway
2026-05-01,152.1999969482422,152.1999969482422,152.1999969482422,152.1999969482422,0.0,Ircon,Railway
2026-05-04,153.9199981689453,155.2100067138672,151.77000427246094,154.1999969482422,2360177.0,Ircon,Railway
2026-05-05,158.86000061035156,162.10000610351562,153.1300048828125,154.0,15187658.0,Ircon,Railway
2026-05-06,159.1699981689453,161.47999572753906,157.49000549316406,160.6999969482422,4173116.0,Ircon,Railway
2026-05-07,161.35000610351562,164.39999389648438,158.0,159.9600067138672,6915719.0,Ircon,Railway
2026-05-08,158.33999633789062,161.85000610351562,157.52000427246094,161.0,3276408.0,Ircon,Railway
2026-05-11,152.30999755859375,156.3000030517578,151.6999969482422,156.25,2812619.0,Ircon,Railway
2026-05-12,143.9600067138672,151.8000030517578,143.0,151.25,3329344.0,Ircon,Railway
2026-05-13,145.64999389648438,148.92999267578125,143.02000427246094,144.0,2807630.0,Ircon,Railway
2026-05-14,145.63999938964844,149.89999389648438,143.00999450683594,146.2100067138672,2807021.0,Ircon,Railway
2026-05-15,142.63999938964844,146.61000061035156,142.1999969482422,145.63999938964844,1658820.0,Ircon,Railway
2026-05-18,140.6300048828125,141.13999938964844,136.4199981689453,140.10000610351562,2161082.0,Ircon,Railway
2026-05-19,140.89999389648438,142.77999877929688,140.10000610351562,141.0,1597022.0,Ircon,Railway
2026-05-20,141.0800018310547,141.35000610351562,137.8000030517578,140.0,1432896.0,Ircon,Railway
2026-05-21,142.14999389648438,144.57000732421875,141.69000244140625,144.0,1945575.0,Ircon,Railway
2026-05-22,140.89999389648438,142.75,140.4600067138672,141.61000061035156,2121587.0,Ircon,Railway
2026-05-25,142.5800018310547,143.60000610351562,141.57000732421875,141.99000549316406,2226524.0,Ircon,Railway
2026-05-26,140.22999572753906,142.85000610351562,139.5,142.0,2386677.0,Ircon,Railway
2026-05-27,139.66000366210938,140.9499969482422,138.61000061035156,139.75,2261256.0,Ircon,Railway
2026-05-28,139.66000366210938,139.66000366210938,139.66000366210938,139.66000366210938,0.0,Ircon,Railway
2026-05-29,136.89999389648438,140.55999755859375,135.6999969482422,140.0,2689199.0,Ircon,Railway
2026-06-01,134.30999755859375,137.74000549316406,133.5399932861328,136.97999572753906,1849525.0,Ircon,Railway
2026-06-02,135.97000122070312,136.5,131.5,133.0,1776382.0,Ircon,Railway
2026-06-03,135.32000732421875,135.89999389648438,132.66000366210938,135.0,1565553.0,Ircon,Railway
2026-06-04,135.88999938964844,139.14999389648438,133.82000732421875,133.82000732421875,2571730.0,Ircon,Railway
2026-06-05,136.55999755859375,139.10000610351562,135.61000061035156,136.49000549316406,1683743.0,Ircon,Railway
2026-06-08,133.5500030517578,135.60000610351562,133.0,133.89999389648438,1338760.0,Ircon,Railway
2026-06-09,136.2899932861328,137.0,134.17999267578125,134.17999267578125,1525617.0,Ircon,Railway
2026-06-10,133.00999450683594,137.8800048828125,132.36000061035156,135.8000030517578,1262926.0,Ircon,Railway
2026-06-11,130.25999450683594,131.6999969482422,130.0,131.6999969482422,1181132.0,Ircon,Railway
2026-06-12,135.35000610351562,136.0,131.75,132.08999633789062,1681761.0,Ircon,Railway
2026-06-15,137.74000549316406,140.4499969482422,136.99000549316406,139.5,2433894.0,Ircon,Railway
2026-06-16,138.9199981689453,140.4499969482422,137.4499969482422,138.05999755859375,1720548.0,Ircon,Railway
2026-06-17,140.72000122070312,142.25,138.89999389648438,139.60000610351562,3270101.0,Ircon,Railway
2026-06-18,139.17999267578125,142.89999389648438,138.5500030517578,141.6999969482422,2241983.0,Ircon,Railway
2026-06-19,137.19000244140625,139.1699981689453,136.8000030517578,138.0,1904430.0,Ircon,Railway
2026-06-22,139.1300048828125,140.49000549316406,138.41000366210938,138.49000549316406,1941742.0,Ircon,Railway
2026-06-23,136.4499969482422,139.7899932861328,135.25,139.6999969482422,2729050.0,Ircon,Railway
2026-06-24,135.66000366210938,136.9499969482422,134.02000427246094,136.52000427246094,1520085.0,Ircon,Railway
2026-06-25,134.16000366210938,136.88999938964844,133.3000030517578,136.6999969482422,1611854.0,Ircon,Railway
2026-06-26,134.16000366210938,134.16000366210938,134.16000366210938,134.16000366210938,0.0,Ircon,Railway
2026-06-29,131.22000122070312,133.63999938964844,130.5500030517578,133.50999450683594,1621379.0,Ircon,Railway
2026-06-30,131.07000732421875,132.25,130.5,131.22000122070312,1283171.0,Ircon,Railway
2026-07-01,135.63999938964844,137.47000122070312,131.3000030517578,131.5,6451020.0,Ircon,Railway
2026-07-02,134.5500030517578,136.42999267578125,134.1199951171875,136.17999267578125,1043838.0,Ircon,Railway
2026-07-03,134.13999938964844,136.0,133.5800018310547,135.5,1085764.0,Ircon,Railway
2026-07-06,134.25999450683594,135.83999633789062,132.6999969482422,134.13999938964844,1191659.0,Ircon,Railway
2026-07-07,133.1300048828125,134.5500030517578,132.22000122070312,133.50999450683594,955149.0,Ircon,Railway
2026-07-08,129.0,132.86000061035156,128.3699951171875,132.0500030517578,1531991.0,Ircon,Railway
2026-07-09,129.33999633789062,131.22000122070312,128.52999877929688,128.5800018310547,996125.0,Ircon,Railway
2026-07-10,131.36000061035156,133.38999938964844,129.7899932861328,129.7899932861328,1298884.0,Ircon,Railway
2026-07-13,131.80999755859375,132.32000732421875,128.6199951171875,129.89999389648438,1234368.0,Ircon,Railway
2026-07-14,129.52000427246094,131.14999389648438,129.0,130.5,1237453.0,Ircon,Railway
2026-07-15,130.4199981689453,134.5500030517578,129.52000427246094,129.52000427246094,1634012.0,Ircon,Railway
2026-07-16,130.4199981689453,131.47999572753906,129.75,131.0,878920.0,Ircon,Railway
2026-07-17,129.3300018310547,130.0800018310547,128.75,129.5800018310547,804289.0,Ircon,Railway
2026-07-20,129.63999938964844,130.47000122070312,128.1699981689453,129.3000030517578,981056.0,Ircon,Railway
2026-07-21,129.05999755859375,130.10000610351562,128.64999389648438,129.5,593550.0,Ircon,Railway
2026-07-22,127.16999816894533,129.17999267578125,127.0,128.5,774300.0,Ircon,Railway
2026-07-23,125.44000244140624,127.7300033569336,125.18000030517578,126.0,1083265.0,Ircon,Railway
2026-07-24,126.06999969482422,126.4800033569336,123.51000213623048,124.1999969482422,833685.0,Ircon,Railway
2026-07-27,126.4800033569336,128.22000122070312,126.0999984741211,127.58999633789062,660499.0,Ircon,Railway
2026-07-28,124.5199966430664,126.38999938964844,124.25,125.76000213623048,690727.0,Ircon,Railway
2026-07-29,126.66999816894533,128.27000427246094,125.0,125.0,1545863.0,Ircon,Railway
2026-07-30,125.62999725341795,126.19000244140624,125.16000366210938,126.0,651710.0,Ircon,Railway
2026-07-31,125.98999786376952,126.41999816894533,125.3000030517578,125.6999969482422,642958.0,Ircon,Railway
2026-08-03,131.8800048828125,132.3800048828125,126.0999984741211,126.12000274658205,3483133.0,Ircon,Railway
2026-08-04,131.92999267578125,132.97000122070312,129.82000732421875,131.8800048828125,1955675.0,Ircon,Railway
2026-08-05,131.36000061035156,133.82000732421875,131.0,132.3000030517578,1176025.0,Ircon,Railway
2026-01-01,975.023681640625,981.3195154723956,973.4005036762728,977.3354223369146,7132074.0,HDFC,Bank
2026-01-02,985.3035888671876,986.8775923251652,972.7118614138294,975.0236621058956,11751459.0,HDFC,Bank
2026-01-05,961.5957641601562,990.0255759869466,960.4152765333308,989.3861276768052,27647379.0,HDFC,Bank
2026-01-06,946.544677734375,950.9714611429872,940.445541918535,947.036542557554,31988783.0,HDFC,Bank
2026-01-07,933.608642578125,940.888266240862,930.6082790568151,940.4455758755976,52884712.0,HDFC,Bank
2026-01-08,931.296875,937.4943598087852,926.083119844739,929.3294156929512,21928849.0,HDFC,Bank
2026-01-09,923.72216796875,935.1334082207486,918.1148967937476,929.6245460388378,38183839.0,HDFC,Bank
2026-01-12,921.7055053710938,926.6733280832916,914.475056435634,922.246544668881,21071666.0,HDFC,Bank
2026-01-13,922.0989990234376,932.2806373194226,917.4262830054704,932.2806373194226,32042827.0,HDFC,Bank
2026-01-14,910.3926391601562,924.7550683892156,905.2280583696796,914.8685971701506,36688248.0,HDFC,Bank
2026-01-15,910.3926391601562,910.3926391601562,910.3926391601562,910.3926391601562,0.0,HDFC,Bank
2026-01-16,915.95068359375,920.7218085803552,904.2443363942556,906.9987674975428,37780235.0,HDFC,Bank
2026-01-19,912.8027954101562,920.9185652819042,904.5394420693568,920.6726328615482,38191942.0,HDFC,Bank
2026-01-20,916.049072265625,919.2953681382724,904.637772173591,914.1799618930222,36022727.0,HDFC,Bank
2026-01-21,905.3755493164062,916.9836070913004,900.6044845836736,909.9499161549952,32766854.0,HDFC,Bank
2026-01-22,903.75244140625,913.1962220288154,898.3419283315923,912.9011151422528,44444755.0,HDFC,Bank
2026-01-23,901.1947021484376,911.0319985807624,894.4561781091321,905.0312717738811,30985247.0,HDFC,Bank
2026-01-27,911.3272094726562,916.0490999795524,890.2753700750383,891.2590997657288,44753093.0,HDFC,Bank
2026-01-28,917.524658203125,926.1322926560076,913.294632708984,917.3279002643548,35347138.0,HDFC,Bank
2026-01-29,920.2791137695312,924.0172745375144,909.310503842987,914.9669494914904,37175628.0,HDFC,Bank
2026-01-30,914.1307983398438,923.6238136980638,912.6552038308206,914.8685955943554,29691233.0,HDFC,Bank
2026-02-02,912.9994506835938,914.6718030723492,894.5053455447564,900.1126164754811,28032106.0,HDFC,Bank
2026-02-03,933.2643432617188,977.8272849855384,929.6245315003356,967.7440559401642,50336968.0,HDFC,Bank
2026-02-04,937.5927124023438,941.62604002273,932.5265406922532,937.0024986247718,24366770.0,HDFC,Bank
2026-02-05,934.248046875,940.4947060438036,931.2968579683982,940.4455315704454,28103169.0,HDFC,Bank
2026-02-06,925.7879638671876,932.674071523322,922.3449100391202,929.6245335781572,18120272.0,HDFC,Bank
2026-02-09,922.0006103515624,934.5431633331388,920.1315000080592,929.6245151050696,23947829.0,HDFC,Bank
2026-02-10,917.2295532226562,925.5912552799808,914.8194035624206,914.868578036692,31525385.0,HDFC,Bank
2026-02-11,912.0157470703124,920.7709650928404,910.245045684322,916.098249190927,24869804.0,HDFC,Bank
2026-02-12,905.6215209960938,913.4913584500406,903.5557126812706,911.9174149760892,33872203.0,HDFC,Bank
2026-02-13,889.1932373046875,913.097855324917,886.3403973585059,898.1451529282086,50188359.0,HDFC,Bank
2026-02-16,910.7368774414062,914.3766890728148,887.4224732532938,889.1932346170704,18806989.0,HDFC,Bank
2026-02-17,910.6385498046876,912.9994649414832,903.6540332583628,907.9824677389612,22599629.0,HDFC,Bank
2026-02-18,909.6548461914062,910.4418179261976,904.5886143276532,908.1792516728872,12738702.0,HDFC,Bank
2026-02-19,900.702880859375,914.0816406792112,897.6041683586819,913.8848827326366,21209234.0,HDFC,Bank
2026-02-20,897.0138549804688,902.9162328649714,893.6200357305538,896.1777087970013,22654907.0,HDFC,Bank
2026-02-23,908.5726928710938,910.589386714232,900.3585742006053,901.5882362795462,23270122.0,HDFC,Bank
2026-02-24,895.6858520507812,912.8519465614362,894.3578410316289,912.8519465614362,31313985.0,HDFC,Bank
2026-02-25,892.8330078125,901.0963609031212,888.4062243801156,895.7350222932594,27884303.0,HDFC,Bank
2026-02-26,883.9794311523438,897.1614323550999,880.4380284625158,897.1614323550999,41165937.0,HDFC,Bank
2026-02-27,873.3060302734375,884.3238147843207,870.6007736322075,883.9794733683615,34620755.0,HDFC,Bank
2026-03-02,865.0918579101562,873.3059762779105,857.3695443137591,861.9439110956672,38378924.0,HDFC,Bank
2026-03-04,854.5167846679688,864.993469417403,834.202743374385,834.202743374385,39862322.0,HDFC,Bank
2026-03-05,863.4686889648438,867.0593261570968,849.4505416361635,859.6321193633155,31324582.0,HDFC,Bank
2026-03-06,843.10546875,857.5171318697022,841.1871839599715,853.9264946975441,34439647.0,HDFC,Bank
2026-03-09,827.0215454101562,828.7430723323081,808.1339237415574,811.5769775858611,35592613.0,HDFC,Bank
2026-03-10,835.629150390625,842.8595391904452,826.923107096334,836.2193641547399,52866024.0,HDFC,Bank
2026-03-11,820.38134765625,835.0388833093358,814.1346283989498,831.2515482012323,42261076.0,HDFC,Bank
2026-03-12,819.2008666992188,822.7915039414563,806.7566625998296,806.7566625998296,46107561.0,HDFC,Bank
2026-03-13,803.7071533203125,810.3965031755142,798.7885048911796,806.6583423777922,41700464.0,HDFC,Bank
2026-03-16,826.9231567382812,830.7597265616207,802.3791489072894,803.7071599773169,52182605.0,HDFC,Bank
2026-03-17,831.5958251953125,835.0881134427475,821.5125964091002,833.907625869114,38826979.0,HDFC,Bank
2026-03-18,829.333251953125,833.0222380629118,818.0695356894909,831.5958180920426,23507063.0,HDFC,Bank
2026-03-19,785.2130126953125,802.3791069663046,757.4718247668609,757.4718247668609,171637393.0,HDFC,Bank
2026-03-20,767.7518310546875,780.8354236248008,765.5384393026802,772.2277890336613,103129469.0,HDFC,Bank
2026-03-23,732.04248046875,756.1930326018271,728.9928823726722,750.7333447737776,72341738.0,HDFC,Bank
2026-03-24,752.454833984375,760.1770877270425,735.5346719806084,742.7158864237038,61269986.0,HDFC,Bank
2026-03-25,769.5717163085938,781.8683373030494,755.7011518436857,755.7011518436857,59230640.0,HDFC,Bank
2026-03-27,743.8963623046875,762.2921184952538,742.2731843894259,760.6197661066401,65485199.0,HDFC,Bank
2026-03-30,719.6473999023438,738.7809532430898,714.8271607333363,733.0753333889118,103500135.0,HDFC,Bank
2026-04-01,730.17333984375,743.6012737142313,727.0745673991486,730.9111370884557,78862761.0,HDFC,Bank
2026-04-02,738.6826171875,742.7158847301245,714.8271732077576,718.1226435138951,49310300.0,HDFC,Bank
2026-04-06,758.45556640625,760.1770933079504,732.8785952952741,746.6508105088765,42976659.0,HDFC,Bank
2026-04-07,759.4392700195312,761.4067292682865,748.6182441513773,753.5368922732654,51309793.0,HDFC,Bank
2026-04-08,802.82177734375,804.4941298279846,783.0488345582994,786.9837533249241,70269512.0,HDFC,Bank
2026-04-09,784.72119140625,805.674621946626,780.1959987742106,801.7397031581198,48879392.0,HDFC,Bank
2026-04-10,797.1161499023438,799.0344347920734,787.9674758614352,790.9186649096054,38156026.0,HDFC,Bank
2026-04-13,781.7699584960938,785.5081191272287,774.5395096022282,778.6220116333144,47549328.0,HDFC,Bank
2026-04-15,796.72265625,801.5428954413671,790.9186273804953,791.8531825431569,39769515.0,HDFC,Bank
2026-04-16,782.5077514648438,806.7074765090769,779.3106301457999,804.6908427624061,62861293.0,HDFC,Bank
2026-04-17,786.8853759765625,790.8694690755784,775.3757269911107,777.2447773125524,37282544.0,HDFC,Bank
2026-04-20,782.5077514648438,796.7718311959621,777.146412936798,784.130869340026,52148044.0,HDFC,Bank
2026-04-21,798.5425415039062,801.6413139109341,782.2618278432276,782.2618278432276,49135752.0,HDFC,Bank
2026-04-22,786.8853759765625,799.8213849297669,785.0162656130275,796.8210214869076,23876412.0,HDFC,Bank
2026-04-23,771.5883178710938,783.6882404572269,769.7684420568696,779.1138736217773,37677616.0,HDFC,Bank
2026-04-24,772.0802001953125,774.7854567622786,764.3579463755373,764.6530532653331,27720358.0,HDFC,Bank
2026-04-27,776.9496459960938,780.0975928052393,772.227755803421,774.6870798664892,18115375.0,HDFC,Bank
2026-04-28,769.817626953125,781.5732082997206,765.6367759332712,772.2277766082829,35366803.0,HDFC,Bank
2026-04-29,766.3253784179688,777.1464043006358,764.7022005187322,772.7196209849993,25799963.0,HDFC,Bank
2026-04-30,759.1441650390625,766.1286213727735,749.847908057028,757.4718126650201,47998755.0,HDFC,Bank
2026-05-01,759.1441650390625,759.1441650390625,759.1441650390625,759.1441650390625,0.0,HDFC,Bank
2026-05-04,766.7189331054688,773.8017387354295,760.0295232783589,760.0295232783589,29028060.0,HDFC,Bank
2026-05-05,759.734375,764.2595672860843,751.2743242683289,761.8002432312857,38887657.0,HDFC,Bank
2026-05-06,783.58984375,785.9508189360297,760.9148872376333,762.5380651832903,35530831.0,HDFC,Bank
2026-05-07,783.0979614257812,788.5084744009563,775.7199891869062,781.0813276889071,46137553.0,HDFC,Bank
2026-05-08,768.145263671875,775.9167518274592,764.5546865191014,771.2440360478325,38016841.0,HDFC,Bank
2026-05-11,751.2251586914062,762.2428825536997,749.5036318326614,759.3901026416063,41123422.0,HDFC,Bank
2026-05-12,738.2399291992188,747.3394284783378,735.6330216051203,744.2898305325124,43937132.0,HDFC,Bank
2026-05-13,737.4037475585938,747.5853858194506,735.1903557682459,739.7647228184694,28960919.0,HDFC,Bank
2026-05-14,757.0291748046875,765.6368096362314,734.846082190099,738.7810009702333,50992358.0,HDFC,Bank
2026-05-15,755.0125122070312,769.1782432932904,752.9467039429112,760.4230253238243,24347873.0,HDFC,Bank
2026-05-18,756.143798828125,761.5050772404568,739.1252283144738,746.6507839481793,29812079.0,HDFC,Bank
2026-05-19,750.044677734375,758.2587962302428,747.8804605130283,754.2255287138954,40307830.0,HDFC,Bank
2026-05-20,747.1427001953125,749.8479568451309,742.8635000569833,747.2410491475586,24013451.0,HDFC,Bank
2026-05-21,746.7984008789062,755.7503168336749,742.8634822100684,754.5206547496631,34664725.0,HDFC,Bank
2026-05-22,754.3239135742188,762.390509033052,746.7984174780529,746.7984174780529,25604071.0,HDFC,Bank
2026-05-25,774.0476684570312,775.0313981291084,762.5872538025895,763.3742255318324,26043952.0,HDFC,Bank
2026-05-26,766.22705078125,777.9825721015808,764.1120080103449,771.2932224692265,31528062.0,HDFC,Bank
2026-05-27,746.3065185546875,761.3083956280444,744.584991677417,756.9799611769273,63680153.0,HDFC,Bank
2026-05-28,746.3065185546875,746.3065185546875,746.3065185546875,746.3065185546875,0.0,HDFC,Bank
2026-05-29,732.4359130859375,748.1264133157719,725.7465633447872,733.9115075895189,101299431.0,HDFC,Bank
2026-06-01,730.6160278320312,740.1089829912345,727.1729740345589,736.8135126590627,47996441.0,HDFC,Bank
2026-06-02,736.0757446289062,741.3386744827858,721.2214502442791,725.0087855549667,47314447.0,HDFC,Bank
2026-06-03,741.3878784179688,744.5849997963322,730.5176176978582,732.3375535846441,36109480.0,HDFC,Bank
2026-06-04,741.9288940429688,744.9784318589446,732.8785694984622,736.9610714527732,42673538.0,HDFC,Bank
2026-06-05,734.8952026367188,746.355676758121,732.5342875674706,741.6829610502508,22116568.0,HDFC,Bank
2026-06-08,726.6319580078125,729.4355636015806,722.5494557860566,725.9925096938186,21550700.0,HDFC,Bank
2026-06-09,726.3367919921875,731.8457142768752,720.3852393810432,727.4189306755471,38539563.0,HDFC,Bank
2026-06-10,734.698486328125,743.6504624272108,724.418559222074,724.5169081730804,44458159.0,HDFC,Bank
2026-06-11,732.485107421875,743.699649970007,728.0583237911012,730.9111639255492,32632007.0,HDFC,Bank
2026-06-12,759.8819580078125,761.8494172504803,740.8467538097462,742.4207572291352,36088159.0,HDFC,Bank
2026-06-15,764.7022094726562,780.5894671305239,762.980682607529,777.1464134002696,39990334.0,HDFC,Bank
2026-06-16,772.1294555664062,774.8838866823837,766.7681167622869,767.8010209255166,27820970.0,HDFC,Bank
2026-06-17,774.2935791015625,781.376444549763,770.3586605239058,774.8346784396643,32405604.0,HDFC,Bank
2026-06-18,786.0,789.8857441736253,773.4082723338255,773.7033792240301,41492071.0,HDFC,Bank
2026-06-19,779.7999877929688,789.0499877929688,776.2000122070312,788.7000122070312,33798761.0,HDFC,Bank
2026-06-22,786.4000244140625,789.9000244140625,783.0999755859375,789.9000244140625,25194765.0,HDFC,Bank
2026-06-23,774.6500244140625,790.9000244140625,772.5499877929688,783.0499877929688,28289062.0,HDFC,Bank
2026-06-24,793.2000122070312,794.9000244140625,772.6500244140625,773.0,34701292.0,HDFC,Bank
2026-06-25,796.2999877929688,804.4500122070312,794.75,798.5,46707966.0,HDFC,Bank
2026-06-26,796.2999877929688,796.2999877929688,796.2999877929688,796.2999877929688,0.0,HDFC,Bank
2026-06-29,798.9000244140625,805.9000244140625,793.2999877929688,800.0,46695977.0,HDFC,Bank
2026-06-30,797.9500122070312,806.0999755859375,792.75,806.0999755859375,45778356.0,HDFC,Bank
2026-07-01,796.1500244140625,802.25,793.5,793.5,26094378.0,HDFC,Bank
2026-07-02,795.9000244140625,805.4500122070312,794.0,795.0,34143823.0,HDFC,Bank
2026-07-03,801.0499877929688,807.0,798.5499877929688,803.0,25871958.0,HDFC,Bank
2026-07-06,829.8499755859375,831.5,805.0,805.0,63203327.0,HDFC,Bank
2026-07-07,829.2999877929688,843.0,826.0999755859375,843.0,57611729.0,HDFC,Bank
2026-07-08,810.2999877929688,834.3499755859375,806.9500122070312,825.9000244140625,38754632.0,HDFC,Bank
2026-07-09,817.5499877929688,822.8499755859375,812.2999877929688,813.0,39891798.0,HDFC,Bank
2026-07-10,824.9500122070312,827.7000122070312,820.2999877929688,824.0,23595785.0,HDFC,Bank
2026-07-13,817.9500122070312,821.9500122070312,811.0,817.0,21741736.0,HDFC,Bank
2026-07-14,809.4000244140625,818.4000244140625,807.0,811.4000244140625,25605395.0,HDFC,Bank
2026-07-15,815.4500122070312,819.7000122070312,809.7000122070312,811.0,21488739.0,HDFC,Bank
2026-07-16,808.2999877929688,818.0,806.5,814.5,18698186.0,HDFC,Bank
2026-07-17,819.5999755859375,823.7000122070312,808.5,810.0,17415322.0,HDFC,Bank
2026-07-20,777.5999755859375,790.0,774.5499877929688,790.0,56061789.0,HDFC,Bank
2026-07-21,761.4500122070312,772.5,760.0999755859375,769.1500244140625,42246009.0,HDFC,Bank
2026-07-22,753.1500244140625,761.3499755859375,750.3499755859375,760.25,23385446.0,HDFC,Bank
2026-07-23,747.25,751.0,743.25,749.4000244140625,32532090.0,HDFC,Bank
2026-07-24,742.7999877929688,748.25,737.25,738.5,23837859.0,HDFC,Bank
2026-07-27,739.5499877929688,747.9500122070312,738.0999755859375,746.0999755859375,29678752.0,HDFC,Bank
2026-07-28,735.4000244140625,740.25,732.0,732.0,33886037.0,HDFC,Bank
2026-07-29,748.2000122070312,751.25,740.7999877929688,743.0,20460659.0,HDFC,Bank
2026-07-30,753.9500122070312,757.9000244140625,745.5,752.7999877929688,35844392.0,HDFC,Bank
2026-07-31,748.1500244140625,757.5499877929688,747.2000122070312,753.9500122070312,25522483.0,HDFC,Bank
2026-08-03,753.0,756.8499755859375,750.0499877929688,753.0499877929688,14827841.0,HDFC,Bank
2026-08-04,742.0,753.2000122070312,738.0,753.2000122070312,31559802.0,HDFC,Bank
2026-08-05,735.0,741.9500122070312,732.5999755859375,733.7999877929688,60031343.0,HDFC,Bank
2026-01-01,1326.8143310546875,1337.1274113505744,1324.8310510381634,1332.665031313395,4179311.0,ICICI,Bank
2026-01-02,1344.06884765625,1345.5563076202234,1325.12854832495,1326.8142878641993,8226205.0,ICICI,Bank
2026-01-05,1360.0341796875,1364.0007394532674,1341.2921605842894,1342.878760280637,6920565.0,ICICI,Bank
2026-01-06,1399.4022216796875,1401.7821817231495,1354.5801452353044,1360.5299848190614,17260416.0,ICICI,Bank
2026-01-07,1415.7642822265625,1417.9459627064246,1392.4607438290054,1396.2290239898057,15813795.0,ICICI,Bank
2026-01-08,1423.00341796875,1430.1431776389843,1411.4012782421678,1417.0535778936194,14861699.0,ICICI,Bank
2026-01-09,1392.56005859375,1417.549337423264,1389.7834182572258,1415.1693772847862,12555636.0,ICICI,Bank
2026-01-12,1401.286376953125,1412.3928169264516,1380.0652579976486,1388.1967781468372,10923811.0,ICICI,Bank
2026-01-13,1424.9866943359375,1429.746614803746,1399.3031938675902,1408.1288141663404,14295581.0,ICICI,Bank
2026-01-14,1406.5421142578125,1431.8289327125644,1403.071374469905,1413.6818734015883,13832255.0,ICICI,Bank
2026-01-15,1406.5421142578125,1406.5421142578125,1406.5421142578125,1406.5421142578125,0.0,ICICI,Bank
2026-01-16,1399.0057373046875,1417.0535365865687,1388.494256638521,1406.0463569783972,12530886.0,ICICI,Bank
2026-01-19,1369.05810546875,1388.2959449153948,1348.6303464892403,1388.1968051292893,23302883.0,ICICI,Bank
2026-01-20,1364.29833984375,1376.1980196642803,1360.0342394881388,1363.207439020359,15012785.0,ICICI,Bank
2026-01-21,1337.7222900390625,1360.0341888721823,1328.3017105317451,1356.0676290796275,21766068.0,ICICI,Bank
2026-01-22,1334.2515869140625,1346.6470866066866,1326.814287098488,1343.7713064680374,17179765.0,ICICI,Bank
2026-01-23,1332.169189453125,1343.8704687287582,1324.533488884898,1329.2934092663852,14056524.0,ICICI,Bank
2026-01-27,1350.0186767578125,1357.6542560921291,1317.492837384778,1328.7975572308817,25263634.0,ICICI,Bank
2026-01-28,1356.2659912109375,1368.859891948821,1351.2086513775284,1351.2086513775284,13242696.0,ICICI,Bank
2026-01-29,1372.0330810546875,1376.098780848474,1343.0772414479195,1347.6387612421634,23118234.0,ICICI,Bank
2026-01-30,1343.672119140625,1370.347257745332,1341.8871188281207,1356.7617179329986,24013717.0,ICICI,Bank
2026-02-02,1341.4906005859375,1343.0772003288644,1317.9886606539171,1318.7820210502812,12800245.0,ICICI,Bank
2026-02-03,1378.08203125,1405.15385111339,1361.918372212169,1400.1956512153183,24896698.0,ICICI,Bank
2026-02-04,1396.625732421875,1402.1788919423802,1375.3054734566974,1375.4046132419246,11080683.0,ICICI,Bank
2026-02-05,1384.8251953125,1402.1788945018798,1381.5527350454402,1402.1788945018798,8982761.0,ICICI,Bank
2026-02-06,1394.344970703125,1398.7082108846507,1383.040250566837,1385.0235305539115,10851190.0,ICICI,Bank
2026-02-09,1384.626953125,1402.1789323590788,1377.1896532716105,1401.6831123688528,7889742.0,ICICI,Bank
2026-02-10,1394.7415771484375,1397.716496971719,1383.8335377964056,1389.2875574724217,16497628.0,ICICI,Bank
2026-02-11,1394.344970703125,1401.1873108684945,1388.6926711598828,1395.6341511146452,8551341.0,ICICI,Bank
2026-02-12,1418.045166015625,1421.0200859443291,1393.5517070225485,1394.3449463736551,19646265.0,ICICI,Bank
2026-02-13,1402.77392578125,1422.4084462850303,1398.9065055547717,1413.3845464564506,12228083.0,ICICI,Bank
2026-02-16,1399.7989501953125,1402.1789103209517,1388.7917707952563,1392.2625106722887,5000042.0,ICICI,Bank
2026-02-17,1395.7332763671875,1401.782256054804,1381.949456390617,1394.4440959690942,11756187.0,ICICI,Bank
2026-02-18,1396.4273681640625,1400.4931889124357,1387.2051890014204,1398.3115083316352,4758071.0,ICICI,Bank
2026-02-19,1377.189697265625,1400.4932375506726,1373.2231372171063,1396.7249570846573,14323091.0,ICICI,Bank
2026-02-20,1382.8419189453125,1391.9649581225938,1372.4296994050287,1376.892079208007,10337877.0,ICICI,Bank
2026-02-23,1387.7010498046875,1396.5266700756697,1383.6353499865377,1388.29600959884,10728445.0,ICICI,Bank
2026-02-24,1373.2230224609375,1389.1884011120849,1370.7439226377844,1389.1884011120849,18274784.0,ICICI,Bank
2026-02-25,1388.791748046875,1395.634087902335,1376.5945282588896,1380.164528913772,16297015.0,ICICI,Bank
2026-02-26,1393.155029296875,1398.2123689746954,1380.4619891586024,1393.3533088725535,27288792.0,ICICI,Bank
2026-02-27,1367.3724365234375,1390.4775761692113,1365.190755867526,1388.296016563106,15096898.0,ICICI,Bank
2026-03-02,1362.5133056640625,1367.6697850385044,1343.672146415433,1343.672146415433,16928683.0,ICICI,Bank
2026-03-04,1353.9852294921875,1364.4965888884906,1314.9145907457405,1314.9145907457405,20009132.0,ICICI,Bank
2026-03-05,1346.2503662109375,1359.3400861254038,1336.3339667529167,1357.45594601842,17590491.0,ICICI,Bank
2026-03-06,1302.419921875,1346.2503588188658,1299.4450020539286,1327.8058801381828,22778852.0,ICICI,Bank
2026-03-09,1267.7125244140625,1271.9765035292385,1240.6407056127512,1262.060104122135,16116652.0,ICICI,Bank
2026-03-10,1300.9324951171875,1304.006554800674,1274.8523156012538,1276.8355955325096,19136143.0,ICICI,Bank
2026-03-11,1283.777099609375,1295.5776396338345,1280.1080800869731,1289.131979735159,13224259.0,ICICI,Bank
2026-03-12,1255.9119873046875,1269.7949465011072,1247.780588195275,1265.0350263567016,19676187.0,ICICI,Bank
2026-03-13,1244.3099365234375,1251.747236619689,1238.260835605308,1241.434156276259,17344394.0,ICICI,Bank
2026-03-16,1262.258544921875,1266.125965023717,1229.7327054112554,1244.5081652081492,22740688.0,ICICI,Bank
2026-03-17,1277.9263916015625,1283.578812107693,1262.357692362341,1268.208392444208,22303102.0,ICICI,Bank
2026-03-18,1278.521484375,1286.2562036480494,1260.1761446052265,1275.2490239961462,12961135.0,ICICI,Bank
2026-03-19,1239.6490478515625,1275.1498056385733,1233.3025281122907,1257.002746564527,14422899.0,ICICI,Bank
2026-03-20,1234.9884033203125,1263.34928134462,1231.3192629188682,1247.8797225177066,16421006.0,ICICI,Bank
2026-03-23,1212.4781494140625,1224.5762297429494,1207.9166297375125,1216.3455695278035,17049534.0,ICICI,Bank
2026-03-24,1240.7398681640625,1243.4173686829902,1213.46976929413,1226.757768953439,20617782.0,ICICI,Bank
2026-03-25,1249.1688232421875,1262.2585434912949,1243.9132040249544,1248.3755838951454,17290030.0,ICICI,Bank
2026-03-27,1223.4854736328125,1250.358893273775,1219.8163330232835,1245.499833090769,23630905.0,ICICI,Bank
2026-03-30,1195.8187255859375,1212.3790655174355,1190.3647054702,1206.3300855990335,23952775.0,ICICI,Bank
2026-04-01,1202.561767578125,1223.6837477872427,1199.884388024768,1217.8330476356737,25472333.0,ICICI,Bank
2026-04-02,1205.635986328125,1211.883245832491,1177.67166509731,1186.001465486272,20851722.0,ICICI,Bank
2026-04-06,1221.10546875,1224.0803886246306,1190.4637698313447,1202.8592693089724,10058414.0,ICICI,Bank
2026-04-07,1235.0875244140625,1239.9465842479708,1206.429106422035,1218.7254656803557,25600557.0,ICICI,Bank
2026-04-08,1298.2550048828125,1322.3519046587187,1281.595525957938,1299.048365281531,25148651.0,ICICI,Bank
2026-04-09,1270.58837890625,1297.065118454786,1265.2334987026684,1289.032858674316,22923062.0,ICICI,Bank
2026-04-10,1310.848876953125,1312.931296642674,1277.7280783414542,1278.2238983175278,18174755.0,ICICI,Bank
2026-04-13,1339.8046875,1345.655387306946,1285.8594510059595,1293.9909710757174,30572141.0,ICICI,Bank
2026-04-15,1336.829833984375,1353.3902942945808,1326.814294387672,1346.647094004827,23827473.0,ICICI,Bank
2026-04-16,1334.2515869140625,1355.4727065977952,1328.995846624469,1340.697246754227,24017236.0,ICICI,Bank
2026-04-17,1335.540771484375,1341.5897511433582,1322.8477313394578,1335.7390510601572,18151993.0,ICICI,Bank
2026-04-20,1344.862060546875,1364.893260297481,1341.6888611060856,1353.2910001768837,21551520.0,ICICI,Bank
2026-04-21,1376.79296875,1381.4536282235813,1348.6303691835594,1356.563489002286,23312455.0,ICICI,Bank
2026-04-22,1356.166748046875,1368.5622472083337,1353.588508431251,1368.463107425001,13613487.0,ICICI,Bank
2026-04-23,1336.730712890625,1342.680552858981,1332.268332914358,1337.1273930984762,20111792.0,ICICI,Bank
2026-04-24,1315.1129150390625,1337.5240758015216,1312.931355466517,1325.1285758443223,14056743.0,ICICI,Bank
2026-04-27,1303.114013671875,1324.7318126631535,1299.9408143015023,1316.7986931874252,15385625.0,ICICI,Bank
2026-04-28,1281.1988525390625,1306.6839515728986,1275.943112231791,1303.312472485006,16774778.0,ICICI,Bank
2026-04-29,1270.290771484375,1285.9587310592146,1265.5308513211887,1283.876190331697,11716030.0,ICICI,Bank
2026-04-30,1252.8380126953125,1261.5643721523936,1248.474772441869,1250.4580524616338,17740110.0,ICICI,Bank
2026-05-01,1252.8380126953125,1252.8380126953125,1252.8380126953125,1252.8380126953125,0.0,ICICI,Bank
2026-05-04,1260.1761474609375,1271.4807465048432,1253.7304875272214,1253.7304875272214,14597051.0,ICICI,Bank
2026-05-05,1240.839111328125,1256.11026963796,1235.0875512284588,1253.4328902069624,24447935.0,ICICI,Bank
2026-05-06,1268.8033447265625,1272.0758050555082,1241.6323852719695,1251.449645209005,22909586.0,ICICI,Bank
2026-05-07,1268.3074951171875,1283.1820943562475,1262.555934991498,1273.9597944081108,25028552.0,ICICI,Bank
2026-05-08,1254.226318359375,1268.902517705381,1250.6563175253964,1268.902517705381,11137424.0,ICICI,Bank
2026-05-11,1255.8128662109375,1265.035045184508,1241.5332266149906,1248.871386509416,18980488.0,ICICI,Bank
2026-05-12,1229.93115234375,1249.3672723222166,1225.9645923052954,1245.4998520747622,21110708.0,ICICI,Bank
2026-05-13,1225.2703857421875,1238.7566658178762,1216.940585355795,1227.9478864287817,19490295.0,ICICI,Bank
2026-05-14,1235.5833740234375,1246.193873036946,1225.6669745529443,1228.7410341788377,16535600.0,ICICI,Bank
2026-05-15,1234.095947265625,1247.4830869105317,1231.616847331383,1236.178367000428,11745614.0,ICICI,Bank
2026-05-18,1240.6407470703125,1243.218986792355,1221.7004477797907,1225.171187688256,13918850.0,ICICI,Bank
2026-05-19,1230.4268798828125,1245.7972988767476,1219.518840596794,1240.6406985843882,38929053.0,ICICI,Bank
2026-05-20,1226.9561767578125,1229.3360158332805,1213.0732172518474,1219.7171565954964,14953103.0,ICICI,Bank
2026-05-21,1232.41015625,1237.8641758775068,1224.0803566089394,1234.8892560806848,14394386.0,ICICI,Bank
2026-05-22,1253.73046875,1260.1761285871792,1231.6168488886804,1231.6168488886804,11601085.0,ICICI,Bank
2026-05-25,1281.0006103515625,1282.6863499447102,1260.2753099809177,1260.3744497717253,13853923.0,ICICI,Bank
2026-05-26,1268.4066162109375,1290.9169153575494,1265.5308361904704,1279.215515708668,18400405.0,ICICI,Bank
2026-05-27,1262.0601806640625,1282.587201311576,1256.1103406589525,1275.2490410953124,18366272.0,ICICI,Bank
2026-05-28,1262.0601806640625,1262.0601806640625,1262.0601806640625,1262.0601806640625,0.0,ICICI,Bank
2026-05-29,1245.896484375,1277.0340036893715,1237.4675446174365,1264.4401034217194,31007884.0,ICICI,Bank
2026-06-01,1229.3360595703125,1251.3505402000203,1225.5679002002253,1246.5906197801364,9911975.0,ICICI,Bank
2026-06-02,1216.3455810546875,1227.3527606751832,1210.4948809348448,1222.692101166893,17920892.0,ICICI,Bank
2026-06-03,1231.6168212890625,1237.8642014111729,1203.5533622069204,1209.7016025437176,13934754.0,ICICI,Bank
2026-06-04,1241.2357177734375,1251.7471984286103,1221.8987381131592,1221.8987381131592,19461560.0,ICICI,Bank
2026-06-05,1251.548828125,1254.4246083541127,1239.5500082550525,1246.4914883012805,10166393.0,ICICI,Bank
2026-06-08,1239.748291015625,1243.516571470306,1232.7076711606426,1235.98013161075,10714196.0,ICICI,Bank
2026-06-09,1264.3409423828125,1269.2000023713415,1242.2273229706288,1244.5081432866116,22368579.0,ICICI,Bank
2026-06-10,1282.488037109375,1295.0818164605482,1260.6719575059049,1260.6719575059049,25951584.0,ICICI,Bank
2026-06-11,1305.9898681640625,1321.85610802027,1275.7448484381675,1275.7448484381675,35919374.0,ICICI,Bank
2026-06-12,1329.5909423828125,1333.0616823357286,1307.6756018402702,1318.881182108178,18339846.0,ICICI,Bank
2026-06-15,1316.501220703125,1351.3077599885314,1314.220521366074,1343.2755003149457,16172921.0,ICICI,Bank
2026-06-16,1323.145263671875,1326.1201835892518,1315.2121438922036,1320.7653035280132,13069159.0,ICICI,Bank
2026-06-17,1325.6243896484375,1334.7474291543856,1322.2527894658729,1330.7808691866162,8026424.0,ICICI,Bank
2026-06-18,1331.078369140625,1335.6398887549333,1320.2694693470728,1322.4510288431072,13467985.0,ICICI,Bank
2026-06-19,1335.2431640625,1340.994724069171,1320.8643850956182,1329.293324489997,9057322.0,ICICI,Bank
2026-06-22,1341.0938720703125,1351.307690769155,1337.1273123310036,1341.6888318212496,4814845.0,ICICI,Bank
2026-06-23,1327.11181640625,1357.654254763427,1320.3686162099664,1346.647075338441,11884879.0,ICICI,Bank
2026-06-24,1362.11669921875,1366.0832592753277,1329.3925787519856,1329.3925787519856,16440708.0,ICICI,Bank
2026-06-25,1375.9005126953125,1392.2625728462838,1368.562352417643,1370.3473528540349,17173209.0,ICICI,Bank
2026-06-26,1375.9005126953125,1375.9005126953125,1375.9005126953125,1375.9005126953125,0.0,ICICI,Bank
2026-06-29,1375.9996337890625,1390.2792739367474,1371.6363935981306,1378.379593988644,13249405.0,ICICI,Bank
2026-06-30,1363.7032470703125,1390.2792468566804,1354.6793474953972,1390.2792468566804,18398057.0,ICICI,Bank
2026-07-01,1368.264892578125,1373.5205118412996,1356.2659519824388,1359.935092537661,11948034.0,ICICI,Bank
2026-07-02,1388.2960205078125,1393.2542205810548,1365.2900205878914,1370.347360452637,15779429.0,ICICI,Bank
2026-07-03,1399.6007080078125,1408.128787723501,1394.1466880553623,1402.1789477753737,12901785.0,ICICI,Bank
2026-07-06,1414.9710693359375,1419.6317286825692,1399.798929675968,1400.1956098660596,12306949.0,ICICI,Bank
2026-07-07,1402.873046875,1421.0201071305737,1398.212387337131,1419.6317869331858,15664178.0,ICICI,Bank
2026-07-08,1369.05810546875,1406.4430046152802,1364.397446073597,1398.509884930049,10573142.0,ICICI,Bank
2026-07-09,1369.1572265625,1391.8658055614053,1365.7857475821456,1371.3389070760331,13948838.0,ICICI,Bank
2026-07-10,1389.48583984375,1396.4273194454097,1377.982840713816,1378.081980498166,6409645.0,ICICI,Bank
2026-07-13,1397.716552734375,1401.1872926666704,1374.710553603081,1381.850313043882,10091437.0,ICICI,Bank
2026-07-14,1395.9315185546875,1399.9973392167874,1380.36281965522,1388.2959393084109,14133017.0,ICICI,Bank
2026-07-15,1404.3604736328125,1416.061873669893,1397.4189938599209,1401.0881343697583,12961648.0,ICICI,Bank
2026-07-16,1406.34375,1411.797769807721,1394.4440704195183,1408.2278901435363,10165264.0,ICICI,Bank
2026-07-17,1432.2257080078125,1442.935347434669,1407.8312670387277,1410.2112272612976,11112550.0,ICICI,Bank
2026-07-20,1447.99267578125,1467.6271961496604,1427.4657762550246,1432.4239762420166,22236415.0,ICICI,Bank
2026-07-21,1450.868408203125,1461.578168242252,1444.4227484323062,1457.7107481698004,18269907.0,ICICI,Bank
2026-07-22,1428.6556396484375,1454.1408592092237,1426.374940373995,1454.1408592092237,8345136.0,ICICI,Bank
2026-07-23,1422.606689453125,1433.9114094220142,1414.673569622298,1420.5242697074934,12409328.0,ICICI,Bank
2026-07-24,1420.9208984375,1427.9615178223592,1403.567199436187,1416.0618385071728,10870914.0,ICICI,Bank
2026-07-27,1433.6138916015625,1436.886352003272,1416.8552725346733,1423.6974916567503,10608300.0,ICICI,Bank
2026-07-28,1418.8385009765625,1433.8122401392648,1405.748780895084,1430.242360498789,19486209.0,ICICI,Bank
2026-07-29,1425.879150390625,1436.3905099608403,1416.557710375603,1430.4406700852692,10856166.0,ICICI,Bank
2026-07-30,1421.91259765625,1430.143136895818,1410.7070174140658,1419.13595728037,14141173.0,ICICI,Bank
2026-07-31,1423.4000244140625,1429.8456841613988,1419.4334645695478,1422.309244666781,8752440.0,ICICI,Bank
2026-08-03,1460.0,1460.0,1433.0,1442.0,7706747.0,ICICI,Bank
2026-08-04,1454.5999755859375,1454.5999755859375,1430.800048828125,1452.0,11458963.0,ICICI,Bank
2026-08-05,1450.0999755859375,1454.5999755859375,1431.199951171875,1454.5999755859375,11718835.0,ICICI,Bank
2026-01-01,967.3140869140624,970.1627637032144,962.9919690176538,965.7915430941248,4328348.0,SBI,Bank
2026-01-02,981.2626953125,991.6258859934536,966.528283930725,967.0685336904954,7357435.0,SBI,Bank
2026-01-05,987.7457885742188,997.5196265465391,982.2940684850212,982.2940684850212,11259060.0,SBI,Bank
2026-01-06,1000.8594360351562,1005.869111730934,987.1564219850368,990.1033041483112,9575742.0,SBI,Bank
2026-01-07,989.3175048828124,1004.5921658085748,986.2232545545623,1004.5921658085748,7896720.0,SBI,Bank
2026-01-08,980.3294677734376,993.6886429516878,978.2175115714958,988.7771726722618,6854268.0,SBI,Bank
2026-01-09,982.7852172851562,990.1524228120314,976.400305828531,978.3648939690312,7809460.0,SBI,Bank
2026-01-12,997.1758422851562,999.2386358361824,978.364886992222,990.1524157511644,7617922.0,SBI,Bank
2026-01-13,1010.2402954101562,1011.2717521544648,998.0107821164996,1004.690369848432,11016895.0,SBI,Bank
2026-01-14,1010.14208984375,1012.1558406646648,1002.431105323054,1011.762899052176,7370514.0,SBI,Bank
2026-01-15,1010.14208984375,1010.14208984375,1010.14208984375,1010.14208984375,0.0,SBI,Bank
2026-01-16,1023.8451538085938,1028.9038723255544,1010.1912422980266,1013.7274769567848,11051580.0,SBI,Bank
2026-01-19,1020.0142211914062,1025.122102566704,1015.6921031536436,1016.674397257274,5460164.0,SBI,Bank
2026-01-20,1018.0496215820312,1033.3733854452475,1014.758960353515,1021.3402828105476,8905718.0,SBI,Bank
2026-01-21,1010.4368286132812,1022.1751948968682,1003.9045490044088,1013.7274897970154,7408949.0,SBI,Bank
2026-01-22,1029.7879638671875,1036.8113904465058,1015.7412306174948,1016.6743620200224,12001641.0,SBI,Bank
2026-01-23,1011.271728515625,1034.3556387828587,1007.4407577235296,1033.27513930533,10917698.0,SBI,Bank
2026-01-27,1034.5030517578125,1036.3202718546306,1012.00849296515,1015.7903012550574,14420630.0,SBI,Bank
2026-01-28,1044.6697998046875,1046.732593481186,1025.6624325065334,1040.6424178822,12171257.0,SBI,Bank
2026-01-29,1047.3218994140625,1055.9661352757114,1041.5264602731938,1044.1786063237969,14800724.0,SBI,Bank
2026-01-30,1058.078125,1063.3333745088544,1041.6246986507867,1045.1609334664397,9480769.0,SBI,Bank
2026-02-02,1010.4859008789062,1013.0399614867208,972.4711668650344,1001.841784674364,14434549.0,SBI,Bank
2026-02-03,1045.3572998046875,1070.5041238871402,1021.8805674931078,1067.7536525315768,16129381.0,SBI,Bank
2026-02-04,1049.2864990234375,1054.8856472820669,1037.5972952790487,1045.357322663254,7312276.0,SBI,Bank
2026-02-05,1054.49267578125,1061.8598812478167,1048.5989114079966,1049.2864692879657,9551567.0,SBI,Bank
2026-02-06,1047.5184326171875,1054.590902041245,1032.3910797785106,1051.0546673292165,7041557.0,SBI,Bank
2026-02-09,1125.708984375,1129.638160585733,1081.0146049779123,1100.1693390052355,40852966.0,SBI,Bank
2026-02-10,1123.8426513671875,1133.5673869003754,1117.9488867905825,1130.6205046120729,17280036.0,SBI,Bank
2026-02-11,1161.9556884765625,1166.474217252129,1122.5657199431428,1124.43198276359,29491859.0,SBI,Bank
2026-02-12,1171.2874755859375,1182.3873266556052,1153.9991238982925,1162.0538873261555,33214985.0,SBI,Bank
2026-02-13,1177.377685546875,1179.735215371205,1163.5273627037404,1167.9476861585035,18141390.0,SBI,Bank
2026-02-16,1186.70947265625,1190.8351798022472,1164.3132392267755,1172.859149893071,14972739.0,SBI,Bank
2026-02-17,1191.9156494140625,1203.8013836881914,1182.7802665926308,1184.7448547341048,20107196.0,SBI,Bank
2026-02-18,1197.3182373046875,1202.4261183830988,1192.5049724948722,1197.220031881822,10417264.0,SBI,Bank
2026-02-19,1184.3519287109375,1203.212047062667,1177.9670171671169,1201.2474588953376,9630899.0,SBI,Bank
2026-02-20,1194.5677490234375,1196.4341316671034,1180.5210163030872,1184.8430141192323,9958162.0,SBI,Bank
2026-02-23,1206.0606689453125,1209.302167328373,1195.550050783541,1200.3633155560203,9733835.0,SBI,Bank
2026-02-24,1201.640380859375,1212.8384373028666,1198.1040262888578,1210.1862912839226,15788449.0,SBI,Bank
2026-02-25,1178.85107421875,1206.3553078239622,1176.2971336514831,1206.3553078239622,19581100.0,SBI,Bank
2026-02-26,1188.084716796875,1193.880275982552,1167.849482270177,1179.735216926868,16196052.0,SBI,Bank
2026-02-27,1180.4227294921875,1190.3439954720204,1177.3776418736493,1185.6289359982593,10700355.0,SBI,Bank
2026-03-02,1168.831787109375,1176.1007875153553,1158.5176989399156,1164.0185219818377,16270835.0,SBI,Bank
2026-03-04,1153.704345703125,1161.7591088376892,1137.1035525068771,1151.3468160340765,13855065.0,SBI,Bank
2026-03-05,1148.79296875,1162.250350176651,1130.227585974388,1160.0893510848653,22100665.0,SBI,Bank
2026-03-06,1122.7620849609375,1148.5964661130286,1117.8506147730068,1147.8105829193837,20333328.0,SBI,Bank
2026-03-09,1079.050048828125,1095.2579011773869,1045.4556391950514,1095.2579011773869,24631198.0,SBI,Bank
2026-03-10,1092.5074462890625,1100.0711827783489,1084.9438297087236,1091.426946764578,17491459.0,SBI,Bank
2026-03-11,1071.781005859375,1096.1419460785291,1068.735918309216,1093.68621097212,8364878.0,SBI,Bank
2026-03-12,1065.9854736328125,1078.5588856550278,1051.545798810298,1056.0643275370824,14614140.0,SBI,Bank
2026-03-13,1028.4619140625,1062.154649373112,1023.8451797948526,1058.4218838608822,15978675.0,SBI,Bank
2026-03-16,1047.8131103515625,1054.0016113922836,1017.754933672958,1030.1318158454478,15322269.0,SBI,Bank
2026-03-17,1045.8485107421875,1054.8856886705516,1028.4619526297915,1054.8856886705516,16427877.0,SBI,Bank
2026-03-18,1050.8582763671875,1056.3590993465684,1042.5087765154108,1048.5989519731277,10749915.0,SBI,Bank
2026-03-19,1030.3282470703125,1040.936950803617,1022.5681001383869,1030.917599515117,13431191.0,SBI,Bank
2026-03-20,1039.26708984375,1065.7890288095168,1035.3379137006734,1039.6600314398456,17748625.0,SBI,Bank
2026-03-23,1013.6292724609376,1027.086653225109,996.2426554714184,1020.6035363599532,16039603.0,SBI,Bank
2026-03-24,1012.5487670898438,1040.2494116751225,1001.939943256492,1036.516646275884,30416734.0,SBI,Bank
2026-03-25,1041.821044921875,1046.6343097462316,1024.5326936323977,1024.5326936323977,16205333.0,SBI,Bank
2026-03-27,1001.4487915039062,1036.6149667218629,995.0638801309044,1032.6857904923231,20445349.0,SBI,Bank
2026-03-30,962.058837890625,991.5276600442548,958.522543259506,987.2055421466002,21438137.0,SBI,Bank
2026-04-01,999.7789306640624,1012.745224874495,980.7715636649392,990.1524604010582,17424479.0,SBI,Bank
2026-04-02,1000.3683471679688,1007.833758433837,960.5854356508436,982.2941115339542,20777629.0,SBI,Bank
2026-04-06,1014.4642333984376,1017.3619530344956,987.2546747939996,1001.939983603395,23576634.0,SBI,Bank
2026-04-07,1012.1558227539062,1015.3973212044529,994.0815880797584,1006.851410851534,15021291.0,SBI,Bank
2026-04-08,1042.656005859375,1058.7166100346876,1040.6914176944629,1054.9838445577764,28533742.0,SBI,Bank
2026-04-09,1022.5189819335938,1045.504687551959,1019.9159985301128,1041.329937682068,24772948.0,SBI,Bank
2026-04-10,1047.8131103515625,1050.5144192344412,1027.6270377357864,1030.4265520507977,17861336.0,SBI,Bank
2026-04-13,1044.7188720703125,1048.353312047308,1011.762859132094,1023.5503875880016,17763348.0,SBI,Bank
2026-04-15,1052.528076171875,1068.7359280214653,1049.2864578383803,1056.9483994035816,16195810.0,SBI,Bank
2026-04-16,1048.255126953125,1064.9541259228224,1043.1962885775752,1058.9129934902317,20313165.0,SBI,Bank
2026-04-17,1061.1231689453125,1062.9895516597985,1041.2317140310404,1048.1077725199243,16823879.0,SBI,Bank
2026-04-20,1088.2344970703125,1101.102525826513,1056.8010858019393,1061.1723665018162,31179584.0,SBI,Bank
2026-04-21,1092.1636962890625,1095.012373226544,1086.3681369836245,1093.6863001427537,16963734.0,SBI,Bank
2026-04-22,1083.76513671875,1098.057444036852,1080.6217236295247,1090.3464592751195,12412659.0,SBI,Bank
2026-04-23,1074.875244140625,1082.3898174645883,1063.038553095583,1075.6119646643676,13669001.0,SBI,Bank
2026-04-24,1081.60400390625,1086.4172689530212,1070.749726103037,1072.0266364810311,13774745.0,SBI,Bank
2026-04-27,1092.1636962890625,1095.0615358962568,1083.8633589162316,1091.2796075968854,11624385.0,SBI,Bank
2026-04-28,1071.9775390625,1090.8375367592364,1069.8655828843748,1082.7827735553876,10727835.0,SBI,Bank
2026-04-29,1067.655517578125,1085.4350174109393,1065.0524141428152,1074.6297819435,10611104.0,SBI,Bank
2026-04-30,1049.5321044921875,1058.6183251016832,1044.178649502065,1055.9661789414106,14269539.0,SBI,Bank
2026-05-01,1049.5321044921875,1049.5321044921875,1049.5321044921875,1049.5321044921875,0.0,SBI,Bank
2026-05-04,1049.4830322265625,1069.816471974203,1044.7679726198023,1044.7679726198023,11693211.0,SBI,Bank
2026-05-05,1041.133544921875,1049.581250235382,1030.8194568287804,1041.821102831169,12194631.0,SBI,Bank
2026-05-06,1076.5943603515625,1081.6040364042549,1042.4104768585712,1053.019301365762,14384779.0,SBI,Bank
2026-05-07,1072.6651611328125,1088.381866790436,1066.8696019397742,1086.4172785832332,16105163.0,SBI,Bank
2026-05-08,1001.2523193359376,1075.6119913694504,993.0010852378408,1070.7005210892246,48065909.0,SBI,Bank
2026-05-11,956.3615112304688,989.1701581334676,953.9057759818752,989.1701581334676,46927396.0,SBI,Bank
2026-05-12,957.3438110351562,964.0234589147168,945.3598709141812,959.6031354409056,25787092.0,SBI,Bank
2026-05-13,952.9234619140624,963.8269621620208,944.1810805849492,960.6836091187948,17584580.0,SBI,Bank
2026-05-14,962.5499877929688,969.5242517416416,946.5385464115705,956.2632817330172,16487142.0,SBI,Bank
2026-05-15,963.2000122070312,972.5,957.0,971.2000122070312,26972493.0,SBI,Bank
2026-05-18,939.4000244140624,954.9000244140624,933.9000244140624,952.0,16554877.0,SBI,Bank
2026-05-19,948.7999877929688,956.5999755859376,939.5,942.0,17280869.0,SBI,Bank
2026-05-20,950.9000244140624,955.0,935.0,941.0999755859376,11928460.0,SBI,Bank
2026-05-21,950.9000244140624,960.9000244140624,946.5,957.0,11756520.0,SBI,Bank
2026-05-22,949.2000122070312,958.5999755859376,947.7000122070312,950.9000244140624,7807192.0,SBI,Bank
2026-05-25,969.5999755859376,972.5,957.5,959.9000244140624,10934747.0,SBI,Bank
2026-05-26,968.5,978.7999877929688,962.0999755859376,969.9000244140624,16269800.0,SBI,Bank
2026-05-27,967.7999877929688,975.9000244140624,966.5999755859376,969.7999877929688,8111259.0,SBI,Bank
2026-05-28,967.7999877929688,967.7999877929688,967.7999877929688,967.7999877929688,0.0,SBI,Bank
2026-05-29,964.4000244140624,973.7000122070312,960.2999877929688,967.7999877929688,22292535.0,SBI,Bank
2026-06-01,954.0999755859376,970.25,950.0999755859376,966.25,11118975.0,SBI,Bank
2026-06-02,956.6500244140624,961.2999877929688,939.9000244140624,950.9500122070312,15911760.0,SBI,Bank
2026-06-03,970.4500122070312,974.0,937.2000122070312,953.75,27947005.0,SBI,Bank
2026-06-04,979.25,985.7999877929688,961.0999755859376,969.9000244140624,18875883.0,SBI,Bank
2026-06-05,977.7000122070312,992.5999755859376,970.5999755859376,980.0,20955539.0,SBI,Bank
2026-06-08,981.9500122070312,988.6500244140624,965.1500244140624,966.0,12895416.0,SBI,Bank
2026-06-09,1002.7000122070312,1009.0,983.0,985.0,22142480.0,SBI,Bank
2026-06-10,1003.25,1012.4000244140624,999.5,1002.7000122070312,19122317.0,SBI,Bank
2026-06-11,1000.7000122070312,1009.4000244140624,993.0,998.0999755859376,13773978.0,SBI,Bank
2026-06-12,1017.1500244140624,1018.7000122070312,1004.3499755859376,1018.0,11081119.0,SBI,Bank
2026-06-15,1020.8499755859376,1034.0,1018.5,1034.0,12463437.0,SBI,Bank
2026-06-16,1015.2999877929688,1026.550048828125,1007.4000244140624,1023.7999877929688,9693677.0,SBI,Bank
2026-06-17,1026.5,1028.0999755859375,1013.4500122070312,1017.0,8190062.0,SBI,Bank
2026-06-18,1042.699951171875,1045.699951171875,1024.449951171875,1027.9000244140625,11048009.0,SBI,Bank
2026-06-19,1035.0999755859375,1042.0,1029.300048828125,1042.0,9099878.0,SBI,Bank
2026-06-22,1040.75,1043.0,1033.5999755859375,1038.0,6209440.0,SBI,Bank
2026-06-23,1024.199951171875,1045.5,1022.3499755859376,1041.0,10411004.0,SBI,Bank
2026-06-24,1034.5999755859375,1044.5,1020.5,1024.0,11724076.0,SBI,Bank
2026-06-25,1045.4000244140625,1055.4000244140625,1038.550048828125,1040.0,16002360.0,SBI,Bank
2026-06-26,1045.4000244140625,1045.4000244140625,1045.4000244140625,1045.4000244140625,0.0,SBI,Bank
2026-06-29,1036.0999755859375,1046.4000244140625,1030.8499755859375,1044.449951171875,16818246.0,SBI,Bank
2026-06-30,1026.9000244140625,1044.0,1025.050048828125,1040.0,11161643.0,SBI,Bank
2026-07-01,1047.4000244140625,1049.9000244140625,1025.5,1031.0,6295315.0,SBI,Bank
2026-07-02,1051.5999755859375,1059.800048828125,1045.0,1050.9000244140625,14682790.0,SBI,Bank
2026-07-03,1040.0,1057.0,1034.5,1055.0,10441493.0,SBI,Bank
2026-07-06,1037.699951171875,1048.4000244140625,1036.5,1041.9000244140625,8761017.0,SBI,Bank
2026-07-07,1038.0999755859375,1049.5999755859375,1035.5,1039.300048828125,11053574.0,SBI,Bank
2026-07-08,1016.9000244140624,1038.300048828125,1011.7000122070312,1029.5999755859375,14141694.0,SBI,Bank
2026-07-09,1022.0999755859376,1031.699951171875,1019.2999877929688,1019.7999877929688,7661699.0,SBI,Bank
2026-07-10,1036.0,1047.800048828125,1023.5,1029.5,8792150.0,SBI,Bank
2026-07-13,1037.0,1042.9000244140625,1022.0999755859376,1023.5,8381510.0,SBI,Bank
2026-07-14,1015.4000244140624,1033.699951171875,1011.4000244140624,1033.300048828125,11562326.0,SBI,Bank
2026-07-15,1030.0999755859375,1036.0,1013.7000122070312,1015.5,14275394.0,SBI,Bank
2026-07-16,1031.199951171875,1036.0,1027.300048828125,1030.0999755859375,7708316.0,SBI,Bank
2026-07-17,1044.300048828125,1048.0,1028.300048828125,1030.5999755859375,8452780.0,SBI,Bank
2026-07-20,1060.0,1065.0,1038.300048828125,1041.5999755859375,16540411.0,SBI,Bank
2026-07-21,1044.4000244140625,1067.0,1042.800048828125,1056.199951171875,10514887.0,SBI,Bank
2026-07-22,1025.0,1044.4000244140625,1019.2000122070312,1044.4000244140625,11227214.0,SBI,Bank
2026-07-23,1012.5999755859376,1023.0999755859376,1006.5,1022.0,8910230.0,SBI,Bank
2026-07-24,1015.0,1017.7999877929688,1000.7999877929688,1006.0,13797053.0,SBI,Bank
2026-07-27,1020.5999755859376,1023.7000122070312,1015.9000244140624,1020.2999877929688,6093002.0,SBI,Bank
2026-07-28,1013.2000122070312,1022.0,1008.2999877929688,1018.0,9873370.0,SBI,Bank
2026-07-29,1013.7000122070312,1020.2000122070312,1012.0,1020.0,4792964.0,SBI,Bank
2026-07-30,1025.300048828125,1028.300048828125,1007.5999755859376,1013.5,6847458.0,SBI,Bank
2026-07-31,1027.4000244140625,1034.300048828125,1023.5,1028.0999755859375,10921417.0,SBI,Bank
2026-08-03,1045.0,1051.5,1031.5999755859375,1035.0,10507450.0,SBI,Bank
2026-08-04,1042.699951171875,1047.5999755859375,1030.9000244140625,1047.5999755859375,8544184.0,SBI,Bank
2026-08-05,1055.0,1055.0,1040.300048828125,1043.0,8706372.0,SBI,Bank
2026-01-01,1273.41796875,1278.214196672934,1262.8261615302456,1269.021335005127,2022412.0,AXIS,Bank
2026-01-02,1265.9237060546875,1280.8122479783322,1263.3257341026986,1272.918311604941,5860547.0,AXIS,Bank
2026-01-05,1284.8092041015625,1288.7061011587011,1269.0213308796483,1273.2180455456032,6177100.0,AXIS,Bank
2026-01-06,1292.802978515625,1303.5945822822944,1284.409427601834,1303.5945822822944,6751769.0,AXIS,Bank
2026-01-07,1294.501708984375,1297.999011941878,1283.0105706954362,1292.0036354433014,5440002.0,AXIS,Bank
2026-01-08,1285.808349609375,1302.1956130273209,1282.810661621765,1290.1049625392077,3949654.0,AXIS,Bank
2026-01-09,1271.019775390625,1294.3018688089537,1269.1212151673558,1285.8084190520194,5531427.0,AXIS,Bank
2026-01-12,1273.218017578125,1278.613880584573,1265.5240002008,1273.7176322643472,6489750.0,AXIS,Bank
2026-01-13,1261.0274658203125,1283.0105119756586,1257.729960106514,1273.018218268683,5163166.0,AXIS,Bank
2026-01-14,1297.7991943359375,1306.9920560312862,1252.5340536966494,1254.0328977976028,7776704.0,AXIS,Bank
2026-01-15,1297.7991943359375,1297.7991943359375,1297.7991943359375,1297.7991943359375,0.0,AXIS,Bank
2026-01-16,1293.20263671875,1307.99128058384,1285.5086191528724,1297.7991895256323,5175495.0,AXIS,Bank
2026-01-19,1306.492431640625,1325.9774048084969,1296.1004215558446,1305.992816944013,8833223.0,AXIS,Bank
2026-01-20,1292.503173828125,1309.889789042553,1289.005871077141,1305.0934393364212,6268527.0,AXIS,Bank
2026-01-21,1283.9097900390625,1296.699852272607,1266.423276770507,1289.005835224937,3854702.0,AXIS,Bank
2026-01-22,1293.80224609375,1297.8990621440864,1280.4125480470775,1289.0058962937878,5949677.0,AXIS,Bank
2026-01-23,1257.030517578125,1297.9989207742324,1247.03822411566,1296.0004620817394,8885549.0,AXIS,Bank
2026-01-27,1314.7860107421875,1332.172503629323,1277.4148091338427,1287.8068186364756,22715357.0,AXIS,Bank
2026-01-28,1318.782958984375,1368.344710877668,1309.1902595410843,1346.96117816438,15426403.0,AXIS,Bank
2026-01-29,1362.6490478515625,1365.9465535746094,1304.9935617911046,1316.9843142731056,16107684.0,AXIS,Bank
2026-01-30,1369.343994140625,1377.6375249747894,1350.9581487855723,1350.9581487855723,14758482.0,AXIS,Bank
2026-02-02,1310.4893798828125,1351.657583056608,1301.8960312952238,1337.9681888395623,8647298.0,AXIS,Bank
2026-02-03,1355.15478515625,1417.2070248903838,1344.4630799847705,1401.9187671636068,10384723.0,AXIS,Bank
2026-02-04,1337.6683349609375,1368.8443650997317,1335.5699776381928,1368.6444460360808,6672251.0,AXIS,Bank
2026-02-05,1329.5745849609375,1338.9673655022464,1316.38480597186,1338.9673655022464,3766488.0,AXIS,Bank
2026-02-06,1340.5660400390625,1345.3623895967637,1323.6790400259413,1323.978857614386,5876574.0,AXIS,Bank
2026-02-09,1340.3663330078125,1348.959681397764,1329.6745053102466,1348.959681397764,4077536.0,AXIS,Bank
2026-02-10,1355.6544189453125,1359.0518231520896,1342.2648431514538,1351.5576029795986,5478998.0,AXIS,Bank
2026-02-11,1346.2618408203125,1358.9520056116282,1343.7637672805854,1356.9535467798464,3866272.0,AXIS,Bank
2026-02-12,1338.9674072265625,1356.6537189643552,1335.1702866842277,1346.8613439479982,4152620.0,AXIS,Bank
2026-02-13,1331.2733154296875,1345.462323447926,1315.0857267297542,1340.2663796042373,4624549.0,AXIS,Bank
2026-02-16,1357.2532958984375,1360.8504972188548,1322.9796798725715,1322.9796798725715,5082167.0,AXIS,Bank
2026-02-17,1356.154052734375,1359.851274590649,1349.3593662013095,1357.2533026228227,4513065.0,AXIS,Bank
2026-02-18,1375.9388427734375,1377.4376868287463,1352.7567701751589,1361.9496315905558,5556076.0,AXIS,Bank
2026-02-19,1355.5545654296875,1381.7344486208983,1349.9589052436156,1380.0356854729655,2744704.0,AXIS,Bank
2026-02-20,1367.24560546875,1375.439237570427,1349.95888845452,1349.95888845452,3791536.0,AXIS,Bank
2026-02-23,1385.63134765625,1400.919606128463,1379.1363566149982,1379.4361742227843,6160153.0,AXIS,Bank
2026-02-24,1386.5306396484375,1396.9226494184725,1382.4338236555484,1396.9226494184725,7888492.0,AXIS,Bank
2026-02-25,1401.9188232421875,1403.2178702295591,1386.5306663608878,1392.9257588022874,4379373.0,AXIS,Bank
2026-02-26,1394.424560546875,1404.616651145543,1384.9318817040264,1401.918780685966,8979547.0,AXIS,Bank
2026-02-27,1382.83349609375,1394.4245319425252,1379.935706637497,1385.9310826257845,5840317.0,AXIS,Bank
2026-03-02,1371.2425537109375,1383.6329006836204,1352.556890754723,1368.0449464468218,5132511.0,AXIS,Bank
2026-03-04,1350.2586669921875,1356.5537387000063,1325.977345040809,1343.4638586340377,5832353.0,AXIS,Bank
2026-03-05,1348.060302734375,1354.7552126199696,1334.2710107771431,1353.8558818023537,6057499.0,AXIS,Bank
2026-03-06,1314.7860107421875,1346.8612480726197,1312.4877344760207,1345.9619172738485,11629935.0,AXIS,Bank
2026-03-09,1287.3072509765625,1290.005121495157,1259.8284431987802,1281.21185421577,7926265.0,AXIS,Bank
2026-03-10,1313.686767578125,1318.483117211831,1283.609988769071,1294.2017954025807,6289277.0,AXIS,Bank
2026-03-11,1254.832275390625,1316.4846779309364,1251.7345668027367,1308.9904577529614,6859908.0,AXIS,Bank
2026-03-12,1233.5487060546875,1250.1358898575004,1230.8508354394771,1242.2419531270289,9663320.0,AXIS,Bank
2026-03-13,1196.3773193359375,1233.548601426835,1193.3796313616317,1223.0566935167649,9098187.0,AXIS,Bank
2026-03-16,1213.763916015625,1218.9599821354238,1179.1906028112269,1198.2758601545113,8743794.0,AXIS,Bank
2026-03-17,1227.153564453125,1231.3504009913356,1209.0675372579854,1218.7600133529452,5707317.0,AXIS,Bank
2026-03-18,1252.2342529296875,1259.0290617359035,1223.25659992148,1227.053720485468,6018952.0,AXIS,Bank
2026-03-19,1206.06982421875,1240.543236758557,1201.0736774738505,1220.0590351044686,8264698.0,AXIS,Bank
2026-03-20,1202.9722900390625,1230.850814485364,1198.7754534047704,1207.6686193933658,7518686.0,AXIS,Bank
2026-03-23,1169.6978759765625,1184.1867018397022,1164.1022159005292,1180.0898858184764,6697446.0,AXIS,Bank
2026-03-24,1191.78076171875,1201.8730754363555,1168.698588811437,1186.0852033826384,8274701.0,AXIS,Bank
2026-03-25,1221.158203125,1238.0452040729797,1197.0767994184257,1199.0752581820625,9645791.0,AXIS,Bank
2026-03-27,1204.271240234375,1212.5648931560606,1201.0737549020064,1208.5679755024764,9479301.0,AXIS,Bank
2026-03-30,1160.4051513671875,1187.883959875634,1153.0108294096656,1184.1867379087505,18534887.0,AXIS,Bank
2026-04-01,1192.1805419921875,1207.0690840633831,1174.0945147139696,1174.0945147139696,6595695.0,AXIS,Bank
2026-04-02,1196.9769287109375,1201.3735624884298,1149.4136334255566,1173.694834782652,9501543.0,AXIS,Bank
2026-04-06,1244.34033203125,1248.8368640111612,1195.4779934543012,1201.1735518383607,7847086.0,AXIS,Bank
2026-04-07,1249.1365966796875,1254.5324596108962,1220.0590467422576,1236.846148755743,9248545.0,AXIS,Bank
2026-04-08,1331.9727783203125,1334.5707503418926,1299.0981069582683,1299.0981069582683,13519723.0,AXIS,Bank
2026-04-09,1317.48388671875,1337.5683720869056,1311.788328262907,1321.281007006804,6542529.0,AXIS,Bank
2026-04-10,1349.759033203125,1357.552948822845,1325.077995466752,1327.775987854385,6755589.0,AXIS,Bank
2026-04-13,1352.556884765625,1365.846684510496,1314.286472120357,1316.9843426965365,8974851.0,AXIS,Bank
2026-04-15,1354.4554443359375,1383.4330967783883,1347.96045327125,1365.946582373461,6789879.0,AXIS,Bank
2026-04-16,1348.5599365234375,1363.448478566647,1341.9650470611996,1360.950405135781,5232398.0,AXIS,Bank
2026-04-17,1358.0526123046875,1363.248678214176,1343.0641717554277,1351.957337543237,4062181.0,AXIS,Bank
2026-04-20,1353.656005859375,1372.941181877113,1346.9612177367892,1358.4523557219322,4878641.0,AXIS,Bank
2026-04-21,1376.6383056640625,1379.236399704072,1353.656029295873,1359.9512233524406,5145338.0,AXIS,Bank
2026-04-22,1378.536865234375,1389.928104867213,1364.947369697062,1368.944287324286,3997911.0,AXIS,Bank
2026-04-23,1368.5445556640625,1383.1332804429271,1364.347840993514,1367.945042422019,5671255.0,AXIS,Bank
2026-04-24,1364.847412109375,1373.9403749227065,1348.9596408332025,1367.9449987412254,3648313.0,AXIS,Bank
2026-04-27,1323.179443359375,1326.2771518946506,1298.8982435808812,1323.9788756219436,10768267.0,AXIS,Bank
2026-04-28,1288.0067138671875,1320.3817712564608,1284.509410920302,1310.9889903752908,9939787.0,AXIS,Bank
2026-04-29,1295.4010009765625,1308.1910639372534,1278.014385257251,1294.0020554402972,6228275.0,AXIS,Bank
2026-04-30,1267.3226318359375,1287.007401216218,1256.3311089994636,1287.007401216218,16481853.0,AXIS,Bank
2026-05-01,1267.3226318359375,1267.3226318359375,1267.3226318359375,1267.3226318359375,0.0,AXIS,Bank
2026-05-04,1274.1173095703125,1293.4024846611255,1263.525502940515,1267.3226232305549,9759479.0,AXIS,Bank
2026-05-05,1258.729248046875,1272.7184598875697,1251.0352303249915,1267.0229010000714,10163714.0,AXIS,Bank
2026-05-06,1293.20263671875,1299.9974454083847,1254.2326902384063,1274.0174810881558,7277673.0,AXIS,Bank
2026-05-07,1291.7037353515625,1307.0918917772797,1280.212597796342,1297.9989290636138,6785048.0,AXIS,Bank
2026-05-08,1267.3226318359375,1281.0120251235958,1263.625410059744,1279.0135664260551,6358595.0,AXIS,Bank
2026-05-11,1271.319580078125,1282.011285578894,1250.735357413012,1257.7299630241207,7341360.0,AXIS,Bank
2026-05-12,1259.12890625,1273.0182189048855,1255.9314210526663,1269.421017563825,5727828.0,AXIS,Bank
2026-05-13,1254.7322998046875,1274.3172934854406,1246.538667573858,1255.132015957074,6045406.0,AXIS,Bank
2026-05-14,1253.6331787109375,1268.022106441695,1234.8477392086593,1255.631637507536,5822618.0,AXIS,Bank
2026-05-15,1243.8408203125,1262.4264629724478,1241.0429291696062,1258.6293424179842,4805485.0,AXIS,Bank
2026-05-18,1236.946044921875,1241.0428608886589,1221.1581722972078,1238.0451728188796,6052023.0,AXIS,Bank
2026-05-19,1237.3458251953125,1248.8369633917555,1230.351219336608,1237.5456222864914,9200314.0,AXIS,Bank
2026-05-20,1248.8369140625,1253.1335271630967,1225.6547195178894,1233.0490412431209,3562641.0,AXIS,Bank
2026-05-21,1252.334228515625,1261.726887089914,1243.8407788007414,1255.9314298819745,5171528.0,AXIS,Bank
2026-05-22,1284.409423828125,1287.8068279947058,1253.1334965544734,1253.1334965544734,5016900.0,AXIS,Bank
2026-05-25,1310.189453125,1313.4869587156177,1292.9028588434312,1299.39784951034,5671455.0,AXIS,Bank
2026-05-26,1298.298828125,1315.985139985791,1290.50478989495,1308.7907369859347,6455265.0,AXIS,Bank
2026-05-27,1303.094970703125,1313.486980336486,1292.103447855121,1295.301054960284,7243174.0,AXIS,Bank
2026-05-28,1303.094970703125,1303.094970703125,1303.094970703125,1303.094970703125,0.0,AXIS,Bank
2026-05-29,1285.6085205078125,1311.5884848848368,1276.4156588264402,1295.1011997994176,15215715.0,AXIS,Bank
2026-06-01,1274.916748046875,1292.2033425617142,1266.0235824646225,1288.0066280954209,4311076.0,AXIS,Bank
2026-06-02,1250.1358642578125,1274.8169033533427,1243.9406908361375,1262.0267183828762,11884695.0,AXIS,Bank
2026-06-03,1254.232666015625,1263.825365621905,1229.3519520935338,1244.1404736967706,7953326.0,AXIS,Bank
2026-06-04,1252.334228515625,1258.929118016639,1243.1412450502407,1245.0398052641103,6392593.0,AXIS,Bank
2026-06-05,1271.319580078125,1275.0166799677856,1251.1350735574667,1259.0290099995375,7825303.0,AXIS,Bank
2026-06-08,1267.1226806640625,1278.2141017590434,1261.0274061863013,1261.0274061863013,5034388.0,AXIS,Bank
2026-06-09,1291.404052734375,1297.3994289105085,1270.520134658929,1274.916768250008,7533504.0,AXIS,Bank
2026-06-10,1313.487060546875,1325.477813476934,1282.5109488108894,1282.5109488108894,12262606.0,AXIS,Bank
2026-06-11,1316.284912109375,1338.4677555724868,1306.2926183014429,1307.7914623726329,8196686.0,AXIS,Bank
2026-06-12,1355.2548828125,1357.4531387000588,1317.4839627353902,1330.9735596234657,8535670.0,AXIS,Bank
2026-06-15,1367.24560546875,1376.9380816360683,1359.551466079378,1370.9427053735023,7522828.0,AXIS,Bank
2026-06-16,1364.6474609375,1370.4430399003772,1348.160176826413,1362.4492051798502,7709061.0,AXIS,Bank
2026-06-17,1349.8590087890625,1364.647530591123,1348.2602661586025,1363.048787960663,4761917.0,AXIS,Bank
2026-06-18,1359.0518798828125,1364.8474591819588,1343.9635403676143,1346.561512407277,5186573.0,AXIS,Bank
2026-06-19,1356.8536376953125,1361.9496832815275,1349.4593156798994,1355.7545097416184,4640277.0,AXIS,Bank
2026-06-22,1357.552978515625,1365.0471986847929,1354.1555743103545,1359.9511533650066,3153284.0,AXIS,Bank
2026-06-23,1362.44921875,1370.8427696854017,1355.0548971646165,1357.5529705396625,5745853.0,AXIS,Bank
2026-06-24,1383.43310546875,1385.0318481148515,1354.9550675446912,1354.9550675446912,8343829.0,AXIS,Bank
2026-06-25,1376.138671875,1399.021049380356,1371.6421396044548,1385.831270177255,7995552.0,AXIS,Bank
2026-06-26,1376.138671875,1376.138671875,1376.138671875,1376.138671875,0.0,AXIS,Bank
2026-06-29,1355.7545166015625,1391.5268564078813,1351.1579637199086,1391.5268564078813,12602010.0,AXIS,Bank
2026-06-30,1344.6629638671875,1373.9404342753348,1342.5646065082708,1356.6537167481358,7781221.0,AXIS,Bank
2026-07-01,1367.6451416015625,1376.6382056137847,1344.662866903661,1344.662866903661,3187785.0,AXIS,Bank
2026-07-02,1361.5499267578125,1374.440010135796,1357.053394554533,1372.941166068036,4013561.0,AXIS,Bank
2026-07-03,1341.065673828125,1371.941884852612,1337.3685740578371,1371.941884852612,3500465.0,AXIS,Bank
2026-07-06,1338.567626953125,1369.9434532686023,1334.470810970254,1354.6551952621985,5154081.0,AXIS,Bank
2026-07-07,1339.966552734375,1355.8543237280394,1335.1702030839804,1345.762131730582,6198988.0,AXIS,Bank
2026-07-08,1308.4908447265625,1342.9642575887744,1302.9950832557752,1342.9642575887744,6917968.0,AXIS,Bank
2026-07-09,1296.5999755859375,1320.5814799012492,1291.204112719745,1311.8882333774443,5609851.0,AXIS,Bank
2026-07-10,1323.699951171875,1326.5999755859375,1303.9000244140625,1304.0,3549139.0,AXIS,Bank
2026-07-13,1319.4000244140625,1329.9000244140625,1313.5,1315.9000244140625,3674483.0,AXIS,Bank
2026-07-14,1317.5999755859375,1323.699951171875,1298.5999755859375,1320.0999755859375,6005505.0,AXIS,Bank
2026-07-15,1312.300048828125,1348.0,1303.300048828125,1328.0,9442403.0,AXIS,Bank
2026-07-16,1307.5999755859375,1315.5,1299.4000244140625,1315.0999755859375,5001226.0,AXIS,Bank
2026-07-17,1328.5,1333.0,1305.0,1307.0,11192836.0,AXIS,Bank
2026-07-20,1256.0,1284.0,1249.0999755859375,1275.0,25314148.0,AXIS,Bank
2026-07-21,1258.199951171875,1267.699951171875,1244.5,1245.0,15014867.0,AXIS,Bank
2026-07-22,1238.4000244140625,1258.199951171875,1230.5,1258.199951171875,8358923.0,AXIS,Bank
2026-07-23,1223.0,1239.4000244140625,1219.199951171875,1230.0999755859375,8240787.0,AXIS,Bank
2026-07-24,1227.300048828125,1233.9000244140625,1210.5999755859375,1216.800048828125,8088828.0,AXIS,Bank
2026-07-27,1227.5,1237.0,1221.5999755859375,1237.0,5967502.0,AXIS,Bank
2026-07-28,1223.5,1233.9000244140625,1219.699951171875,1222.5,6093182.0,AXIS,Bank
2026-07-29,1235.4000244140625,1237.0999755859375,1214.4000244140625,1229.5,10110233.0,AXIS,Bank
2026-07-30,1228.9000244140625,1232.199951171875,1220.199951171875,1229.0,6878684.0,AXIS,Bank
2026-07-31,1229.5,1239.699951171875,1226.0,1226.199951171875,7487936.0,AXIS,Bank
2026-08-03,1272.0,1272.0,1230.5,1236.9000244140625,6713421.0,AXIS,Bank
2026-08-04,1261.800048828125,1264.0,1244.0,1264.0,5694891.0,AXIS,Bank
2026-08-05,1253.9000244140625,1263.0,1246.199951171875,1260.0,4295283.0,AXIS,Bank
2026-01-01,442.7955322265625,443.4144587965957,437.0454497037056,441.23822328745234,6734875.0,KOTAK,Bank
2026-01-02,438.2633666992188,444.812058529919,435.348416189142,442.79555083555135,12238470.0,KOTAK,Bank
2026-01-05,437.4248046875,440.5793621931248,435.6478736742348,438.6227487151993,10914245.0,KOTAK,Bank
2026-01-06,428.5401611328125,444.8320419292552,426.2640917910288,439.6609766519108,26541035.0,KOTAK,Bank
2026-01-07,428.06097412109375,429.3587519201376,421.11297783622985,428.5401578343537,10561315.0,KOTAK,Bank
2026-01-08,425.8647766113281,427.8613296845505,422.9897353114908,427.282312232926,11484710.0,KOTAK,Bank
2026-01-09,424.62689208984375,425.8647757088061,422.4706415845176,425.8647757088061,10319615.0,KOTAK,Bank
2026-01-12,425.9246826171875,427.1425812443391,420.4741011058293,424.6269048044945,12720435.0,KOTAK,Bank
2026-01-13,425.7848815917969,428.1408299723652,423.2692357804946,424.6468622241772,12717650.0,KOTAK,Bank
2026-01-14,420.2744140625,426.86304517405335,418.0781935369884,425.265796652316,10818517.0,KOTAK,Bank
2026-01-15,420.2744140625,420.2744140625,420.2744140625,420.2744140625,0.0,KOTAK,Bank
2026-01-16,417.479248046875,426.8630411339177,416.3811377945125,423.2692396102682,17993251.0,KOTAK,Bank
2026-01-19,426.1642456054688,429.65821346900736,414.2847609624339,418.2778670921923,22228439.0,KOTAK,Bank
2026-01-20,423.069580078125,430.2571832605823,421.771832778645,427.2623536787221,18805991.0,KOTAK,Bank
2026-01-21,420.8733825683594,424.7666548630621,415.68233253210144,421.3725208231926,16386060.0,KOTAK,Bank
2026-01-22,425.2658081054688,429.05924678990016,419.5756196138393,423.0695875208091,10087657.0,KOTAK,Bank
2026-01-23,422.0713195800781,429.05925553647,419.6754619165975,428.26064647030415,10548118.0,KOTAK,Bank
2026-01-27,407.9956359863281,414.2847660316592,399.80975613416746,414.2847660316592,47613963.0,KOTAK,Bank
2026-01-28,411.6892395019531,413.4861555551203,405.59974650757647,408.59457613120605,14823671.0,KOTAK,Bank
2026-01-29,411.6892395019531,413.88546007860776,406.2985522724163,406.2985522724163,26085514.0,KOTAK,Bank
2026-01-30,407.29681396484375,411.7890582365149,404.70128895932646,409.29336697447536,20681886.0,KOTAK,Bank
2026-02-02,407.4964904785156,410.14191718188175,404.40182715203855,407.9956287419803,15422034.0,KOTAK,Bank
2026-02-03,415.0833740234375,424.2675303968445,409.5928530418313,414.28476497574223,35396945.0,KOTAK,Bank
2026-02-04,411.6393432617188,417.92847336786326,409.8923592916805,415.9818523659532,14948177.0,KOTAK,Bank
2026-02-05,408.0455322265625,413.2365823760492,403.4035524483576,410.291654422305,24814864.0,KOTAK,Bank
2026-02-06,421.6221008300781,423.91812467556457,409.59285029920807,410.291656059999,21228778.0,KOTAK,Bank
2026-02-09,428.06097412109375,434.1504671928058,423.46892634519605,429.2589181717522,22538542.0,KOTAK,Bank
2026-02-10,428.5600891113281,433.1521671026884,427.4620093337042,430.05750386079467,18428055.0,KOTAK,Bank
2026-02-11,428.8096618652344,430.9559807296188,427.01277633666,430.9559807296188,12299205.0,KOTAK,Bank
2026-02-12,425.515380859375,430.3070961293936,424.3673689160354,428.6599459093862,14003384.0,KOTAK,Bank
2026-02-13,419.9250183105469,428.1607997234299,418.8269080291661,425.2658038652311,23233320.0,KOTAK,Bank
2026-02-16,424.8664855957031,425.9645958415494,417.52914720866346,418.2778545856067,12403028.0,KOTAK,Bank
2026-02-17,423.7184753417969,424.76665348755984,419.8751046990307,422.9198358576612,6427007.0,KOTAK,Bank
2026-02-18,425.6152038574219,426.66338202595625,420.62382121681645,424.9663302071396,7333331.0,KOTAK,Bank
2026-02-19,415.6823425292969,425.2159017048829,415.1333026217685,424.9663325714642,6473423.0,KOTAK,Bank
2026-02-20,420.6238098144531,422.6702644556328,414.2847479397285,414.2847479397285,6603883.0,KOTAK,Bank
2026-02-23,429.9577026367188,431.0557824195882,419.6255347230468,422.2709613667453,10399627.0,KOTAK,Bank
2026-02-24,426.962890625,431.7047042153327,425.066140816881,430.1573572910767,15016915.0,KOTAK,Bank
2026-02-25,424.2176208496094,429.4086404928484,420.6737209121761,424.76666075154463,10192468.0,KOTAK,Bank
2026-02-26,423.81829833984375,425.9646173005251,420.9732345361176,425.9646173005251,13417228.0,KOTAK,Bank
2026-02-27,414.48443603515625,421.6221072796393,413.73572862213393,419.7752895678544,17806739.0,KOTAK,Bank
2026-03-02,412.3880310058594,413.8854457658916,406.3983719657306,409.29336774212993,15236666.0,KOTAK,Bank
2026-03-04,402.6548461914063,409.7925173184511,401.50683426999046,404.3019963799578,18393751.0,KOTAK,Bank
2026-03-05,406.5980224609375,409.3432829452956,401.6565718680823,402.9044175427905,14963265.0,KOTAK,Bank
2026-03-06,399.1109313964844,405.9990635991823,398.3123223847129,403.0042341075679,17512726.0,KOTAK,Bank
2026-03-09,385.6841430664063,393.1712170337948,384.4362974051748,389.3278463042057,20275976.0,KOTAK,Bank
2026-03-10,391.1746520996094,393.57050960343815,386.8321432373679,389.8269727333991,21346381.0,KOTAK,Bank
2026-03-11,382.5395812988281,390.4259598509032,379.295182552438,388.1798376418639,29991868.0,KOTAK,Bank
2026-03-12,374.6531677246094,379.494814964865,373.4053220680992,376.3502500034559,25048123.0,KOTAK,Bank
2026-03-13,366.2177429199219,372.956109346477,362.77367678257895,372.3571373488981,32179473.0,KOTAK,Bank
2026-03-16,369.2125854492188,372.7065533490343,363.4225632219636,366.2177558208054,27927294.0,KOTAK,Bank
2026-03-17,373.5550842285156,374.5034286391056,367.964729649581,369.2125752937637,15176772.0,KOTAK,Bank
2026-03-18,374.75299072265625,376.30033757134186,370.4604139733601,374.35368621702094,15235416.0,KOTAK,Bank
2026-03-19,367.5155029296875,369.5120560141513,362.7237877129672,365.5189498452236,17308390.0,KOTAK,Bank
2026-03-20,366.117919921875,371.95784375595656,364.7702405040128,367.96473760820606,17077194.0,KOTAK,Bank
2026-03-23,355.9354858398437,364.2711009877153,354.6377385322632,364.22119934703227,16980244.0,KOTAK,Bank
2026-03-24,366.2177429199219,370.3106826942331,360.77712376730335,362.3743722725201,19990983.0,KOTAK,Bank
2026-03-25,370.4604187011719,377.3485205224748,362.374372882694,368.3141302991329,42442702.0,KOTAK,Bank
2026-03-27,365.5189514160156,368.2143102776179,361.875248114207,366.9165324881498,28928069.0,KOTAK,Bank
2026-03-30,352.7909240722656,362.3244833333667,351.043940122664,360.37783188924624,39762775.0,KOTAK,Bank
2026-04-01,355.43634033203125,363.4225524374776,354.388162179184,363.1729833091824,21245776.0,KOTAK,Bank
2026-04-02,357.38299560546875,359.2298132679348,344.9045390549985,349.6962541843864,22056018.0,KOTAK,Bank
2026-04-06,359.9285888671875,360.77713000635,349.4966174609575,357.38299591468177,18320378.0,KOTAK,Bank
2026-04-07,362.3244934082031,363.3726716211169,356.3847356284031,356.3847356284031,23655155.0,KOTAK,Bank
2026-04-08,379.4948120117188,380.4930885291585,368.8132715541026,376.35024707477993,30162218.0,KOTAK,Bank
2026-04-09,371.259033203125,378.0473318456893,368.8132739981789,376.3502495688028,12422256.0,KOTAK,Bank
2026-04-10,373.9044494628906,378.4965274383721,371.7082594502558,372.8562713278809,23751660.0,KOTAK,Bank
2026-04-13,371.259033203125,372.3571434725821,364.9699032875701,367.3158592120961,30027087.0,KOTAK,Bank
2026-04-15,381.7409362792969,382.3399082860573,374.8528343640066,374.8528343640066,19100372.0,KOTAK,Bank
2026-04-16,378.4965515136719,385.7839886784025,377.5981087029469,382.489657752434,12060624.0,KOTAK,Bank
2026-04-17,382.9388732910156,384.5361217915114,376.0008393974469,378.6462660418718,11626179.0,KOTAK,Bank
2026-04-20,378.5464782714844,385.3347465954633,377.3485342307905,383.43802725185,11146713.0,KOTAK,Bank
2026-04-21,381.4913635253906,382.4896400388497,377.6979249602387,380.79258824495815,12323488.0,KOTAK,Bank
2026-04-22,376.2005310058594,382.1402583106071,375.6015589716455,377.4483767167286,14471487.0,KOTAK,Bank
2026-04-23,369.7616271972656,375.3020803163225,367.0163666909259,369.4122243125531,27628052.0,KOTAK,Bank
2026-04-24,370.2108459472656,372.1574668423793,367.0163489627464,369.9612768223808,19678907.0,KOTAK,Bank
2026-04-27,376.1505737304688,379.7943073343939,372.6067043347112,374.35368821303865,11559552.0,KOTAK,Bank
2026-04-28,377.2986145019531,382.5894677539144,371.3588571544845,371.3588571544845,12852733.0,KOTAK,Bank
2026-04-29,381.3416442871094,385.3846521518042,376.8993014281381,377.3485380642077,7913344.0,KOTAK,Bank
2026-04-30,382.6393737792969,386.1832736658432,374.653161705928,375.9509394468392,24812228.0,KOTAK,Bank
2026-05-01,382.6393737792969,382.6393737792969,382.6393737792969,382.6393737792969,0.0,KOTAK,Bank
2026-05-04,371.0094604492188,381.39153010501576,362.3743746934591,378.2469651779448,74467483.0,KOTAK,Bank
2026-05-05,370.7099914550781,374.8528329162831,368.11446641246175,370.3605885804022,19084772.0,KOTAK,Bank
2026-05-06,375.9509582519531,379.3450924599137,365.0198177437599,373.35543310528345,36195481.0,KOTAK,Bank
2026-05-07,378.7461242675781,381.79088608267705,373.6549076715796,375.4518237751584,27286751.0,KOTAK,Bank
2026-05-08,380.1436767578125,380.8424824896574,373.3554087840941,378.3467912544696,16183126.0,KOTAK,Bank
2026-05-11,380.3932495117188,385.3347303905433,373.7547168557587,375.4517990978753,21347878.0,KOTAK,Bank
2026-05-12,375.35198974609375,380.3932742308924,373.90447653581367,379.54476351967634,13065308.0,KOTAK,Bank
2026-05-13,376.9991149902344,383.3381768726613,376.2005059744088,377.2486841158025,16267456.0,KOTAK,Bank
2026-05-14,382.5395812988281,384.3364668800667,374.95267352196544,377.348531118611,10652514.0,KOTAK,Bank
2026-05-15,386.3829345703125,392.6221631382673,379.84423521708914,382.5395941444389,19461437.0,KOTAK,Bank
2026-05-18,391.1247253417969,392.322669342576,379.644545450093,381.3416277070331,14575831.0,KOTAK,Bank
2026-05-19,381.291748046875,391.1247478880831,379.594665692107,387.8304473935137,22567886.0,KOTAK,Bank
2026-05-20,382.5395812988281,383.3880919835906,375.6514488191217,375.6514488191217,12342444.0,KOTAK,Bank
2026-05-21,380.1936340332031,385.7839888631438,377.2487059947126,384.0370048828488,10133840.0,KOTAK,Bank
2026-05-22,383.4879150390625,385.63420344153394,380.3433501270712,380.3433501270712,10348359.0,KOTAK,Bank
2026-05-25,392.1729431152344,394.46896696119046,386.5825884227101,387.6307665991287,15571552.0,KOTAK,Bank
2026-05-26,387.9801635742188,394.26932393195074,386.3330134084967,392.17293714604006,15059212.0,KOTAK,Bank
2026-05-27,388.0300903320313,389.8269758580605,386.03353731867367,387.8803244840444,9326451.0,KOTAK,Bank
2026-05-28,388.0300903320313,388.0300903320313,388.0300903320313,388.0300903320313,0.0,KOTAK,Bank
2026-05-29,383.537841796875,391.8734261631799,380.5929139488522,388.1798214084353,40109830.0,KOTAK,Bank
2026-06-01,376.7495422363281,386.33300265884606,375.0025583741757,383.4879085617731,12335552.0,KOTAK,Bank
2026-06-02,378.3966979980469,380.8923892669035,371.5585282933648,372.3571373134064,14834956.0,KOTAK,Bank
2026-06-03,380.3433532714844,382.7891429260207,374.4535279096205,376.9492192040528,14844206.0,KOTAK,Bank
2026-06-04,380.8424987792969,383.338190121232,377.2486971539139,377.84766916897473,13889236.0,KOTAK,Bank
2026-06-05,376.7994995117188,383.0387280076408,374.0043068665559,380.8425073910831,10129597.0,KOTAK,Bank
2026-06-08,376.4500732421875,378.24695875141794,372.0576627468611,372.3571335100725,14460894.0,KOTAK,Bank
2026-06-09,381.0421752929688,381.7908827132733,376.649734055196,379.0456221721567,13987913.0,KOTAK,Bank
2026-06-10,387.4311218261719,390.5257851177584,379.8442142140513,379.8442142140513,21427363.0,KOTAK,Bank
2026-06-11,392.6720886230469,399.2107878659894,383.8872366685407,385.3347498578859,16135289.0,KOTAK,Bank
2026-06-12,402.60491943359375,403.80286347662496,394.26933463368897,397.0644967807851,17227481.0,KOTAK,Bank
2026-06-15,405.0506896972656,410.2916413199659,401.7563894347036,407.29681182128,14269679.0,KOTAK,Bank
2026-06-16,407.1470947265625,407.84587002865305,403.8028622098258,405.0507078903258,9079548.0,KOTAK,Bank
2026-06-17,403.8028564453125,408.04553169844615,401.85620502552894,407.1470889143084,11654415.0,KOTAK,Bank
2026-06-18,402.2555541992188,403.5533015481981,398.9612232545293,403.2538307645823,9342524.0,KOTAK,Bank
2026-06-19,398.5619201660156,402.85449722664447,397.3140744547883,401.8063190152067,17504009.0,KOTAK,Bank
2026-06-22,401.4569091796875,402.405284089811,398.0627749968488,398.5619132727069,7158956.0,KOTAK,Bank
2026-06-23,400.957763671875,404.301996152802,397.31406041682766,397.31406041682766,10077909.0,KOTAK,Bank
2026-06-24,405.2503662109375,407.2469192545386,399.51027621058415,400.95775888820594,11768059.0,KOTAK,Bank
2026-06-25,408.2951049804688,413.08682018788966,406.4982193939315,408.794243250616,16587414.0,KOTAK,Bank
2026-06-26,408.2951049804688,408.2951049804688,408.2951049804688,408.2951049804688,0.0,KOTAK,Bank
2026-06-29,394.818359375,404.1522508286948,393.4207783551644,401.8062949391593,37210245.0,KOTAK,Bank
2026-06-30,391.573974609375,396.3157881961042,389.2280186366283,394.8183733792424,24824891.0,KOTAK,Bank
2026-07-01,399.7598571777344,400.7082016225359,392.572253821956,396.6651937755247,21723944.0,KOTAK,Bank
2026-07-02,398.61181640625,404.3020049583232,396.61526329534473,399.7598588170068,12980945.0,KOTAK,Bank
2026-07-03,396.0662231445313,400.75813513841166,393.8700025378249,399.3106219478576,14747410.0,KOTAK,Bank
2026-07-06,380.642822265625,389.07827098745855,380.0438807297398,389.07827098745855,34164881.0,KOTAK,Bank
2026-07-07,381.0421752929688,382.2400888864662,377.9974135047407,380.8425077948944,23216875.0,KOTAK,Bank
2026-07-08,369.462158203125,381.092073947694,368.4638816505443,377.8476751518066,22517529.0,KOTAK,Bank
2026-07-09,376.5,377.29863953014825,367.7650800654548,370.8597435066903,30720415.0,KOTAK,Bank
2026-07-10,376.94921875,380.4930881978325,376.250413002408,376.7994833655108,15468937.0,KOTAK,Bank
2026-07-13,383.987060546875,384.4861988110631,374.4535318868759,375.15230717775006,14167721.0,KOTAK,Bank
2026-07-14,377.9974060058594,382.8390533207743,375.4518130133178,382.8390533207743,16237528.0,KOTAK,Bank
2026-07-15,377.7478332519531,382.1402438955259,375.6015448032169,378.69620814243245,8082156.0,KOTAK,Bank
2026-07-16,376.5,380.5929400051835,375.9010279686346,376.8494028903784,10889356.0,KOTAK,Bank
2026-07-17,389.9500122070313,391.7999877929688,375.7000122070313,377.5,17847316.0,KOTAK,Bank
2026-07-20,382.0499877929688,383.75,376.1000061035156,382.0,32539419.0,KOTAK,Bank
2026-07-21,385.9500122070313,386.9500122070313,381.0499877929688,383.0,17152911.0,KOTAK,Bank
2026-07-22,381.1499938964844,390.0,378.1499938964844,384.2999877929688,11688952.0,KOTAK,Bank
2026-07-23,383.3500061035156,386.1000061035156,378.8500061035156,379.7000122070313,12720546.0,KOTAK,Bank
2026-07-24,384.75,386.5,378.6000061035156,378.6000061035156,13308317.0,KOTAK,Bank
2026-07-27,384.6499938964844,388.75,383.5499877929688,386.0,16710096.0,KOTAK,Bank
2026-07-28,385.2999877929688,387.2999877929688,383.0499877929688,383.0499877929688,14247981.0,KOTAK,Bank
2026-07-29,390.2000122070313,392.25,385.1499938964844,387.0,9190194.0,KOTAK,Bank
2026-07-30,389.3999938964844,390.2000122070313,385.7000122070313,385.7000122070313,12205963.0,KOTAK,Bank
2026-07-31,390.2999877929688,391.8500061035156,388.0,390.2000122070313,7014637.0,KOTAK,Bank
2026-08-03,397.5,397.5,391.0499877929688,392.0,11247062.0,KOTAK,Bank
2026-08-04,398.0,398.25,392.1000061035156,395.5,9131231.0,KOTAK,Bank
2026-08-05,400.0,400.0,393.8500061035156,397.0,11833171.0,KOTAK,Bank
2026-01-01,815.2333374023438,826.395576439168,808.819971362249,820.5207263696954,1205991.0,Indian_Bank,Bank
2026-01-02,843.4326171875,846.2231469056792,824.437245813806,824.486190942499,3201311.0,Indian_Bank,Bank
2026-01-05,840.2993774414062,849.9928439359987,831.780833119203,845.9783870688539,1041948.0,Indian_Bank,Bank
2026-01-06,843.530517578125,854.5948060884319,837.5577775163493,844.0200883950595,1138586.0,Indian_Bank,Bank
2026-01-07,846.5658569335938,847.9366791650142,832.5151979908237,843.530541686674,2116921.0,Indian_Bank,Bank
2026-01-08,810.7293090820312,844.5096969604492,808.868915989698,840.1035594110904,1354984.0,Indian_Bank,Bank
2026-01-09,815.527099609375,839.1243893370141,810.7292816464967,813.8136017314989,2989007.0,Indian_Bank,Bank
2026-01-12,809.407470703125,819.590508028857,795.8463229627966,815.6739414200223,2013884.0,Indian_Bank,Bank
2026-01-13,800.693115234375,815.9677016599139,790.9506434879147,814.0094182842261,1984088.0,Indian_Bank,Bank
2026-01-14,828.7455444335938,832.1725403242491,791.6360507413854,802.8961800963958,3279844.0,Indian_Bank,Bank
2026-01-15,828.7455444335938,828.7455444335938,828.7455444335938,828.7455444335938,0.0,Indian_Bank,Bank
2026-01-16,834.3265991210938,843.4326645274377,825.465378896081,828.7455393714832,1800308.0,Indian_Bank,Bank
2026-01-19,840.7889404296875,843.0409542551923,823.4581214037361,833.2495378294642,1306983.0,Indian_Bank,Bank
2026-01-20,828.9412841796875,851.216756373076,826.3955398338396,844.0200892615755,1230157.0,Indian_Bank,Bank
2026-01-21,832.8088989257812,839.1243743725965,814.3031580319777,829.3329581022045,1777407.0,Indian_Bank,Bank
2026-01-22,878.0452880859375,889.0606318171523,836.3828221927339,841.7681013502166,5457242.0,Indian_Bank,Bank
2026-01-23,858.168701171875,885.9273427235753,853.3219381080056,884.605525416185,3266265.0,Indian_Bank,Bank
2026-01-27,858.4135131835938,869.9184277945968,840.1035520204781,859.3437097215772,1689591.0,Indian_Bank,Bank
2026-01-28,879.6118774414062,881.7170558938961,854.7906605167922,859.5394736148378,1143342.0,Indian_Bank,Bank
2026-01-29,890.5293579101562,897.3833496697727,878.3390320424254,879.6119042739411,2027302.0,Indian_Bank,Bank
2026-01-30,892.6834716796875,903.7477605882136,880.1994153985394,888.1304390135017,2043131.0,Indian_Bank,Bank
2026-02-02,817.387451171875,829.3329914545662,789.384023417196,825.5633199436894,4129175.0,Indian_Bank,Bank
2026-02-03,851.9511108398438,873.4922267625914,840.0056307286974,856.7489287456444,1411737.0,Indian_Bank,Bank
2026-02-04,860.9102783203125,864.9737399903115,844.117975458202,846.3700490172255,1374637.0,Indian_Bank,Bank
2026-02-05,861.1550903320312,864.5331410128642,853.5177973332333,857.7280945205905,904730.0,Indian_Bank,Bank
2026-02-06,853.0281982421875,863.8966464078591,844.2648687194198,859.9800798959684,1237331.0,Indian_Bank,Bank
2026-02-09,883.6753540039062,891.6063775976196,862.6238081744503,862.6238081744503,2416660.0,Indian_Bank,Bank
2026-02-10,887.1513061523438,896.6979375209453,879.0733873019886,887.9836124365893,1698438.0,Indian_Bank,Bank
2026-02-11,878.5838012695312,891.8511588358493,858.6093472240309,891.5574282896926,2377332.0,Indian_Bank,Bank
2026-02-12,862.330078125,878.3390204764723,858.7072420044951,878.3390204764723,2301586.0,Indian_Bank,Bank
2026-02-13,855.47607421875,863.5050477261403,846.125283384573,856.7489464152972,877486.0,Indian_Bank,Bank
2026-02-16,870.3590087890625,873.7860044545984,845.0971072163202,850.8740666716196,1290153.0,Indian_Bank,Bank
2026-02-17,900.908203125,902.6707058946048,862.6237887330466,869.4777802439788,1893818.0,Indian_Bank,Bank
2026-02-18,918.581787109375,922.8410294945236,901.2509674943062,905.7060501670392,2221965.0,Indian_Bank,Bank
2026-02-19,908.0069580078124,932.6323936720622,901.8873228787309,922.4983018031276,1724103.0,Indian_Bank,Bank
2026-02-20,926.9534301757812,930.1845857316994,904.7269023327266,908.0070030196914,1821350.0,Indian_Bank,Bank
2026-02-23,962.25146484375,965.4336752337192,932.1918039768592,933.1220005048016,4004600.0,Indian_Bank,Bank
2026-02-24,965.2868041992188,969.2523758246864,955.0058165285868,960.537990941896,2141014.0,Indian_Bank,Bank
2026-02-25,963.0836791992188,969.7418900640814,951.0402491547018,969.301264380074,1095273.0,Indian_Bank,Bank
2026-02-26,970.867919921875,977.1344505727004,953.0475294105267,966.4128372345544,1532659.0,Indian_Bank,Bank
2026-02-27,969.8397827148438,979.1416281825782,959.5587956189266,967.4898189023806,2343944.0,Indian_Bank,Bank
2026-03-02,956.2787475585938,964.454556697856,939.976014649687,939.976014649687,1434807.0,Indian_Bank,Bank
2026-03-04,919.4140014648438,941.2977932498368,896.6000131679158,935.0802677304854,2957995.0,Indian_Bank,Bank
2026-03-05,931.8980712890624,937.332295528564,910.6017402666964,932.0939115727156,2154862.0,Indian_Bank,Bank
2026-03-06,919.8056640625,934.6396237858344,917.11302460068,928.2752032397144,1071588.0,Indian_Bank,Bank
2026-03-09,880.1504516601562,908.6434497240484,860.3717784098709,908.6434497240484,2044078.0,Indian_Bank,Bank
2026-03-10,910.35693359375,917.4557104354328,886.6616941146166,892.9771696020435,1627044.0,Indian_Bank,Bank
2026-03-11,898.6561889648438,915.4974371950694,891.018896093597,910.4548338233408,1145458.0,Indian_Bank,Bank
2026-03-12,890.627197265625,903.0623078425588,871.4360453404796,891.018877820041,1025100.0,Indian_Bank,Bank
2026-03-13,852.14697265625,890.6272278474893,849.454333097852,890.6272278474893,2204866.0,Indian_Bank,Bank
2026-03-16,859.1478271484375,866.1486538801247,830.9485604209872,846.9575020167096,2341800.0,Indian_Bank,Bank
2026-03-17,855.7208862304688,866.5403898805187,842.0618477934983,866.5403898805187,1399473.0,Indian_Bank,Bank
2026-03-18,870.3590087890625,876.9682147154531,856.406240722238,856.7489163839668,1592607.0,Indian_Bank,Bank
2026-03-19,841.2295532226562,855.6228873381326,835.2078083083398,851.9511062347841,1414056.0,Indian_Bank,Bank
2026-03-20,860.3228149414062,878.1921496439813,846.1742064710645,853.7136089555223,3265910.0,Indian_Bank,Bank
2026-03-23,820.716552734375,851.7553553605986,815.6250041414633,843.0409706672267,1677108.0,Indian_Bank,Bank
2026-03-24,853.2730102539062,858.5603393525781,832.2704097266273,832.2704097266273,1433333.0,Indian_Bank,Bank
2026-03-25,890.0886840820312,900.418616294586,863.7008052816695,866.5403399048266,2602754.0,Indian_Bank,Bank
2026-03-27,853.5667114257812,885.682544767049,848.9157887079465,883.1857455762026,1988298.0,Indian_Bank,Bank
2026-03-30,828.0601196289062,847.6918980973444,817.583291840927,837.1661251784342,2488566.0,Indian_Bank,Bank
2026-04-01,869.477783203125,872.0725324744913,843.4326392777667,861.0081840452511,1896842.0,Indian_Bank,Bank
2026-04-02,851.2657470703125,855.867664867838,826.3955260543728,852.7834046266494,1607041.0,Indian_Bank,Bank
2026-04-06,881.08056640625,885.7804940108578,846.2231484984679,858.5603090554084,2261012.0,Indian_Bank,Bank
2026-04-07,886.3679809570312,887.3960677397799,860.7634028384235,881.0316469983044,1423269.0,Indian_Bank,Bank
2026-04-08,936.5490112304688,939.2905959654004,910.6017568680982,910.6017568680982,2494224.0,Indian_Bank,Bank
2026-04-09,922.2045288085938,952.4110842296782,919.6587844519604,937.0385485446112,1912175.0,Indian_Bank,Bank
2026-04-10,947.5643310546876,951.7256830639692,927.2471418329,930.1845667806284,2024925.0,Indian_Bank,Bank
2026-04-13,946.3403930664062,950.6486401781556,910.7975635616948,925.2888478507542,1531586.0,Indian_Bank,Bank
2026-04-15,926.2680053710938,980.022906120394,921.7639776641782,957.600538322336,3464905.0,Indian_Bank,Bank
2026-04-16,920.4420776367188,935.0802569625235,910.6506613334462,930.2334939399911,2516529.0,Indian_Bank,Bank
2026-04-17,919.8546142578124,925.2888383400958,910.6506590509804,920.4420753297114,2109087.0,Indian_Bank,Bank
2026-04-20,908.9371948242188,935.8635905867496,906.1466649863822,924.3097309028764,2522718.0,Indian_Bank,Bank
2026-04-21,901.83837890625,922.7920335199128,899.3415797227962,914.5182748623752,3097270.0,Indian_Bank,Bank
2026-04-22,906.0487060546876,914.371410117643,901.8384088928992,901.8384088928992,1910446.0,Indian_Bank,Bank
2026-04-23,895.8656616210938,908.2517675948944,876.6744494880962,906.048698889769,2204928.0,Indian_Bank,Bank
2026-04-24,890.9210205078125,904.2373231815128,882.5983163962339,895.8656739393376,2514713.0,Indian_Bank,Bank
2026-04-27,893.6136474609375,910.4548359687856,890.0397565468755,899.6353327288516,1723294.0,Indian_Bank,Bank
2026-04-28,877.4088134765625,890.7251758468985,875.7443204720764,883.1857731480995,1854563.0,Indian_Bank,Bank
2026-04-29,857.2874755859375,906.3425090168972,844.2159582211192,884.507602007765,5461272.0,Indian_Bank,Bank
2026-04-30,834.081787109375,844.999240365387,795.748427531729,844.999240365387,9226296.0,Indian_Bank,Bank
2026-05-01,834.081787109375,834.081787109375,834.081787109375,834.081787109375,0.0,Indian_Bank,Bank
2026-05-04,813.0302734375,843.6774559575937,809.8970678582257,840.0546197742339,3272979.0,Indian_Bank,Bank
2026-05-05,831.0464477539062,835.4525850321302,801.2805186806354,807.9387294884897,3440456.0,Indian_Bank,Bank
2026-05-06,848.7689208984375,853.7136340726344,828.8923572270327,846.9575327390236,2659317.0,Indian_Bank,Bank
2026-05-07,842.7962036132812,856.7489725955517,838.1452806191911,856.7489725955517,1581343.0,Indian_Bank,Bank
2026-05-08,847.4960327148438,849.7970514211,830.3121089224578,839.1733287928616,3357826.0,Indian_Bank,Bank
2026-05-11,822.1362915039062,841.0826580927896,819.933222841847,841.0826580927896,2001812.0,Indian_Bank,Bank
2026-05-12,804.2669677734375,829.0392393368222,799.2733095474026,814.1562744421124,1682087.0,Indian_Bank,Bank
2026-05-13,796.9723510742188,814.6458457513885,784.6351305337267,809.750137543748,2345389.0,Indian_Bank,Bank
2026-05-14,814.4010620117188,821.9894097491288,796.0911013251682,800.8889192833237,2226331.0,Indian_Bank,Bank
2026-05-15,803.483642578125,824.7310290890076,800.9378981026739,817.5343616111265,2277029.0,Indian_Bank,Bank
2026-05-18,793.104736328125,802.3576368710325,786.9361558868745,794.0838779779127,2006573.0,Indian_Bank,Bank
2026-05-19,800.056640625,802.7982851311197,790.1673335889973,795.0140968440937,2021095.0,Indian_Bank,Bank
2026-05-20,793.3005981445312,801.3295718431494,786.7892820918681,793.251653013126,1800373.0,Indian_Bank,Bank
2026-05-21,801.8680419921875,812.540649797486,797.5108498289235,803.7283752137411,1742234.0,Indian_Bank,Bank
2026-05-22,808.7220458984375,814.6458408415676,801.0357482015288,805.735675862188,2275195.0,Indian_Bank,Bank
2026-05-25,822.6258544921875,832.1724852702947,817.5832512532857,821.8914982784869,2632041.0,Indian_Bank,Bank
2026-05-26,816.1635131835938,829.6267109169272,812.7854625271809,826.3955554133399,2469501.0,Indian_Bank,Bank
2026-05-27,815.9676513671875,820.3737886909099,809.8480161953509,816.1634916450987,1027273.0,Indian_Bank,Bank
2026-05-28,815.9676513671875,815.9676513671875,815.9676513671875,815.9676513671875,0.0,Indian_Bank,Bank
2026-05-29,815.625,836.1380296594956,800.1056286467224,819.5415666266507,34509165.0,Indian_Bank,Bank
2026-06-01,792.8599243164062,824.8289220142913,791.146426486763,822.7237436330477,3257722.0,Indian_Bank,Bank
2026-06-02,808.3303833007812,810.7292923137844,789.0412806979076,794.9161306422104,2748849.0,Indian_Bank,Bank
2026-06-03,830.2142333984375,833.249548624913,798.5879101239395,812.1980030368571,2814036.0,Indian_Bank,Bank
2026-06-04,819.786376953125,832.1725431911339,815.3312942323381,830.2142598182986,1830531.0,Indian_Bank,Bank
2026-06-05,824.4862060546875,842.992006956525,818.3665708043527,821.4998360049367,3472043.0,Indian_Bank,Bank
2026-06-08,825.4164428710938,837.5088188114133,814.8906697265336,819.5415927438974,2040599.0,Indian_Bank,Bank
2026-06-09,856.7000122070312,859.6863823344819,829.5777761194644,832.2214705688057,3638354.0,Indian_Bank,Bank
2026-06-10,833.4500122070312,862.9000244140625,830.5,856.75,3806779.0,Indian_Bank,Bank
2026-06-11,825.6500244140625,833.4000244140625,817.4500122070312,824.9500122070312,2585374.0,Indian_Bank,Bank
2026-06-12,845.5,850.9500122070312,824.8499755859375,838.5,3089091.0,Indian_Bank,Bank
2026-06-15,849.5999755859375,867.6500244140625,846.2999877929688,858.2000122070312,1284322.0,Indian_Bank,Bank
2026-06-16,853.2999877929688,856.9000244140625,848.7000122070312,855.0,545601.0,Indian_Bank,Bank
2026-06-17,876.3499755859375,878.25,853.4500122070312,858.0,2138011.0,Indian_Bank,Bank
2026-06-18,875.7000122070312,884.9500122070312,873.0999755859375,880.7000122070312,1025452.0,Indian_Bank,Bank
2026-06-19,870.0999755859375,878.7999877929688,867.2999877929688,875.0499877929688,1460346.0,Indian_Bank,Bank
2026-06-22,861.0999755859375,875.0,858.0,873.0,1196004.0,Indian_Bank,Bank
2026-06-23,846.4000244140625,867.1500244140625,845.0,866.9500122070312,1789120.0,Indian_Bank,Bank
2026-06-24,843.6500244140625,855.9500122070312,842.0,852.0,1582412.0,Indian_Bank,Bank
2026-06-25,832.5999755859375,851.0,831.0,849.9000244140625,2035820.0,Indian_Bank,Bank
2026-06-26,832.5999755859375,832.5999755859375,832.5999755859375,832.5999755859375,0.0,Indian_Bank,Bank
2026-06-29,814.7000122070312,842.4000244140625,809.9000244140625,833.0,10505717.0,Indian_Bank,Bank
2026-06-30,816.6500244140625,827.6500244140625,812.4500122070312,820.0,4505538.0,Indian_Bank,Bank
2026-07-01,820.9500122070312,830.9500122070312,814.7999877929688,819.9000244140625,2557041.0,Indian_Bank,Bank
2026-07-02,815.0999755859375,828.5499877929688,801.0,825.9000244140625,3361208.0,Indian_Bank,Bank
2026-07-03,798.9500122070312,820.5,789.5,818.0,5028431.0,Indian_Bank,Bank
2026-07-06,786.9000244140625,802.7999877929688,785.2999877929688,792.0,1765620.0,Indian_Bank,Bank
2026-07-07,785.9500122070312,792.0499877929688,776.1500244140625,786.6500244140625,4833997.0,Indian_Bank,Bank
2026-07-08,772.4000244140625,797.3499755859375,769.25,780.2999877929688,4342194.0,Indian_Bank,Bank
2026-07-09,793.1500244140625,796.7999877929688,774.9500122070312,774.9500122070312,1880631.0,Indian_Bank,Bank
2026-07-10,870.7000122070312,874.9000244140625,794.75,800.0,17690322.0,Indian_Bank,Bank
2026-07-13,842.5499877929688,871.5,839.3499755859375,868.0,4055265.0,Indian_Bank,Bank
2026-07-14,833.4500122070312,846.0,824.5,840.0,1613902.0,Indian_Bank,Bank
2026-07-15,830.5499877929688,849.75,827.2000122070312,835.1500244140625,2550503.0,Indian_Bank,Bank
2026-07-16,819.9000244140625,840.7000122070312,817.7000122070312,834.5,1629769.0,Indian_Bank,Bank
2026-07-17,832.4000244140625,835.75,816.0,821.0,2707156.0,Indian_Bank,Bank
2026-07-20,858.5,861.4000244140625,830.5499877929688,832.4000244140625,4753723.0,Indian_Bank,Bank
2026-07-21,855.3499755859375,867.8499755859375,845.1500244140625,856.4500122070312,1926861.0,Indian_Bank,Bank
2026-07-22,827.5499877929688,853.9000244140625,824.25,850.5,1611184.0,Indian_Bank,Bank
2026-07-23,827.2999877929688,834.5,820.5,827.0,1734978.0,Indian_Bank,Bank
2026-07-24,826.0999755859375,828.8499755859375,814.5499877929688,819.0,1435233.0,Indian_Bank,Bank
2026-07-27,831.25,838.5999755859375,826.0999755859375,835.0,936950.0,Indian_Bank,Bank
2026-07-28,834.25,841.2999877929688,824.4500122070312,834.0,1432863.0,Indian_Bank,Bank
2026-07-29,827.7000122070312,839.1500244140625,826.0499877929688,834.25,772928.0,Indian_Bank,Bank
2026-07-30,827.25,832.5,817.75,825.75,816477.0,Indian_Bank,Bank
2026-07-31,836.5,840.9000244140625,828.0,828.0,1312076.0,Indian_Bank,Bank
2026-08-03,845.0,853.7999877929688,838.0,841.9500122070312,1497239.0,Indian_Bank,Bank
2026-08-04,845.0,852.75,837.2999877929688,845.7999877929688,885832.0,Indian_Bank,Bank
2026-08-05,,,,,1605315.0,Indian_Bank,Bank
2026-01-01,142.34031677246094,143.11499880259782,138.97038788169274,139.54173582667067,7447505.0,BOI,Bank
2026-01-02,144.49977111816406,145.54560958564792,142.17569548560826,142.83417816359113,9401609.0,BOI,Bank
2026-01-05,145.14857482910156,147.51139341867923,143.3183612127668,146.12662048824765,9650550.0,BOI,Bank
2026-01-06,145.89422607421875,148.39261556885842,144.89680890237315,145.24542173362784,11879226.0,BOI,Bank
2026-01-07,146.69796752929688,147.1627796957728,144.97427491817433,145.89422089753106,5035903.0,BOI,Bank
2026-01-08,142.28221130371094,146.60113629732132,141.67214990527174,146.22347361214904,6830925.0,BOI,Bank
2026-01-09,141.4010009765625,145.30352011540336,140.6069326772883,141.86581315539146,6843545.0,BOI,Bank
2026-01-12,141.27511596679688,145.2454281208995,138.37969219165575,141.37195861489246,8324371.0,BOI,Bank
2026-01-13,142.8922882080078,143.2990007344155,141.18796693885457,142.25316219103274,5614349.0,BOI,Bank
2026-01-14,148.03431701660156,148.86711355649587,141.49783718551328,143.08595910157757,16837377.0,BOI,Bank
2026-01-15,148.03431701660156,148.03431701660156,148.03431701660156,148.03431701660156,0.0,BOI,Bank
2026-01-16,152.3629150390625,152.59532852206104,148.59596664512588,148.64438796776471,17659016.0,BOI,Bank
2026-01-19,157.89230346679688,159.14149087919796,152.0336778921628,152.6147042276738,35194066.0,BOI,Bank
2026-01-20,154.69668579101562,160.1001774340326,154.06725291733474,157.89230103487898,19736674.0,BOI,Bank
2026-01-21,152.4984893798828,157.39842591078343,151.29772329708996,154.93877929102828,17533985.0,BOI,Bank
2026-01-22,161.1556854248047,163.07304855496054,155.907136395073,155.907136395073,42718644.0,BOI,Bank
2026-01-23,154.59983825683594,161.03948986420372,154.02850507865142,160.9039190291072,15396336.0,BOI,Bank
2026-01-27,158.0084991455078,159.05433765941564,153.6798958974365,155.1324469262896,17486540.0,BOI,Bank
2026-01-28,162.0465850830078,162.37582642818305,157.23379828189468,158.7638204329071,15122267.0,BOI,Bank
2026-01-29,159.69346618652344,164.52560989562784,157.9600803233604,162.3952046414723,18770105.0,BOI,Bank
2026-01-30,158.90908813476562,162.1337384090986,156.87551078817734,158.81224548926596,11736534.0,BOI,Bank
2026-02-02,146.8722686767578,147.57917267835592,141.76896879690705,145.6811810183723,17969570.0,BOI,Bank
2026-02-03,153.01171875,155.78124994568023,150.6876430341775,153.00204039595792,19569935.0,BOI,Bank
2026-02-04,155.83935546875,156.43975329248437,151.2589818957848,153.00204613610236,8224127.0,BOI,Bank
2026-02-05,158.28933715820312,159.65472392313214,155.7425262410107,155.8587255973161,12318378.0,BOI,Bank
2026-02-06,158.48300170898438,159.6353612026604,155.90714104972187,158.21186003707388,12267604.0,BOI,Bank
2026-02-09,163.08274841308594,165.10663262153437,160.44878804782638,160.748979561142,14437299.0,BOI,Bank
2026-02-10,162.26931762695312,163.59597611654874,160.11954101139506,163.1698921349264,6303083.0,BOI,Bank
2026-02-11,161.84323120117188,162.29836501320298,157.95039052690885,162.2015223729831,8276865.0,BOI,Bank
2026-02-12,160.0517578125,161.6205082243375,158.36679326844654,160.9426540202172,5243794.0,BOI,Bank
2026-02-13,156.67214965820312,159.2480103982696,156.1589161362645,158.90909068580615,8120034.0,BOI,Bank
2026-02-16,160.37132263183594,160.95234897114725,154.51269701888248,155.90714841233873,9299801.0,BOI,Bank
2026-02-17,164.8258056640625,165.5908093343516,159.78060549805858,160.36163179213287,15325479.0,BOI,Bank
2026-02-18,167.09178161621094,167.80836396598482,165.05820436303588,165.84257951676807,11782447.0,BOI,Bank
2026-02-19,163.80902099609375,167.96331033794624,163.024645823417,166.87874365731793,6852486.0,BOI,Bank
2026-02-20,166.26866149902344,167.15955763676885,162.84064777821794,163.6540727592752,7073597.0,BOI,Bank
2026-02-23,168.62181091308594,169.14472277913626,166.3945630590815,166.956217893647,9288166.0,BOI,Bank
2026-02-24,169.94847106933594,172.58243146116058,167.54692416247698,168.4959200345553,22315167.0,BOI,Bank
2026-02-25,170.02593994140625,170.77158693319774,168.2054046073071,170.23898193906095,9784182.0,BOI,Bank
2026-02-26,171.59469604492188,172.27255025279229,169.22219892931864,170.02594562440555,8488762.0,BOI,Bank
2026-02-27,170.4810791015625,172.71800537071604,169.63858943865444,171.40102515138963,6371509.0,BOI,Bank
2026-03-02,166.84970092773438,168.8832635405473,164.69024582837346,165.10663670524227,11169455.0,BOI,Bank
2026-03-04,158.22154235839844,163.6831336777209,155.54885376421538,163.46041332223393,13624211.0,BOI,Bank
2026-03-05,158.98654174804688,161.99816474677934,156.90455789111934,159.29642638735282,11180767.0,BOI,Bank
2026-03-06,154.5320587158203,159.01560413627212,154.09629637699467,158.32805683750652,7458169.0,BOI,Bank
2026-03-09,146.50428771972656,150.17440819673203,143.1731164967815,149.1285697010199,13124009.0,BOI,Bank
2026-03-10,151.22991943359375,151.98524474533357,146.74637410725387,149.12856416620346,6865878.0,BOI,Bank
2026-03-11,149.41908264160156,152.7115256678621,148.91552749044084,151.9852501671182,6073597.0,BOI,Bank
2026-03-12,149.88389587402344,151.64633152736735,145.07110900664637,146.2234685067385,6364616.0,BOI,Bank
2026-03-13,145.4487762451172,149.7580080931003,144.96459255936372,149.18667489017847,9551217.0,BOI,Bank
2026-03-16,145.90390014648438,147.03688812078536,142.23379456013055,144.2867285194336,10444439.0,BOI,Bank
2026-03-17,146.59144592285156,146.9497370938348,143.84127157375423,146.3203042621974,8579109.0,BOI,Bank
2026-03-18,147.62759399414062,149.31255843910293,146.93036834630192,146.9691113134666,6122539.0,BOI,Bank
2026-03-19,141.15890502929688,145.16794504806796,140.14211641216465,143.90906460667154,7145447.0,BOI,Bank
2026-03-20,145.72959899902344,147.86000408483477,142.301570512919,142.301570512919,12913188.0,BOI,Bank
2026-03-23,139.1834259033203,144.0930551367155,138.48620027519186,144.0930551367155,9048350.0,BOI,Bank
2026-03-24,141.70118713378906,143.88969188693073,140.31641422731906,142.34999144410833,5828421.0,BOI,Bank
2026-03-25,144.7709197998047,146.0298003185039,143.13437660310703,143.31836876502405,8785495.0,BOI,Bank
2026-03-27,140.40357971191406,143.82191508824684,138.5249447915496,143.82191508824684,14692046.0,BOI,Bank
2026-03-30,132.65664672851562,138.39905794064637,131.89162825816132,136.64631542599753,11661437.0,BOI,Bank
2026-04-01,137.2176513671875,140.20022459630573,135.2228169783369,138.2925397232135,13202443.0,BOI,Bank
2026-04-02,134.75799560546875,135.37775007994517,130.26477197148668,135.0872369377598,9218922.0,BOI,Bank
2026-04-06,138.5249481201172,140.88776674575865,133.518490847445,135.93940914812475,14321009.0,BOI,Bank
2026-04-07,133.1989288330078,137.55658180610874,131.82384900129617,137.55658180610874,27177315.0,BOI,Bank
2026-04-08,141.85614013671875,142.83418585264795,138.55400388701068,139.44490008665292,17553137.0,BOI,Bank
2026-04-09,139.72572326660156,143.85097777710922,138.9122982107121,141.8464502006884,12609816.0,BOI,Bank
2026-04-10,143.25057983398438,143.79287798024586,141.1395460321783,141.86582156922208,9728052.0,BOI,Bank
2026-04-13,140.38421630859375,140.7522006309906,136.58821805899228,138.42811011875023,11779572.0,BOI,Bank
2026-04-15,143.02784729003906,145.18730223225998,142.49524231968527,143.03754041975336,9048315.0,BOI,Bank
2026-04-16,144.1511688232422,146.22347442605027,143.16342995801932,143.94780517188818,9550976.0,BOI,Bank
2026-04-17,143.4152069091797,144.74186541761136,142.01106246541192,144.15116075763217,8807839.0,BOI,Bank
2026-04-20,143.61856079101562,146.22347135347755,141.3913129078923,143.31836927360715,9439402.0,BOI,Bank
2026-04-21,145.09048461914062,146.46556450950118,144.33515925367658,144.77092161434993,7154993.0,BOI,Bank
2026-04-22,148.08273315429688,149.45781301598512,144.46103395163308,145.0904815938039,15080884.0,BOI,Bank
2026-04-23,146.087890625,148.62500820798547,144.60628984664916,147.20150710312095,14160285.0,BOI,Bank
2026-04-24,142.7760772705078,146.66891795911775,141.16858400405292,145.9813706736925,13803000.0,BOI,Bank
2026-04-27,142.84385681152344,145.0614262296609,142.59208662991358,143.8993884109894,4845169.0,BOI,Bank
2026-04-28,139.68698120117188,140.994282949548,137.1885918266587,139.44488937933275,15483742.0,BOI,Bank
2026-04-29,138.6798858642578,142.5920832076507,138.2053805735722,140.41325680889202,9711019.0,BOI,Bank
2026-04-30,135.44554138183594,137.79868181044804,134.4384458031472,137.71153229208448,10512024.0,BOI,Bank
2026-05-01,135.44554138183594,135.44554138183594,135.44554138183594,135.44554138183594,0.0,BOI,Bank
2026-05-04,134.27381896972656,138.0891886551828,133.85741332976465,135.5811060136338,11205255.0,BOI,Bank
2026-05-05,134.19635009765625,135.2712384549024,132.41455770715675,134.31254945213263,8548754.0,BOI,Bank
2026-05-06,137.83740234375,138.71862016119815,134.02203269555716,136.05561000103555,21321991.0,BOI,Bank
2026-05-07,135.92971801757812,139.0478620168069,135.28091367658632,138.71862066933875,10811865.0,BOI,Bank
2026-05-08,135.3487091064453,135.81352129871212,133.7896370766063,135.81352129871212,10454713.0,BOI,Bank
2026-05-11,139.309326171875,141.76897271484037,137.12082130211485,138.47652966814096,31970908.0,BOI,Bank
2026-05-12,135.70700073242188,139.4255278346641,135.40680921612136,138.48621031688387,9840646.0,BOI,Bank
2026-05-13,136.14276123046875,137.89550375743437,134.26412622053445,135.76509855767569,7974427.0,BOI,Bank
2026-05-14,139.39646911621094,139.929074083516,135.4261720736263,137.1692213831886,9541746.0,BOI,Bank
2026-05-15,137.7599334716797,141.46878218400795,137.50816328084787,140.40358696792276,8539888.0,BOI,Bank
2026-05-18,133.8477325439453,136.5397925193296,133.1408285355894,136.5397925193296,12262451.0,BOI,Bank
2026-05-19,134.2544403076172,135.47457777191786,133.6540573170091,135.27122891592384,12748150.0,BOI,Bank
2026-05-20,134.76768493652344,135.46491062411624,132.18214583508075,133.92521005406272,12319759.0,BOI,Bank
2026-05-21,134.82577514648438,137.21764356143248,134.40938429969466,136.78188123131628,7439205.0,BOI,Bank
2026-05-22,135.49395751953125,135.76509919480316,134.6999039779815,135.08724500662336,5789870.0,BOI,Bank
2026-05-25,141.3913116455078,141.8658169670509,136.6850457270922,137.1208228560726,12177599.0,BOI,Bank
2026-05-26,140.40357971191406,142.35967101305994,139.44489076848032,141.3913037160566,12544549.0,BOI,Bank
2026-05-27,142.35000610351562,142.8245114432616,140.49074249080743,140.88777666634303,12172304.0,BOI,Bank
2026-05-28,142.35000610351562,142.35000610351562,142.35000610351562,142.35000610351562,0.0,BOI,Bank
2026-05-29,139.91000366210938,144.16000366210938,139.5,142.47999572753906,12099858.0,BOI,Bank
2026-06-01,136.74000549316406,140.86000061035156,136.38999938964844,140.3000030517578,7863805.0,BOI,Bank
2026-06-02,137.2899932861328,138.17999267578125,134.60000610351562,136.6999969482422,7422302.0,BOI,Bank
2026-06-03,139.9199981689453,140.52999877929688,134.6999969482422,137.67999267578125,7726413.0,BOI,Bank
2026-06-04,139.69000244140625,140.6300048828125,138.35000610351562,139.85000610351562,6349575.0,BOI,Bank
2026-06-05,141.4600067138672,143.3699951171875,139.8000030517578,139.89999389648438,12702704.0,BOI,Bank
2026-06-08,140.0800018310547,144.24000549316406,139.08999633789062,139.2100067138672,7531562.0,BOI,Bank
2026-06-09,147.72000122070312,148.0,140.1999969482422,140.1999969482422,22007536.0,BOI,Bank
2026-06-10,144.86000061035156,149.19000244140625,144.14999389648438,147.32000732421875,12647039.0,BOI,Bank
2026-06-11,141.3800048828125,144.39999389648438,140.2100067138672,144.39999389648438,11181743.0,BOI,Bank
2026-06-12,145.67999267578125,145.9499969482422,141.91000366210938,144.0,9184204.0,BOI,Bank
2026-06-15,146.22999572753906,151.0,145.83999633789062,149.0,7545257.0,BOI,Bank
2026-06-16,145.6699981689453,148.3000030517578,144.1199951171875,146.8000030517578,6079628.0,BOI,Bank
2026-06-17,147.13999938964844,147.83999633789062,144.77999877929688,145.99000549316406,8514850.0,BOI,Bank
2026-06-18,147.6699981689453,148.5,146.2100067138672,147.75,6679500.0,BOI,Bank
2026-06-19,146.57000732421875,147.44000244140625,145.3000030517578,147.39999389648438,10500090.0,BOI,Bank
2026-06-22,146.08999633789062,147.25999450683594,145.25,146.60000610351562,7688929.0,BOI,Bank
2026-06-23,144.50999450683594,146.39999389648438,143.44000244140625,146.08999633789062,10393055.0,BOI,Bank
2026-06-24,144.14999389648438,145.77000427246094,143.3300018310547,144.1999969482422,7017990.0,BOI,Bank
2026-06-25,144.72000122070312,146.10000610351562,144.1699981689453,145.36000061035156,6879658.0,BOI,Bank
2026-06-26,144.72000122070312,144.72000122070312,144.72000122070312,144.72000122070312,0.0,BOI,Bank
2026-06-29,142.5500030517578,145.10000610351562,141.5,145.0,13540640.0,BOI,Bank
2026-06-30,140.39999389648438,143.5,140.10000610351562,143.0,7187490.0,BOI,Bank
2026-07-01,141.63999938964844,142.5,140.1300048828125,140.64999389648438,3923577.0,BOI,Bank
2026-07-02,144.9600067138672,145.64999389648438,140.05999755859375,141.8800048828125,14023902.0,BOI,Bank
2026-07-03,144.0500030517578,147.11000061035156,142.75,145.63999938964844,8081817.0,BOI,Bank
2026-07-06,139.8000030517578,144.61000061035156,139.39999389648438,143.63999938964844,12694277.0,BOI,Bank
2026-07-07,142.41000366210938,142.89999389648438,139.99000549316406,140.5,11079712.0,BOI,Bank
2026-07-08,135.1199951171875,141.75,134.00999450683594,141.72999572753906,14342743.0,BOI,Bank
2026-07-09,138.52999877929688,139.22999572753906,135.44000244140625,135.60000610351562,8302820.0,BOI,Bank
2026-07-10,144.89999389648438,146.89999389648438,139.5,139.8000030517578,14184717.0,BOI,Bank
2026-07-13,145.58999633789062,145.89999389648438,142.55999755859375,143.99000549316406,9795111.0,BOI,Bank
2026-07-14,141.8699951171875,146.1300048828125,141.35000610351562,144.88999938964844,7245592.0,BOI,Bank
2026-07-15,145.2100067138672,147.47999572753906,142.55999755859375,142.6999969482422,14148660.0,BOI,Bank
2026-07-16,143.3300018310547,146.4499969482422,142.85000610351562,145.3000030517578,4441430.0,BOI,Bank
2026-07-17,143.1699981689453,144.1999969482422,141.77000427246094,143.5,4520145.0,BOI,Bank
2026-07-20,146.9499969482422,147.77999877929688,142.66000366210938,143.0,13068497.0,BOI,Bank
2026-07-21,147.10000610351562,149.3300018310547,146.3300018310547,147.10000610351562,12651707.0,BOI,Bank
2026-07-22,143.99000549316406,147.0800018310547,142.4499969482422,147.0800018310547,9684026.0,BOI,Bank
2026-07-23,142.1999969482422,143.80999755859375,141.52000427246094,143.33999633789062,5841420.0,BOI,Bank
2026-07-24,142.6199951171875,143.1999969482422,139.82000732421875,142.0,7635246.0,BOI,Bank
2026-07-27,137.8699951171875,145.38999938964844,136.5500030517578,145.0,26282058.0,BOI,Bank
2026-07-28,136.32000732421875,138.1999969482422,135.6199951171875,138.0,8337190.0,BOI,Bank
2026-07-29,137.64999389648438,138.3000030517578,136.44000244140625,137.0,8293430.0,BOI,Bank
2026-07-30,137.22000122070312,137.69000244140625,136.0500030517578,137.0500030517578,5363657.0,BOI,Bank
2026-07-31,137.9499969482422,138.67999267578125,136.8699951171875,138.0,5768166.0,BOI,Bank
2026-08-03,140.5,141.66000366210938,139.00999450683594,139.00999450683594,8509334.0,BOI,Bank
2026-08-04,140.44000244140625,141.25,138.9199981689453,140.2899932861328,5544174.0,BOI,Bank
2026-08-05,,,,,6720294.0,BOI,Bank
2026-01-01,85.61000061035156,85.83999633789062,84.86000061035156,85.62000274658203,10741268.0,INFC,Bank
2026-01-02,85.91999816894531,87.0,85.47000122070312,85.75,25101820.0,INFC,Bank
2026-01-05,84.93000030517578,86.2699966430664,84.45999908447266,86.2699966430664,14827115.0,INFC,Bank
2026-01-06,84.7300033569336,86.0999984741211,84.30000305175781,84.91999816894531,18960198.0,INFC,Bank
2026-01-07,84.4000015258789,86.30000305175781,84.19999694824219,85.6500015258789,42923311.0,INFC,Bank
2026-01-08,86.06999969482422,86.44999694824219,83.37999725341797,84.38999938964844,62702609.0,INFC,Bank
2026-01-09,86.0,86.79000091552734,85.06999969482422,85.9000015258789,31030611.0,INFC,Bank
2026-01-12,84.7699966430664,86.19000244140625,83.61000061035156,85.5999984741211,29814342.0,INFC,Bank
2026-01-13,82.95999908447266,85.4000015258789,82.2699966430664,85.4000015258789,24378849.0,INFC,Bank
2026-01-14,83.06999969482422,83.41000366210938,82.30000305175781,82.95999908447266,13353054.0,INFC,Bank
2026-01-15,83.06999969482422,83.06999969482422,83.06999969482422,83.06999969482422,0.0,INFC,Bank
2026-01-16,83.79000091552734,84.1500015258789,82.9800033569336,83.05999755859375,16347138.0,INFC,Bank
2026-01-19,83.12000274658203,84.2300033569336,82.41000366210938,83.5,13485105.0,INFC,Bank
2026-01-20,82.08999633789062,83.4800033569336,81.73999786376953,83.12000274658203,18694090.0,INFC,Bank
2026-01-21,81.51000213623047,82.41999816894531,79.62000274658203,81.70999908447266,29658105.0,INFC,Bank
2026-01-22,84.19999694824219,84.4800033569336,81.9000015258789,82.0,39287653.0,INFC,Bank
2026-01-23,82.98999786376953,85.12999725341797,82.33000183105469,84.33999633789062,30120355.0,INFC,Bank
2026-01-27,83.5,83.97000122070312,81.5999984741211,82.98999786376953,31871803.0,INFC,Bank
2026-01-28,82.93000030517578,83.94000244140625,81.7300033569336,83.94000244140625,20226999.0,INFC,Bank
2026-01-29,83.47000122070312,83.75,82.44999694824219,82.97000122070312,33904223.0,INFC,Bank
2026-01-30,83.58000183105469,84.5,82.5199966430664,82.5199966430664,42058731.0,INFC,Bank
2026-02-02,81.20999908447266,82.4000015258789,79.37999725341797,82.08000183105469,35455846.0,INFC,Bank
2026-02-03,84.8499984741211,85.9800033569336,83.4000015258789,84.61000061035156,34975303.0,INFC,Bank
2026-02-04,85.13999938964844,85.29000091552734,84.04000091552734,84.80000305175781,23063205.0,INFC,Bank
2026-02-05,85.4800033569336,85.80000305175781,84.66999816894531,85.0,27129853.0,INFC,Bank
2026-02-06,85.11000061035156,85.80000305175781,84.1500015258789,85.30000305175781,17886315.0,INFC,Bank
2026-02-09,84.76000213623047,85.51000213623047,84.44000244140625,85.16000366210938,17020935.0,INFC,Bank
2026-02-10,83.7699966430664,84.9800033569336,83.52999877929688,84.83999633789062,16522740.0,INFC,Bank
2026-02-11,82.55999755859375,84.08999633789062,82.12000274658203,83.9000015258789,21018851.0,INFC,Bank
2026-02-12,82.1500015258789,83.05000305175781,81.25,82.94999694824219,12367406.0,INFC,Bank
2026-02-13,81.54000091552734,82.3499984741211,80.01000213623047,81.77999877929688,14207864.0,INFC,Bank
2026-02-16,82.91000366210938,83.11000061035156,80.93000030517578,81.01000213623047,11738223.0,INFC,Bank
2026-02-17,83.3499984741211,83.5,82.0,82.29000091552734,19451127.0,INFC,Bank
2026-02-18,84.61000061035156,85.55000305175781,82.6500015258789,83.3499984741211,27410289.0,INFC,Bank
2026-02-19,82.9800033569336,86.19000244140625,82.25,84.94000244140625,29470408.0,INFC,Bank
2026-02-20,83.51000213623047,83.80000305175781,82.30000305175781,82.5999984741211,11974786.0,INFC,Bank
2026-02-23,70.04000091552734,75.16000366210938,66.80000305175781,75.16000366210938,621433698.0,INFC,Bank
2026-02-24,70.97000122070312,72.23999786376953,68.5,69.88999938964844,321537145.0,INFC,Bank
2026-02-25,70.22000122070312,71.68000030517578,69.81999969482422,71.55000305175781,90865348.0,INFC,Bank
2026-02-26,72.80999755859375,73.16000366210938,69.8499984741211,70.22000122070312,142273285.0,INFC,Bank
2026-02-27,73.4800033569336,73.80000305175781,71.91000366210938,72.91000366210938,73495422.0,INFC,Bank
2026-03-02,71.77999877929688,73.25,70.30999755859375,70.5,60516758.0,INFC,Bank
2026-03-04,70.05999755859375,71.19999694824219,69.6500015258789,70.2300033569336,40216153.0,INFC,Bank
2026-03-05,70.4000015258789,71.16999816894531,69.93000030517578,70.58999633789062,33311916.0,INFC,Bank
2026-03-06,69.9800033569336,71.2699966430664,69.7699966430664,70.4000015258789,23163809.0,INFC,Bank
2026-03-09,66.76000213623047,68.5,66.0,68.5,55090634.0,INFC,Bank
2026-03-10,67.2699966430664,67.5999984741211,65.5199966430664,66.4000015258789,66454955.0,INFC,Bank
2026-03-11,66.16000366210938,67.87000274658203,65.80000305175781,67.45999908447266,29543962.0,INFC,Bank
2026-03-12,64.77999877929688,65.68000030517578,64.12000274658203,65.0,34060333.0,INFC,Bank
2026-03-13,62.56999969482422,64.5999984741211,61.9900016784668,64.30000305175781,44917770.0,INFC,Bank
2026-03-16,62.810001373291016,63.20000076293945,61.29999923706055,62.4900016784668,43729894.0,INFC,Bank
2026-03-17,63.65999984741211,63.84000015258789,62.38999938964844,63.09999847412109,21678024.0,INFC,Bank
2026-03-18,65.26000213623047,65.38999938964844,63.65999984741211,63.86000061035156,25946235.0,INFC,Bank
2026-03-19,62.61000061035156,64.2300033569336,62.22999954223633,64.0,31046018.0,INFC,Bank
2026-03-20,62.95000076293945,63.880001068115234,62.7400016784668,62.91999816894531,28941537.0,INFC,Bank
2026-03-23,60.2400016784668,62.470001220703125,59.93999862670898,62.470001220703125,40208242.0,INFC,Bank
2026-03-24,62.09000015258789,62.45000076293945,60.95000076293945,61.630001068115234,24090882.0,INFC,Bank
2026-03-25,63.2400016784668,63.54999923706055,62.5,62.5,26510428.0,INFC,Bank
2026-03-27,61.869998931884766,63.040000915527344,61.43999862670898,62.9900016784668,57163040.0,INFC,Bank
2026-03-30,58.84999847412109,61.20000076293945,58.66999816894531,60.91999816894531,57394663.0,INFC,Bank
2026-04-01,60.18000030517578,61.20000076293945,59.900001525878906,60.84000015258789,32422944.0,INFC,Bank
2026-04-02,60.220001220703125,60.54999923706055,58.08000183105469,59.560001373291016,25908484.0,INFC,Bank
2026-04-06,61.08000183105469,61.290000915527344,59.16999816894531,60.5099983215332,41063566.0,INFC,Bank
2026-04-07,61.18999862670898,61.5,60.209999084472656,61.0,21417493.0,INFC,Bank
2026-04-08,65.87000274658203,66.20999908447266,63.0,63.9900016784668,42736119.0,INFC,Bank
2026-04-09,65.27999877929688,66.25,64.94999694824219,65.86000061035156,19666295.0,INFC,Bank
2026-04-10,66.20999908447266,66.5199966430664,65.13999938964844,65.13999938964844,20096635.0,INFC,Bank
2026-04-13,64.86000061035156,65.1500015258789,63.2400016784668,64.48999786376953,19477821.0,INFC,Bank
2026-04-15,66.91000366210938,67.23999786376953,66.0199966430664,66.0199966430664,18463399.0,INFC,Bank
2026-04-16,67.81999969482422,68.44000244140625,67.11000061035156,67.2699966430664,35142366.0,INFC,Bank
2026-04-17,68.52999877929688,68.80000305175781,67.30000305175781,67.80000305175781,16355291.0,INFC,Bank
2026-04-20,67.5,68.68000030517578,67.29000091552734,68.62000274658203,15818282.0,INFC,Bank
2026-04-21,67.94000244140625,68.4000015258789,67.51000213623047,67.51000213623047,10588919.0,INFC,Bank
2026-04-22,68.37999725341797,68.58000183105469,67.5999984741211,67.94000244140625,16016883.0,INFC,Bank
2026-04-23,67.83000183105469,68.44999694824219,67.45999908447266,67.5,19979812.0,INFC,Bank
2026-04-24,67.2300033569336,68.63999938964844,66.69000244140625,67.83000183105469,16910557.0,INFC,Bank
2026-04-27,70.2699966430664,70.48999786376953,67.8499984741211,67.86000061035156,49051353.0,INFC,Bank
2026-04-28,68.70999908447266,69.9800033569336,68.5,69.68000030517578,25640804.0,INFC,Bank
2026-04-29,70.1500015258789,71.1500015258789,68.55000305175781,69.0199966430664,35995299.0,INFC,Bank
2026-04-30,69.63999938964844,70.0,68.93000030517578,69.69999694824219,24354003.0,INFC,Bank
2026-05-01,69.63999938964844,69.63999938964844,69.63999938964844,69.63999938964844,0.0,INFC,Bank
2026-05-04,69.58999633789062,70.72000122070312,69.2300033569336,70.06999969482422,20416007.0,INFC,Bank
2026-05-05,68.75,69.58999633789062,68.36000061035156,69.51000213623047,15316962.0,INFC,Bank
2026-05-06,69.58999633789062,70.69000244140625,68.4000015258789,69.5,31381072.0,INFC,Bank
2026-05-07,70.38999938964844,71.0,69.1500015258789,69.91000366210938,24250509.0,INFC,Bank
2026-05-08,71.2699966430664,71.44999694824219,69.91000366210938,70.38999938964844,21083557.0,INFC,Bank
2026-05-11,69.22000122070312,70.77999877929688,69.0999984741211,70.6500015258789,17821878.0,INFC,Bank
2026-05-12,67.68000030517578,69.2699966430664,67.52999877929688,69.01000213623047,16597687.0,INFC,Bank
2026-05-13,68.30000305175781,69.48999786376953,67.5,67.5,16610311.0,INFC,Bank
2026-05-14,68.54000091552734,68.94999694824219,67.25,68.5199966430664,34531922.0,INFC,Bank
2026-05-15,67.6500015258789,68.54000091552734,66.61000061035156,68.25,30331682.0,INFC,Bank
2026-05-18,67.58999633789062,67.83999633789062,66.16000366210938,67.30000305175781,20705466.0,INFC,Bank
2026-05-19,67.80999755859375,68.58999633789062,67.6500015258789,67.87999725341797,12861176.0,INFC,Bank
2026-05-20,68.20999908447266,68.4000015258789,66.72000122070312,67.13999938964844,16727023.0,INFC,Bank
2026-05-21,68.30000305175781,68.9800033569336,67.72000122070312,68.76000213623047,12011357.0,INFC,Bank
2026-05-22,68.87999725341797,69.0999984741211,68.0999984741211,68.38999938964844,12717449.0,INFC,Bank
2026-05-25,69.45999908447266,69.94999694824219,69.04000091552734,69.5999984741211,26724761.0,INFC,Bank
2026-05-26,70.22000122070312,70.33000183105469,69.23999786376953,69.25,19387715.0,INFC,Bank
2026-05-27,71.4800033569336,72.3499984741211,70.0999984741211,70.22000122070312,16565002.0,INFC,Bank
2026-05-28,71.4800033569336,71.4800033569336,71.4800033569336,71.4800033569336,0.0,INFC,Bank
2026-05-29,71.31999969482422,73.08000183105469,70.51000213623047,71.80999755859375,116119106.0,INFC,Bank
2026-06-01,71.25,71.80999755859375,70.51000213623047,71.30000305175781,14291113.0,INFC,Bank
2026-06-02,71.58999633789062,71.7300033569336,69.52999877929688,70.69999694824219,37493683.0,INFC,Bank
2026-06-03,71.77999877929688,72.06999969482422,69.76000213623047,71.3499984741211,23974665.0,INFC,Bank
2026-06-04,72.16000366210938,72.7699966430664,71.0,71.20999908447266,19743553.0,INFC,Bank
2026-06-05,72.3499984741211,72.9000015258789,71.81999969482422,72.16000366210938,28670926.0,INFC,Bank
2026-06-08,71.43000030517578,72.70999908447266,71.0999984741211,72.0,33430683.0,INFC,Bank
2026-06-09,73.69000244140625,74.5,72.05000305175781,72.33000183105469,42291787.0,INFC,Bank
2026-06-10,72.98999786376953,74.16999816894531,72.73999786376953,73.9000015258789,20284845.0,INFC,Bank
2026-06-11,72.94999694824219,73.55000305175781,72.22000122070312,72.51000213623047,22321129.0,INFC,Bank
2026-06-12,76.5,77.38999938964844,73.3499984741211,73.4000015258789,47039199.0,INFC,Bank
2026-06-15,78.33000183105469,79.08999633789062,77.2300033569336,78.0,28524089.0,INFC,Bank
2026-06-16,77.5,78.75,77.3499984741211,78.58999633789062,27114472.0,INFC,Bank
2026-06-17,77.37999725341797,78.37000274658203,77.16000366210938,77.5,20456804.0,INFC,Bank
2026-06-18,78.08999633789062,78.4000015258789,76.88999938964844,77.37999725341797,29775446.0,INFC,Bank
2026-06-19,78.68000030517578,78.93000030517578,77.54000091552734,77.93000030517578,17050266.0,INFC,Bank
2026-06-22,80.69000244140625,81.45999908447266,78.43000030517578,78.68000030517578,44256995.0,INFC,Bank
2026-06-23,78.75,80.6500015258789,78.16000366210938,80.48999786376953,36248907.0,INFC,Bank
2026-06-24,79.19999694824219,79.5999984741211,78.33000183105469,78.41999816894531,14232020.0,INFC,Bank
2026-06-25,79.22000122070312,80.29000091552734,79.12000274658203,79.26000213623047,13831461.0,INFC,Bank
2026-06-26,79.22000122070312,79.22000122070312,79.22000122070312,79.22000122070312,0.0,INFC,Bank
2026-06-29,78.19999694824219,79.94000244140625,77.87999725341797,79.0,58108109.0,INFC,Bank
2026-06-30,79.48999786376953,79.7300033569336,78.12999725341797,78.38999938964844,30193040.0,INFC,Bank
2026-07-01,78.93000030517578,79.41999816894531,78.4000015258789,79.25,15942043.0,INFC,Bank
2026-07-02,79.5199966430664,79.79000091552734,78.55999755859375,78.9000015258789,24581312.0,INFC,Bank
2026-07-03,80.45999908447266,81.30000305175781,79.20999908447266,79.66000366210938,24932753.0,INFC,Bank
2026-07-06,81.13999938964844,81.76000213623047,79.69999694824219,80.5,22125958.0,INFC,Bank
2026-07-07,80.43000030517578,81.7699966430664,80.22000122070312,81.12000274658203,16245821.0,INFC,Bank
2026-07-08,77.81999969482422,80.72000122070312,77.47000122070312,80.0999984741211,20844974.0,INFC,Bank
2026-07-09,79.45999908447266,79.75,77.91000366210938,77.9800033569336,11084077.0,INFC,Bank
2026-07-10,80.83000183105469,81.37000274658203,79.79000091552734,79.9000015258789,14703154.0,INFC,Bank
2026-07-13,80.58000183105469,80.79000091552734,79.86000061035156,79.98999786376953,13772292.0,INFC,Bank
2026-07-14,79.2699966430664,80.08999633789062,78.9000015258789,79.91000366210938,13422071.0,INFC,Bank
2026-07-15,79.47000122070312,80.47000122070312,79.26000213623047,79.41999816894531,9684988.0,INFC,Bank
2026-07-16,79.27999877929688,79.5999984741211,79.0999984741211,79.47000122070312,12618374.0,INFC,Bank
2026-07-17,80.3499984741211,80.80000305175781,78.77999877929688,79.27999877929688,12269443.0,INFC,Bank
2026-07-20,81.77999877929688,82.18000030517578,79.69999694824219,79.98999786376953,24353186.0,INFC,Bank
2026-07-21,81.66000366210938,82.69999694824219,81.5199966430664,81.77999877929688,17641320.0,INFC,Bank
2026-07-22,80.72000122070312,81.4000015258789,79.72000122070312,81.3499984741211,13767011.0,INFC,Bank
2026-07-23,79.9000015258789,81.18000030517578,79.69999694824219,80.20999908447266,11292250.0,INFC,Bank
2026-07-24,80.79000091552734,81.08999633789062,78.87999725341797,79.69999694824219,16260314.0,INFC,Bank
2026-07-27,84.87999725341797,88.76000213623047,84.69999694824219,86.30000305175781,177923165.0,INFC,Bank
2026-07-28,85.75,86.80000305175781,84.54000091552734,84.79000091552734,51450994.0,INFC,Bank
2026-07-29,85.0199966430664,86.0999984741211,84.56999969482422,85.75,19050886.0,INFC,Bank
2026-07-30,84.76000213623047,85.0,83.69999694824219,84.93000030517578,19103686.0,INFC,Bank
2026-07-31,84.68000030517578,85.73999786376953,84.51000213623047,84.76000213623047,13981195.0,INFC,Bank
2026-08-03,86.0,86.5,84.69000244140625,85.30999755859375,12814087.0,INFC,Bank
2026-08-04,86.0,86.12999725341797,84.44999694824219,85.87000274658203,12931033.0,INFC,Bank
2026-08-05,,,,,15008399.0,INFC,Bank
2026-01-01,266.25,267.6499938964844,264.54998779296875,267.6499938964844,2846254.0,FEDERAL,Bank
2026-01-02,266.95001220703125,268.75,265.8500061035156,267.5,3353300.0,FEDERAL,Bank
2026-01-05,263.75,267.1000061035156,261.3500061035156,266.95001220703125,6650072.0,FEDERAL,Bank
2026-01-06,256.70001220703125,265.0,254.8000030517578,264.0,10683533.0,FEDERAL,Bank
2026-01-07,258.54998779296875,259.1499938964844,253.1999969482422,256.70001220703125,6991588.0,FEDERAL,Bank
2026-01-08,255.75,259.1499938964844,253.8000030517578,258.5,8212373.0,FEDERAL,Bank
2026-01-09,255.3000030517578,258.45001220703125,254.5,255.5500030517578,4731961.0,FEDERAL,Bank
2026-01-12,252.8999938964844,256.3999938964844,250.4499969482422,254.1000061035156,7290684.0,FEDERAL,Bank
2026-01-13,249.3000030517578,255.0,246.8500061035156,253.1499938964844,12045490.0,FEDERAL,Bank
2026-01-14,246.8500061035156,248.5,242.3000030517578,248.5,11287769.0,FEDERAL,Bank
2026-01-15,246.8500061035156,246.8500061035156,246.8500061035156,246.8500061035156,0.0,FEDERAL,Bank
2026-01-16,270.25,278.3999938964844,247.4499969482422,247.5,66836048.0,FEDERAL,Bank
2026-01-19,279.70001220703125,280.25,270.25,271.45001220703125,31846487.0,FEDERAL,Bank
2026-01-20,273.25,279.79998779296875,269.6499938964844,278.0,13733716.0,FEDERAL,Bank
2026-01-21,276.1000061035156,276.6000061035156,268.95001220703125,271.1000061035156,12133282.0,FEDERAL,Bank
2026-01-22,282.20001220703125,287.20001220703125,278.20001220703125,280.04998779296875,16816171.0,FEDERAL,Bank
2026-01-23,278.54998779296875,284.8500061035156,277.54998779296875,283.20001220703125,12120387.0,FEDERAL,Bank
2026-01-27,284.95001220703125,285.70001220703125,279.0,279.0,12030692.0,FEDERAL,Bank
2026-01-28,284.45001220703125,286.45001220703125,282.20001220703125,286.45001220703125,10075884.0,FEDERAL,Bank
2026-01-29,287.6000061035156,289.6000061035156,284.0,284.45001220703125,15848490.0,FEDERAL,Bank
2026-01-30,287.75,288.6499938964844,282.5,286.6499938964844,4286394.0,FEDERAL,Bank
2026-02-02,281.29998779296875,284.79998779296875,276.0,284.79998779296875,7143698.0,FEDERAL,Bank
2026-02-03,285.5,298.25,283.3500061035156,294.0,8832776.0,FEDERAL,Bank
2026-02-04,287.3999938964844,288.29998779296875,282.70001220703125,285.5,3498764.0,FEDERAL,Bank
2026-02-05,287.6000061035156,289.1499938964844,285.3999938964844,287.8999938964844,2481799.0,FEDERAL,Bank
2026-02-06,286.79998779296875,289.1499938964844,284.3500061035156,289.0,5682140.0,FEDERAL,Bank
2026-02-09,286.6499938964844,288.70001220703125,284.6000061035156,288.70001220703125,3613561.0,FEDERAL,Bank
2026-02-10,282.25,288.1000061035156,281.1000061035156,286.5,5142766.0,FEDERAL,Bank
2026-02-11,290.5,293.5,279.6499938964844,281.8999938964844,16329588.0,FEDERAL,Bank
2026-02-12,287.1000061035156,293.20001220703125,286.1000061035156,292.6000061035156,9229784.0,FEDERAL,Bank
2026-02-13,288.29998779296875,290.54998779296875,285.1000061035156,287.04998779296875,6202181.0,FEDERAL,Bank
2026-02-16,289.0,289.75,285.3500061035156,287.1499938964844,4743148.0,FEDERAL,Bank
2026-02-17,288.8500061035156,291.04998779296875,282.6000061035156,289.0,7052510.0,FEDERAL,Bank
2026-02-18,290.8500061035156,293.0,287.8500061035156,289.0,5124162.0,FEDERAL,Bank
2026-02-19,288.29998779296875,292.3999938964844,287.5,292.04998779296875,3644333.0,FEDERAL,Bank
2026-02-20,292.6000061035156,293.20001220703125,287.04998779296875,289.54998779296875,5030819.0,FEDERAL,Bank
2026-02-23,296.20001220703125,296.6000061035156,288.0,293.8999938964844,6561111.0,FEDERAL,Bank
2026-02-24,295.6499938964844,300.0,295.0,296.45001220703125,9095061.0,FEDERAL,Bank
2026-02-25,299.1000061035156,301.04998779296875,296.3500061035156,296.3500061035156,5928219.0,FEDERAL,Bank
2026-02-26,299.5,301.70001220703125,297.04998779296875,299.79998779296875,12490528.0,FEDERAL,Bank
2026-02-27,299.8500061035156,302.0,296.75,299.5,6871717.0,FEDERAL,Bank
2026-03-02,294.95001220703125,299.3500061035156,289.04998779296875,290.0,6275477.0,FEDERAL,Bank
2026-03-04,286.45001220703125,293.75,283.1499938964844,290.95001220703125,8763077.0,FEDERAL,Bank
2026-03-05,289.70001220703125,291.6000061035156,285.20001220703125,287.75,6014011.0,FEDERAL,Bank
2026-03-06,286.5,291.25,285.6000061035156,286.3999938964844,3826606.0,FEDERAL,Bank
2026-03-09,273.29998779296875,280.75,268.70001220703125,280.0,12304998.0,FEDERAL,Bank
2026-03-10,276.0,281.1499938964844,275.25,277.25,10974726.0,FEDERAL,Bank
2026-03-11,269.45001220703125,277.0,268.70001220703125,276.70001220703125,9571287.0,FEDERAL,Bank
2026-03-12,270.25,272.1499938964844,264.8500061035156,265.75,7972457.0,FEDERAL,Bank
2026-03-13,263.04998779296875,269.75,262.1499938964844,268.6499938964844,7258500.0,FEDERAL,Bank
2026-03-16,260.8500061035156,265.5,257.04998779296875,262.0,12531069.0,FEDERAL,Bank
2026-03-17,264.54998779296875,266.5,255.8000030517578,260.8500061035156,12836887.0,FEDERAL,Bank
2026-03-18,271.5,272.70001220703125,265.0,265.0,7002312.0,FEDERAL,Bank
2026-03-19,265.8999938964844,269.1499938964844,262.3500061035156,266.45001220703125,9790533.0,FEDERAL,Bank
2026-03-20,267.1000061035156,274.29998779296875,266.0,268.04998779296875,14660431.0,FEDERAL,Bank
2026-03-23,254.3500061035156,263.29998779296875,253.3000030517578,263.0,13966492.0,FEDERAL,Bank
2026-03-24,262.5,263.8999938964844,257.6000061035156,262.25,6880170.0,FEDERAL,Bank
2026-03-25,270.95001220703125,273.8999938964844,264.79998779296875,265.5,9709681.0,FEDERAL,Bank
2026-03-27,269.29998779296875,270.95001220703125,265.29998779296875,269.0,16383055.0,FEDERAL,Bank
2026-03-30,259.3999938964844,268.0,257.1499938964844,268.0,10978564.0,FEDERAL,Bank
2026-04-01,267.6000061035156,270.1000061035156,262.8999938964844,266.45001220703125,8296508.0,FEDERAL,Bank
2026-04-02,265.54998779296875,266.95001220703125,256.5,263.8999938964844,5537579.0,FEDERAL,Bank
2026-04-06,271.5,272.20001220703125,261.70001220703125,265.3999938964844,9297534.0,FEDERAL,Bank
2026-04-07,275.1499938964844,276.8999938964844,266.45001220703125,270.0,8015264.0,FEDERAL,Bank
2026-04-08,284.45001220703125,288.79998779296875,282.54998779296875,286.3500061035156,7811348.0,FEDERAL,Bank
2026-04-09,283.29998779296875,286.0,281.6000061035156,284.1000061035156,4273025.0,FEDERAL,Bank
2026-04-10,291.70001220703125,292.75,284.0,284.0,8640231.0,FEDERAL,Bank
2026-04-13,288.20001220703125,290.3500061035156,283.5,284.70001220703125,7132285.0,FEDERAL,Bank
2026-04-15,286.8500061035156,294.8999938964844,286.0,294.6000061035156,7778158.0,FEDERAL,Bank
2026-04-16,284.3999938964844,289.79998779296875,281.6000061035156,289.5,10948325.0,FEDERAL,Bank
2026-04-17,293.75,294.20001220703125,282.8500061035156,284.95001220703125,9241911.0,FEDERAL,Bank
2026-04-20,294.3500061035156,298.0,292.29998779296875,293.5,11292785.0,FEDERAL,Bank
2026-04-21,295.75,299.04998779296875,295.04998779296875,295.79998779296875,7746822.0,FEDERAL,Bank
2026-04-22,296.45001220703125,298.45001220703125,295.0,295.75,6443950.0,FEDERAL,Bank
2026-04-23,295.3999938964844,296.6499938964844,293.54998779296875,294.95001220703125,3657050.0,FEDERAL,Bank
2026-04-24,293.0,298.29998779296875,291.25,296.0,7243806.0,FEDERAL,Bank
2026-04-27,294.04998779296875,297.6499938964844,292.79998779296875,294.70001220703125,3880432.0,FEDERAL,Bank
2026-04-28,290.6000061035156,295.8500061035156,290.0,292.8500061035156,6666139.0,FEDERAL,Bank
2026-04-29,284.75,301.70001220703125,282.54998779296875,296.0,21186876.0,FEDERAL,Bank
2026-04-30,286.95001220703125,287.95001220703125,280.0,284.70001220703125,13939720.0,FEDERAL,Bank
2026-05-01,286.95001220703125,286.95001220703125,286.95001220703125,286.95001220703125,0.0,FEDERAL,Bank
2026-05-04,289.1499938964844,291.6499938964844,287.3999938964844,290.0,5494699.0,FEDERAL,Bank
2026-05-05,292.6000061035156,295.0,286.6000061035156,289.3500061035156,5869785.0,FEDERAL,Bank
2026-05-06,293.0,296.45001220703125,288.8500061035156,295.25,9998298.0,FEDERAL,Bank
2026-05-07,297.04998779296875,297.75,290.0,294.5,6089681.0,FEDERAL,Bank
2026-05-08,297.25,298.45001220703125,291.45001220703125,297.0,6129346.0,FEDERAL,Bank
2026-05-11,292.45001220703125,297.3999938964844,291.1499938964844,295.0,11135956.0,FEDERAL,Bank
2026-05-12,284.79998779296875,293.6499938964844,283.79998779296875,291.54998779296875,8461329.0,FEDERAL,Bank
2026-05-13,280.04998779296875,285.8999938964844,277.1000061035156,285.8999938964844,15147738.0,FEDERAL,Bank
2026-05-14,280.25,282.8500061035156,277.54998779296875,282.0,8574291.0,FEDERAL,Bank
2026-05-15,281.29998779296875,284.70001220703125,278.29998779296875,281.95001220703125,6034270.0,FEDERAL,Bank
2026-05-18,283.95001220703125,285.6499938964844,277.54998779296875,280.75,7212332.0,FEDERAL,Bank
2026-05-19,286.6000061035156,287.79998779296875,283.75,284.79998779296875,6905213.0,FEDERAL,Bank
2026-05-20,289.8999938964844,290.54998779296875,283.1000061035156,285.8500061035156,6657728.0,FEDERAL,Bank
2026-05-21,283.75,292.5,283.04998779296875,290.5,6916472.0,FEDERAL,Bank
2026-05-22,287.20001220703125,288.3999938964844,283.20001220703125,284.1499938964844,6756952.0,FEDERAL,Bank
2026-05-25,289.25,292.5,286.79998779296875,289.0,9346757.0,FEDERAL,Bank
2026-05-26,290.20001220703125,293.3500061035156,288.6499938964844,292.0,10983670.0,FEDERAL,Bank
2026-05-27,288.8999938964844,293.0,287.8500061035156,289.5,3869975.0,FEDERAL,Bank
2026-05-28,288.8999938964844,288.8999938964844,288.8999938964844,288.8999938964844,0.0,FEDERAL,Bank
2026-05-29,288.95001220703125,293.8999938964844,283.6000061035156,292.0,239376091.0,FEDERAL,Bank
2026-06-01,288.20001220703125,292.3999938964844,285.5,290.0,6701913.0,FEDERAL,Bank
2026-06-02,293.04998779296875,293.79998779296875,284.8500061035156,286.5,5900487.0,FEDERAL,Bank
2026-06-03,301.04998779296875,302.8500061035156,290.29998779296875,293.95001220703125,15946881.0,FEDERAL,Bank
2026-06-04,300.1000061035156,303.79998779296875,295.6499938964844,301.25,11947303.0,FEDERAL,Bank
2026-06-05,304.1499938964844,305.3999938964844,295.75,300.5,9322801.0,FEDERAL,Bank
2026-06-08,304.6000061035156,310.0,301.29998779296875,302.5,12112735.0,FEDERAL,Bank
2026-06-09,315.1000061035156,315.8999938964844,306.3500061035156,306.70001220703125,14386417.0,FEDERAL,Bank
2026-06-10,311.1000061035156,316.70001220703125,309.8500061035156,315.1000061035156,7015128.0,FEDERAL,Bank
2026-06-11,309.75,311.70001220703125,307.04998779296875,309.0,7619065.0,FEDERAL,Bank
2026-06-12,315.70001220703125,318.3500061035156,311.1499938964844,315.0,9052110.0,FEDERAL,Bank
2026-06-15,317.1000061035156,320.70001220703125,312.75,320.70001220703125,8390759.0,FEDERAL,Bank
2026-06-16,320.6000061035156,321.1000061035156,316.5,317.54998779296875,8921387.0,FEDERAL,Bank
2026-06-17,322.70001220703125,323.6000061035156,319.29998779296875,320.6499938964844,9029691.0,FEDERAL,Bank
2026-06-18,320.45001220703125,324.0,320.0,323.0,3885931.0,FEDERAL,Bank
2026-06-19,323.95001220703125,324.8999938964844,319.04998779296875,320.0,7763307.0,FEDERAL,Bank
2026-06-22,323.3999938964844,323.95001220703125,321.70001220703125,323.95001220703125,4903566.0,FEDERAL,Bank
2026-06-23,319.8999938964844,324.29998779296875,319.0,323.3999938964844,5809450.0,FEDERAL,Bank
2026-06-24,325.20001220703125,327.0,318.20001220703125,319.5,9481304.0,FEDERAL,Bank
2026-06-25,324.04998779296875,326.70001220703125,322.6499938964844,326.70001220703125,6310533.0,FEDERAL,Bank
2026-06-26,324.04998779296875,324.04998779296875,324.04998779296875,324.04998779296875,0.0,FEDERAL,Bank
2026-06-29,324.04998779296875,327.0,322.1499938964844,323.0,15193838.0,FEDERAL,Bank
2026-06-30,330.04998779296875,331.79998779296875,323.70001220703125,324.79998779296875,15572784.0,FEDERAL,Bank
2026-07-01,331.3999938964844,332.0,325.6499938964844,329.0,6386994.0,FEDERAL,Bank
2026-07-02,331.0,332.3500061035156,329.29998779296875,331.75,7433230.0,FEDERAL,Bank
2026-07-03,327.3999938964844,334.29998779296875,326.3999938964844,332.3999938964844,5420067.0,FEDERAL,Bank
2026-07-06,330.29998779296875,333.45001220703125,325.5,327.79998779296875,3492183.0,FEDERAL,Bank
2026-07-07,331.54998779296875,332.0,326.70001220703125,330.0,4018922.0,FEDERAL,Bank
2026-07-08,326.54998779296875,330.8999938964844,323.0,330.45001220703125,4715547.0,FEDERAL,Bank
2026-07-09,327.75,332.70001220703125,326.54998779296875,326.54998779296875,3699416.0,FEDERAL,Bank
2026-07-10,329.8500061035156,332.5,327.8500061035156,330.29998779296875,5400203.0,FEDERAL,Bank
2026-07-13,332.5,336.5,327.29998779296875,328.5,4617054.0,FEDERAL,Bank
2026-07-14,327.5,332.79998779296875,326.1499938964844,331.0,3477293.0,FEDERAL,Bank
2026-07-15,327.54998779296875,330.70001220703125,325.6000061035156,328.5,2909042.0,FEDERAL,Bank
2026-07-16,326.6000061035156,329.95001220703125,324.0,328.54998779296875,9916604.0,FEDERAL,Bank
2026-07-17,349.0,351.0,323.3999938964844,328.70001220703125,44155126.0,FEDERAL,Bank
2026-07-20,350.75,352.20001220703125,341.5,341.5,10483345.0,FEDERAL,Bank
2026-07-21,356.04998779296875,356.75,350.95001220703125,351.1000061035156,6342305.0,FEDERAL,Bank
2026-07-22,353.25,357.25,351.5,354.1000061035156,4288304.0,FEDERAL,Bank
2026-07-23,354.3999938964844,355.45001220703125,351.54998779296875,352.0,4025719.0,FEDERAL,Bank
2026-07-24,354.29998779296875,354.8999938964844,349.8999938964844,352.1000061035156,3590425.0,FEDERAL,Bank
2026-07-27,356.5,357.70001220703125,354.29998779296875,355.04998779296875,6585012.0,FEDERAL,Bank
2026-07-28,357.25,358.70001220703125,354.5,357.0,6332047.0,FEDERAL,Bank
2026-07-29,359.1499938964844,359.8999938964844,356.45001220703125,359.0,5713345.0,FEDERAL,Bank
2026-07-30,354.1499938964844,359.3500061035156,352.8500061035156,359.04998779296875,6259452.0,FEDERAL,Bank
2026-07-31,358.8500061035156,359.70001220703125,354.75,355.3999938964844,3907564.0,FEDERAL,Bank
2026-08-03,371.7000122070313,371.7000122070313,357.29998779296875,359.45001220703125,4384044.0,FEDERAL,Bank
2026-08-04,362.4500122070313,364.5499877929688,357.1000061035156,364.5499877929688,5569382.0,FEDERAL,Bank
2026-08-05,,,,,5018766.0,FEDERAL,Bank
2026-01-01,998.4803466796876,1002.176769138113,990.1384112568174,993.5351369701684,685959.0,AU,Bank
2026-01-02,998.430419921875,1010.0191413671656,996.0826632747746,1001.9270242688434,1014538.0,AU,Bank
2026-01-05,1013.96533203125,1025.8038720308327,1004.1248516796028,1022.007509919002,2090372.0,AU,Bank
2026-01-06,1007.7713012695312,1017.811538469891,999.9289418036832,1015.014267251394,694271.0,AU,Bank
2026-01-07,1003.5753784179688,1016.1131902755358,998.0307751954044,1007.0220434404082,1646106.0,AU,Bank
2026-01-08,991.137451171875,1005.723322999057,987.8906042858983,1001.9769612075456,1103298.0,AU,Bank
2026-01-09,998.2305908203124,1005.073920576836,989.1393830322978,992.0365938498284,1197452.0,AU,Bank
2026-01-12,1006.822265625,1008.820325315058,990.7379095104108,995.0337256488468,1409487.0,AU,Bank
2026-01-13,971.0070190429688,1010.019120246007,958.71896479006,1009.0200904534788,4628293.0,AU,Bank
2026-01-14,975.4027099609376,979.8484047165424,962.5652015644904,963.0647164589192,2737259.0,AU,Bank
2026-01-15,975.4027099609376,975.4027099609376,975.4027099609376,975.4027099609376,0.0,AU,Bank
2026-01-16,1024.4051513671875,1028.950663653195,967.6102723117282,974.5535414139656,7202895.0,AU,Bank
2026-01-19,1019.95947265625,1025.204318059096,1009.7693566394228,1024.005531096125,1984489.0,AU,Bank
2026-01-20,1000.2786254882812,1020.608858305082,991.3872355380084,1020.0094647925443,2014610.0,AU,Bank
2026-01-21,993.934814453125,1026.4531626475004,967.3605840634896,1008.0211108385896,5487389.0,AU,Bank
2026-01-22,999.5792846679688,1015.7635801165508,981.197172373136,1002.2766774053894,1668127.0,AU,Bank
2026-01-23,965.1626586914062,1005.923123029281,960.3673278798738,1004.0249420320785,2752861.0,AU,Bank
2026-01-27,962.6151733398438,976.9012876073724,943.1840310957152,969.6583213937572,1801986.0,AU,Bank
2026-01-28,961.4163208007812,970.008013819706,954.2233548931396,964.063774208414,1238957.0,AU,Bank
2026-01-29,986.9415893554688,991.836798916608,959.0686328236546,961.4163285240444,4789658.0,AU,Bank
2026-01-30,981.3969116210938,994.684056904063,964.0637687698566,967.310615659496,2978565.0,AU,Bank
2026-02-02,964.2636108398438,976.4017867734792,949.5279207445178,964.0637926772612,1235711.0,AU,Bank
2026-02-03,981.3469848632812,1018.0113916345114,978.8494103008804,984.0443775858624,2099845.0,AU,Bank
2026-02-04,979.998291015625,988.0904079764348,972.2558100931942,987.9905293871664,1152883.0,AU,Bank
2026-02-05,985.0433959960938,988.7398185008008,973.1549168264544,979.9983076336954,921723.0,AU,Bank
2026-02-06,990.0885009765624,991.4871671291514,974.8532960667504,985.9425637669984,1192286.0,AU,Bank
2026-02-09,1004.3246459960938,1008.4207047626826,979.049204244958,994.1345298383562,1879347.0,AU,Bank
2026-02-10,1000.1787109375,1010.918281311951,989.0395042517632,1010.918281311951,1918068.0,AU,Bank
2026-02-11,989.2892456054688,1008.8702050210684,985.0433690148872,999.0297860191556,1582054.0,AU,Bank
2026-02-12,999.6292114257812,1001.9769680834706,979.348918317084,989.2892772006298,2189502.0,AU,Bank
2026-02-13,993.934814453125,1003.6253551422762,983.6947585699778,997.1316611675976,1802819.0,AU,Bank
2026-02-16,1009.0201416015624,1010.0191714447324,984.8935464986332,989.0395447381652,2090281.0,AU,Bank
2026-02-17,998.780029296875,1013.4158400630438,993.5850622106208,1013.4158400630438,1966733.0,AU,Bank
2026-02-18,1021.0584106445312,1023.1064095709334,994.733999398856,1000.9279964495856,3081772.0,AU,Bank
2026-02-19,1016.063232421875,1038.1917056128889,1013.0162037674664,1022.5069867416192,2139829.0,AU,Bank
2026-02-20,1028.651123046875,1031.4983337666524,1008.2209501489956,1013.0162812972258,1748085.0,AU,Bank
2026-02-23,973.1549072265624,997.7810162739116,949.078313351906,992.036594903624,13484919.0,AU,Bank
2026-02-24,1001.2277221679688,1008.8702638914152,967.7602223834068,969.058948985828,3314603.0,AU,Bank
2026-02-25,981.1471557617188,1006.87217346757,976.6515215995312,1002.8261149167892,2811304.0,AU,Bank
2026-02-26,971.7562866210938,982.9953717319104,966.511380236046,981.1471300392348,3615184.0,AU,Bank
2026-02-27,957.4202270507812,975.0531281959312,950.0773820843548,975.0531281959312,22827452.0,AU,Bank
2026-03-02,950.3270874023438,962.5652023255276,894.181601028957,894.181601028957,2534464.0,AU,Bank
2026-03-04,945.1820678710938,955.8716989091076,934.392558243616,942.7844329405098,2342802.0,AU,Bank
2026-03-05,972.505615234375,975.1030684421304,948.8285957023652,951.5759277773128,1878949.0,AU,Bank
2026-03-06,963.3145141601562,979.1991128571408,961.1665756339804,971.156873940023,1174945.0,AU,Bank
2026-03-09,930.7461547851562,947.3799646774246,912.7136177806866,942.4847551523956,2564303.0,AU,Bank
2026-03-10,937.5894775390624,950.3770469235228,928.198572926132,940.2868702237076,1965529.0,AU,Bank
2026-03-11,917.509033203125,946.5807772757826,913.5129138267628,936.3906606708704,1679818.0,AU,Bank
2026-03-12,901.32470703125,911.8644593345329,898.2276780338127,910.216035757192,1828277.0,AU,Bank
2026-03-13,883.4920043945312,904.9711457060884,881.0444300955955,899.1268456000646,2558067.0,AU,Bank
2026-03-16,884.4411010742188,898.4275187696572,867.9071694937281,879.7456486527045,1859410.0,AU,Bank
2026-03-17,901.1748046875,903.0729856679504,873.9512430666882,887.1384484139757,1867679.0,AU,Bank
2026-03-18,929.2476196289062,931.0958004217702,899.676300111491,909.1171441886382,1605839.0,AU,Bank
2026-03-19,900.67529296875,918.9075865955504,895.3305079945568,918.9075865955504,2442610.0,AU,Bank
2026-03-20,900.6253662109375,919.7568113034094,890.1355532933392,905.1210003184796,11121205.0,AU,Bank
2026-03-23,848.7257690429688,884.6409031680159,845.9284977498786,884.3412064180314,3406015.0,AU,Bank
2026-03-24,876.648681640625,886.3892225477431,857.067721233103,864.1108693861385,2000351.0,AU,Bank
2026-03-25,909.5167846679688,918.3082350062192,880.9944341452059,889.0366730843895,2124903.0,AU,Bank
2026-03-27,881.8935546875,907.0191785119066,876.398890795366,899.1268187128292,3432522.0,AU,Bank
2026-03-30,841.8824462890625,876.7485506194537,835.2888128540617,876.7485506194537,4276408.0,AU,Bank
2026-04-01,874.0512084960938,883.9415670672862,858.816003835433,858.816003835433,2150156.0,AU,Bank
2026-04-02,867.4076538085938,870.8043796362861,830.8431862561032,857.1675980049218,2079992.0,AU,Bank
2026-04-06,882.6928100585938,885.5400817111316,855.5191859961618,880.0953568440137,1772253.0,AU,Bank
2026-04-07,887.5880737304688,889.8358908709431,860.6642073415994,869.1060216865691,2320286.0,AU,Bank
2026-04-08,966.8610229492188,971.0569602814252,917.5589269796272,919.107410965958,4895295.0,AU,Bank
2026-04-09,962.0657348632812,973.6045173074187,957.0206463720112,967.1108233545511,1608644.0,AU,Bank
2026-04-10,980.8474731445312,985.2931680752685,962.0657245693114,962.0657245693114,1870250.0,AU,Bank
2026-04-13,978.1001586914062,980.9973696356582,947.1801727574504,961.0667120095032,1376942.0,AU,Bank
2026-04-15,980.1481323242188,1000.0787894347634,978.2999515470058,993.0356413967054,1594449.0,AU,Bank
2026-04-16,982.9954223632812,995.8329314051518,975.302880407135,995.8329314051518,2610962.0,AU,Bank
2026-04-17,989.638916015625,993.8348534578404,977.1011039607674,988.040492692848,1186537.0,AU,Bank
2026-04-20,996.68212890625,1010.4687282905926,983.9444986425528,992.0366158314662,1614114.0,AU,Bank
2026-04-21,1036.89306640625,1041.0889428364685,996.6821164677792,996.6821164677792,4152949.0,AU,Bank
2026-04-22,1042.1878662109375,1053.3770734387267,1031.0487812071092,1035.993930067469,2050971.0,AU,Bank
2026-04-23,1055.2252197265625,1058.1723088375916,1034.295594326702,1038.041956053542,5696020.0,AU,Bank
2026-04-24,1064.6160888671875,1078.502626931121,1046.2339168801593,1057.6727588592832,4259236.0,AU,Bank
2026-04-27,1041.988037109375,1058.8716644020974,1027.0025907463446,1055.97445371487,1933016.0,AU,Bank
2026-04-28,1021.8076782226562,1061.868810218619,1016.1131961062893,1061.868810218619,5915671.0,AU,Bank
2026-04-29,1016.6627197265624,1036.1936795174754,1012.5167215872102,1029.5002285107253,1345598.0,AU,Bank
2026-04-30,1014.96435546875,1024.9545926696244,997.031758046178,1009.669509630226,1815610.0,AU,Bank
2026-05-01,1014.96435546875,1014.96435546875,1014.96435546875,1014.96435546875,0.0,AU,Bank
2026-05-04,1014.0152587890624,1034.19561220293,1011.1180479450032,1022.7068303452996,1380886.0,AU,Bank
2026-05-05,1006.1229248046876,1014.0152849101283,1001.127775617938,1014.0152849101283,1582710.0,AU,Bank
2026-05-06,1023.0065307617188,1027.402286338962,1001.027874827385,1014.0152624249458,2454365.0,AU,Bank
2026-05-07,1031.3984375,1039.9900697860494,1018.3111099305754,1023.9057136542792,1658965.0,AU,Bank
2026-05-08,1049.3809814453125,1051.2791625554198,1025.3043863906937,1031.398444100502,2406953.0,AU,Bank
2026-05-11,1020.4090576171876,1043.986136402994,1016.612695613152,1043.986136402994,1184343.0,AU,Bank
2026-05-12,998.6301879882812,1021.4081167632656,996.3324315875602,1019.6098142987572,1173051.0,AU,Bank
2026-05-13,993.8348388671876,1009.6194976076504,987.7407814406351,995.1335654198696,1163023.0,AU,Bank
2026-05-14,1003.7252807617188,1006.5225520859752,989.638923596092,999.928979609089,1286654.0,AU,Bank
2026-05-15,989.5390014648438,1008.9202036729052,975.2528877428712,1008.9202036729052,1708416.0,AU,Bank
2026-05-18,978.0501708984376,983.345016625376,967.9599943428744,983.1451984708624,1099094.0,AU,Bank
2026-05-19,970.9570922851562,981.9464201448563,967.660245146494,979.0492093187412,1093206.0,AU,Bank
2026-05-20,973.0550537109376,977.9503242647472,947.0802781498652,965.961966313483,1712145.0,AU,Bank
2026-05-21,957.7698974609376,983.8445512863076,952.4750516276408,981.0472799947488,1349805.0,AU,Bank
2026-05-22,976.9512939453124,981.047291852896,960.4673017705948,963.4643912569072,1557252.0,AU,Bank
2026-05-25,998.3305053710938,1006.5225622415984,985.1432993083232,986.0424505533078,1494101.0,AU,Bank
2026-05-26,1010.818359375,1017.5118713621632,996.8319418992314,1000.0288495174524,2701128.0,AU,Bank
2026-05-27,1004.0249633789062,1024.0055596650536,1001.2276920940336,1010.7184753299538,846441.0,AU,Bank
2026-05-28,1004.0249633789062,1004.0249633789062,1004.0249633789062,1004.0249633789062,0.0,AU,Bank
2026-05-29,983.7446899414062,1012.3169188094248,970.15784761059,1004.0249833806732,5062185.0,AU,Bank
2026-06-01,968.2097778320312,996.8319456896418,963.81402221827,988.4401317578356,1546836.0,AU,Bank
2026-06-02,975.502685546875,984.9435295953824,950.3271217428356,963.8140243904344,800639.0,AU,Bank
2026-06-03,969.6583251953124,975.0031713525684,940.4867030427232,974.4537171431904,2372021.0,AU,Bank
2026-06-04,961.1166381835938,967.3106353404248,953.0744602269716,966.9109990170388,1509167.0,AU,Bank
2026-06-05,968.4595336914062,981.0472850563352,959.9677802056844,961.5162642343632,1989735.0,AU,Bank
2026-06-08,957.9697265625,967.1607522003342,950.526942147912,952.07542618629,1397471.0,AU,Bank
2026-06-09,977.5506591796876,979.4987794846356,958.119517376891,959.0686078819622,886909.0,AU,Bank
2026-06-10,958.2694091796876,980.9473981383744,955.7218953507822,980.9473981383744,1740578.0,AU,Bank
2026-06-11,962.3654174804688,971.4566254664784,946.3310009968504,951.076392661918,1515822.0,AU,Bank
2026-06-12,1014.5147705078124,1018.4609504464825,958.1694649193656,969.5584291263732,4077611.0,AU,Bank
2026-06-15,1032.59716796875,1054.975459685794,1022.4071128775364,1033.9958340670426,1771740.0,AU,Bank
2026-06-16,1022.1073608398438,1037.991959001269,1009.02009489055,1037.991959001269,1168430.0,AU,Bank
2026-06-17,1019.8595581054688,1028.501190360457,1012.0171984799832,1028.501190360457,683318.0,AU,Bank
2026-06-18,1024.355224609375,1027.4521927307248,1015.613713487565,1021.008499027402,908553.0,AU,Bank
2026-06-19,1032.0478515625,1040.989120079936,1016.0633127350408,1023.1064610931758,1437168.0,AU,Bank
2026-06-22,1044.0361328125,1049.9803112935913,1022.2572345681896,1033.04680510153,1760276.0,AU,Bank
2026-06-23,1025.354248046875,1045.0352089921705,1021.0584319461798,1044.0361791559185,1006827.0,AU,Bank
2026-06-24,1066.16455078125,1071.9589723857084,1020.0094229317878,1020.0094229317878,4900913.0,AU,Bank
2026-06-25,1032.846923828125,1078.1529004066606,1030.3993496237863,1078.1030220882965,2267362.0,AU,Bank
2026-06-26,1032.846923828125,1032.846923828125,1032.846923828125,1032.846923828125,0.0,AU,Bank
2026-06-29,1029.4501953125,1037.9919487727575,1014.5646880706196,1032.8969212490415,10215789.0,AU,Bank
2026-06-30,1036.0439453125,1042.7873967387468,1022.8566782411532,1033.995885357849,1997809.0,AU,Bank
2026-07-01,1050.3800048828125,1053.3770944219768,1029.9997716261184,1034.8950422637972,1781800.0,AU,Bank
2026-07-02,1055.9744873046875,1065.2655131260572,1046.1839465886608,1050.180065745916,1248018.0,AU,Bank
2026-07-03,1057.3731689453125,1068.762133101303,1047.9822643973246,1063.8668626713209,1748260.0,AU,Bank
2026-07-06,1060.3702392578125,1089.3421030520049,1051.0792134671997,1061.7689053485974,4449105.0,AU,Bank
2026-07-07,1065.864990234375,1073.8572291759365,1061.0695980886828,1063.9668090953764,1094227.0,AU,Bank
2026-07-08,1037.792236328125,1072.9580375682297,1031.997814532571,1058.9716199462976,1793492.0,AU,Bank
2026-07-09,1046.3839111328125,1049.780637084126,1034.095794940436,1037.792278633764,1090588.0,AU,Bank
2026-07-10,1071.059814453125,1078.8522956030392,1048.9812804642063,1050.979340046043,1470963.0,AU,Bank
2026-07-13,1059.4710693359375,1067.663064655663,1050.479801420781,1067.663064655663,779934.0,AU,Bank
2026-07-14,1037.292724609375,1051.279142274405,1032.9968475457908,1048.9813248772537,996998.0,AU,Bank
2026-07-15,1039.5904541015625,1051.6786910889982,1035.8940923783582,1041.888271573968,464281.0,AU,Bank
2026-07-16,1034.095703125,1043.9861223587743,1024.105405303385,1024.2052838912257,610596.0,AU,Bank
2026-07-17,1029.200439453125,1035.9938907964763,1017.3120215541388,1034.095709807727,748829.0,AU,Bank
2026-07-20,992.3363037109376,1037.5923421656512,988.6398811977662,1034.9948890352823,3385647.0,AU,Bank
2026-07-21,1002.3265991210938,1005.8232034663614,993.0356340559996,993.0356340559996,1082450.0,AU,Bank
2026-07-22,979.2490234375,1003.0259205134474,974.753389331613,1003.0259205134474,1427212.0,AU,Bank
2026-07-23,977.75048828125,988.3401798881276,959.0686186192086,979.049214840442,2396795.0,AU,Bank
2026-07-24,1003.0259399414062,1014.914419197622,966.4614728956716,968.0598962183492,1826523.0,AU,Bank
2026-07-27,1051.1790771484375,1060.969617693212,1020.0093970478056,1020.0093970478056,5047131.0,AU,Bank
2026-07-28,1046.6834716796875,1058.5719506787102,1042.887231614441,1050.8794700068083,1569390.0,AU,Bank
2026-07-29,1041.288818359375,1067.7631082891778,1038.9910010186777,1066.863957070997,1383599.0,AU,Bank
2026-07-30,1029.699951171875,1039.2907346745292,1021.6078342994036,1038.990976958117,1294208.0,AU,Bank
2026-07-31,1047.300048828125,1057.4000244140625,1034.9000244140625,1035.0,2215780.0,AU,Bank
2026-08-03,1060.0,1060.0,1038.4000244140625,1054.0999755859375,1367532.0,AU,Bank
2026-08-04,1059.0,1059.0,1035.199951171875,1055.0,774989.0,AU,Bank
2026-08-05,,,,,957552.0,AU,Bank
2026-01-01,490.1235961914063,491.76813293210535,485.43912870781975,488.429206569689,1882033.0,VBL,consumer
2026-01-02,492.1668395996094,495.3064459156402,485.3893414543796,490.8213287974786,4268299.0,VBL,consumer
2026-01-05,487.083740234375,492.166848729265,484.0438092145756,490.3728140153801,4736202.0,VBL,consumer
2026-01-06,497.2001647949219,500.3397407501641,482.1002763117873,484.9408262038436,8149788.0,VBL,consumer
2026-01-07,508.0142517089844,509.8082862976257,496.20343781993313,498.3463209165452,5740556.0,VBL,consumer
2026-01-08,499.2433471679688,509.95779325990617,496.1535938395227,508.5624296196343,3510812.0,VBL,consumer
2026-01-09,487.3826904296875,502.731750670729,486.3859978112219,494.3595387589468,3997698.0,VBL,consumer
2026-01-12,492.1668395996094,497.1503030642334,483.79462706237047,484.99067046053904,4793134.0,VBL,consumer
2026-01-13,499.5423583984375,500.4393756822445,487.6816917663221,492.1668086020025,4787423.0,VBL,consumer
2026-01-14,500.7384033203125,507.1670833624759,496.2034637298325,498.7450179325592,3400938.0,VBL,consumer
2026-01-15,500.7384033203125,500.7384033203125,500.7384033203125,500.7384033203125,0.0,VBL,consumer
2026-01-16,498.7449645996094,504.1270984876792,494.957544934542,496.85125476707566,4442688.0,VBL,consumer
2026-01-19,494.3595581054688,498.6951772487955,487.7813804828329,493.06386981741525,4726501.0,VBL,consumer
2026-01-20,487.48236083984375,498.0971310357152,484.9407764384992,492.0671529217005,3568142.0,VBL,consumer
2026-01-21,476.4190979003906,486.5355224523939,471.0867860142013,479.7580244397164,5819986.0,VBL,consumer
2026-01-22,485.489013671875,487.881070036118,478.4124895144773,480.40587488745433,4471094.0,VBL,consumer
2026-01-23,472.531982421875,488.2298913595086,469.59172699388233,486.386003908902,3352354.0,VBL,consumer
2026-01-27,470.090087890625,476.91743870780687,463.56176312199375,471.3359537179704,3880383.0,VBL,consumer
2026-01-28,466.8508605957031,471.8841770453696,459.4753406042572,470.5884582687312,7554323.0,VBL,consumer
2026-01-29,465.50531005859375,468.993734483791,449.9569283824608,467.4488729764339,7732682.0,VBL,consumer
2026-01-30,469.69140625,473.42900364721487,461.2693412816177,461.5683673233822,6589147.0,VBL,consumer
2026-02-02,464.75775146484375,479.3593225217312,455.737695518988,466.4521410670014,5718949.0,VBL,consumer
2026-02-03,449.6080322265625,490.52225076968045,439.1427600596284,477.4157493296585,28666048.0,VBL,consumer
2026-02-04,443.4285583496094,452.4984676389169,436.60120754529646,452.4984676389169,13262771.0,VBL,consumer
2026-02-05,435.65435791015625,447.4153188653388,435.1560115914342,445.970132791032,9354103.0,VBL,consumer
2026-02-06,437.597900390625,443.3288831880385,430.77058000006673,435.6543679527942,6623250.0,VBL,consumer
2026-02-09,455.83740234375,457.4819391790381,437.647760971163,441.9833802035747,7503533.0,VBL,consumer
2026-02-10,454.9902038574219,461.1697105781133,453.1961692180709,458.4786282024404,5289731.0,VBL,consumer
2026-02-11,455.3888854980469,457.4321237693567,451.6512878980684,454.9902145040453,2466686.0,VBL,consumer
2026-02-12,454.19287109375,456.68460281926616,449.5084032831208,455.4885594243596,3401594.0,VBL,consumer
2026-02-13,447.8140258789063,452.2493206391616,444.1262810735453,451.0034547420841,3080721.0,VBL,consumer
2026-02-16,454.3423461914063,457.332424112486,442.8305279452616,445.5216102408917,2459060.0,VBL,consumer
2026-02-17,456.5350646972656,457.88060588323935,452.84732007333895,453.4951642246163,2033633.0,VBL,consumer
2026-02-18,462.1165161132813,462.8640355603803,453.6944819259522,456.5350314916131,2991343.0,VBL,consumer
2026-02-19,452.0000915527344,462.4653637937569,449.5581825298382,462.116515302394,1889084.0,VBL,consumer
2026-02-20,452.3489685058594,455.0898733128704,447.8139986660898,449.3588905345746,2521212.0,VBL,consumer
2026-02-23,455.78753662109375,457.6314241066913,453.046631833938,456.03670978356246,2298607.0,VBL,consumer
2026-02-24,457.5816040039063,462.3657165813533,449.6080627637306,453.4951580349871,4586271.0,VBL,consumer
2026-02-25,454.3423461914063,460.4719998462907,453.046627508951,458.578289912936,2400024.0,VBL,consumer
2026-02-26,458.9271545410156,461.1697130605993,453.1961716576352,454.8407084886672,2077636.0,VBL,consumer
2026-02-27,449.9070434570313,462.814225077716,448.063156023127,460.4221688684068,4555709.0,VBL,consumer
2026-03-02,443.8272399902344,449.60807580705375,431.6177546120131,433.51149504480975,5183683.0,VBL,consumer
2026-03-04,428.3286743164063,434.4583281447603,424.5910768092823,430.5712328206806,8357859.0,VBL,consumer
2026-03-05,444.2757263183594,447.01663096754726,431.1692247155718,434.4582981279395,6468494.0,VBL,consumer
2026-03-06,446.16943359375,454.2426496879899,440.3387758358743,442.9301826634462,4616931.0,VBL,consumer
2026-03-09,436.30224609375,442.531575706739,431.9168041295354,442.531575706739,3862525.0,VBL,consumer
2026-03-10,435.0563659667969,443.2292583188573,432.6643095568381,443.2292583188573,3317809.0,VBL,consumer
2026-03-11,429.8236999511719,440.3387951108554,428.577834154212,436.4516999076696,7599571.0,VBL,consumer
2026-03-12,409.6905212402344,430.5712454245904,408.644006074264,430.5712454245904,12325188.0,VBL,consumer
2026-03-13,399.97271728515625,417.1656641654049,399.1255529316182,408.6439548348956,7664431.0,VBL,consumer
2026-03-16,405.8034057617188,415.0228127605317,399.77342740482914,400.27177372908926,8027378.0,VBL,consumer
2026-03-17,405.0060424804688,409.74033231161536,401.1687699024211,409.3914838196757,4489728.0,VBL,consumer
2026-03-18,413.7271423339844,416.6175450560679,406.9496137816486,408.6440035238944,6377212.0,VBL,consumer
2026-03-19,403.3116760253906,409.0925116638141,401.9661348602704,408.89316096652,5644420.0,VBL,consumer
2026-03-20,400.1222534179688,408.2951144263227,398.6770369922144,404.6571925470976,5524922.0,VBL,consumer
2026-03-23,380.9359436035156,397.3813723547143,379.7399002549519,396.6836753319445,10454299.0,VBL,consumer
2026-03-24,387.0656127929688,392.84641823649633,380.9857812920295,390.60385968082056,6998465.0,VBL,consumer
2026-03-25,400.1222534179688,406.0525560932415,389.8064790024664,393.5938986872348,9134065.0,VBL,consumer
2026-03-27,388.012451171875,399.5740924330287,386.71676284446727,398.6770750973889,8968617.0,VBL,consumer
2026-03-30,382.8296508789063,390.2549928312804,380.2382439195852,384.7233608203405,10212880.0,VBL,consumer
2026-04-01,400.4710693359375,402.9129783410255,387.763238850228,395.9859526939224,6465240.0,VBL,consumer
2026-04-02,402.3648376464844,403.6605259334394,389.3081577613575,396.2850063577379,3620669.0,VBL,consumer
2026-04-06,399.67376708984375,406.3017673684781,398.4777236999735,403.6605378338821,4363829.0,VBL,consumer
2026-04-07,399.5242614746094,400.91962512446656,393.9925989252039,398.67706662470266,3214980.0,VBL,consumer
2026-04-08,421.02978515625,423.1254597980632,410.20215821907584,412.048348509593,6926186.0,VBL,consumer
2026-04-09,422.0277404785156,428.614133723281,413.8446716813754,420.5308343071887,5743167.0,VBL,consumer
2026-04-10,430.7098083496094,433.1048521322248,424.1732997969533,424.9217528824352,5731496.0,VBL,consumer
2026-04-13,429.71185302734375,432.3064963733439,416.28958273751385,417.1378356233684,5357143.0,VBL,consumer
2026-04-15,444.6310119628906,450.7683515515783,435.20052147533454,436.0986590758684,7797798.0,VBL,consumer
2026-04-16,459.4503784179688,465.0388340163884,445.0800857753417,445.6289391701173,7114657.0,VBL,consumer
2026-04-17,472.9225463867188,474.2198833305709,452.3650290465,452.3650290465,11968336.0,VBL,consumer
2026-04-20,465.5877075195313,475.9662814168243,463.3423482454382,475.4173975437099,6027104.0,VBL,consumer
2026-04-21,484.0994567871094,486.0454165165093,465.587699057693,465.587699057693,7932444.0,VBL,consumer
2026-04-22,493.92913818359375,497.6714035083872,483.3509954412509,485.9456388240344,11943145.0,VBL,consumer
2026-04-23,483.2511901855469,489.8375831742011,475.4173754359594,488.9893302858399,10692659.0,VBL,consumer
2026-04-24,489.43841552734375,491.8833439121162,480.3072638507386,483.4008759165271,13173088.0,VBL,consumer
2026-04-27,517.7798461914062,520.6240046047188,478.8603142452526,493.8792614001132,36094833.0,VBL,consumer
2026-04-28,517.4804077148438,528.3080646555015,513.9876269422308,520.4243351193272,14074482.0,VBL,consumer
2026-04-29,522.0210571289062,533.59716812546,518.3786219722152,519.825643460443,9973200.0,VBL,consumer
2026-04-30,513.1309204101562,523.3196327473469,508.685838055924,522.5204702365558,7127837.0,VBL,consumer
2026-05-01,513.1309204101562,513.1309204101562,513.1309204101562,513.1309204101562,0.0,VBL,consumer
2026-05-04,506.1886291503906,520.7724310793001,504.4405677769063,513.1309422271654,5234719.0,VBL,consumer
2026-05-05,511.1331481933594,512.4316958528897,499.24630669006734,503.3917336848606,4854705.0,VBL,consumer
2026-05-06,508.3861999511719,515.9777563224974,501.14423146459546,514.4294855981859,4518907.0,VBL,consumer
2026-05-07,510.0343627929688,514.4294823708393,506.48827719704326,508.3861967617387,3542867.0,VBL,consumer
2026-05-08,508.2862854003906,513.9300200485823,506.0387780240849,510.43389746321776,1878374.0,VBL,consumer
2026-05-11,500.74462890625,506.88784009311314,498.9466352071196,505.4394342638689,2707721.0,VBL,consumer
2026-05-12,487.80902099609375,505.0898441824533,486.0609596137372,498.4472170262525,3884745.0,VBL,consumer
2026-05-13,488.6080932617188,498.2473964950461,484.1130785482093,484.4626969004584,3933073.0,VBL,consumer
2026-05-14,504.5903930664063,506.3384544314177,488.9078036819947,490.8556251984592,4345986.0,VBL,consumer
2026-05-15,503.2418823242188,509.4350262088941,500.5948240691032,506.4383495841359,3728317.0,VBL,consumer
2026-05-18,510.933349609375,514.1298167760013,493.7523919353562,503.2418676368011,4593884.0,VBL,consumer
2026-05-19,514.2296752929688,518.2751763751412,508.7357683753782,511.3328941059023,5130324.0,VBL,consumer
2026-05-20,513.4306030273438,516.1276242250816,506.38842504314266,506.9378035727178,5735895.0,VBL,consumer
2026-05-21,519.2741088867188,525.3174557396347,513.5804718674285,514.4295058881875,6850797.0,VBL,consumer
2026-05-22,538.8524169921875,540.8002690028383,526.0166154628012,531.4106578049815,18510994.0,VBL,consumer
2026-05-25,530.1121215820312,543.3474437026227,525.6171065222077,542.3485514671064,8578018.0,VBL,consumer
2026-05-26,530.71142578125,534.4073391991263,525.9666877229399,528.5638440827512,4811410.0,VBL,consumer
2026-05-27,533.9078979492188,539.401805224655,529.8124641854563,532.1099041253119,4232992.0,VBL,consumer
2026-05-28,533.9078979492188,533.9078979492188,533.9078979492188,533.9078979492188,0.0,VBL,consumer
2026-05-29,527.4151000976562,543.7969571392221,524.8679370918297,538.402914683024,13582024.0,VBL,consumer
2026-06-01,524.9178466796875,531.7103013889802,521.4217240091282,528.4139693502468,3454028.0,VBL,consumer
2026-06-02,536.4050903320312,537.4039824927985,514.5793210062817,517.4261392774529,8512936.0,VBL,consumer
2026-06-03,532.8091430664062,539.052219541371,527.9145467230164,538.3529827826661,4501572.0,VBL,consumer
2026-06-04,527.8146362304688,535.2064015569131,526.566021043481,532.4095157315681,2968198.0,VBL,consumer
2026-06-05,522.7202758789062,527.3152165777822,517.7258148806986,526.915635310909,3217921.0,VBL,consumer
2026-06-08,521.5715942382812,530.4117659504383,510.9333677658177,517.7258226315615,5396987.0,VBL,consumer
2026-06-09,529.1631469726562,530.6614852840465,523.2696585608378,523.4195167789936,4547800.0,VBL,consumer
2026-06-10,525.6669921875,538.0032858119158,523.769072721803,529.4128377375297,3150329.0,VBL,consumer
2026-06-11,519.3240966796875,531.7103237968515,517.9256231655115,520.5227185860742,2704464.0,VBL,consumer
2026-06-12,521.6215209960938,529.4128679919002,516.9267154449215,525.417299176867,2335737.0,VBL,consumer
2026-06-15,540.4006958007812,542.7480681515308,526.6159952363403,528.4139890547381,7594901.0,VBL,consumer
2026-06-16,540.4506225585938,542.748062467349,535.5060938841261,542.748062467349,3831572.0,VBL,consumer
2026-06-17,543.447265625,555.1842484654879,539.5016294127751,540.6004473655994,7532315.0,VBL,consumer
2026-06-18,530.9611206054688,551.0888222117478,529.3129851060032,547.0932535329858,8122763.0,VBL,consumer
2026-06-19,528.9133911132812,538.1032110466231,525.7668564675184,535.306325232355,9495702.0,VBL,consumer
2026-06-22,512.3817749023438,529.4128750086415,503.5415726851622,527.4150905746467,11556735.0,VBL,consumer
2026-06-23,503.7413330078125,516.4272763614574,502.3928529014292,511.48274769214765,6358283.0,VBL,consumer
2026-06-24,506.138671875,513.9799509782146,503.7413062935189,506.8378780997906,6476790.0,VBL,consumer
2026-06-25,507.0876159667969,514.0298984218151,504.890071431215,508.18640347647306,4139647.0,VBL,consumer
2026-06-26,507.0876159667969,507.0876159667969,507.0876159667969,507.0876159667969,0.0,VBL,consumer
2026-06-29,503.5415649414063,508.2863028991768,501.7935035885434,507.0876200637053,3941267.0,VBL,consumer
2026-06-30,506.98773193359375,509.7346855270319,502.1930614912829,505.8390119821829,3722439.0,VBL,consumer
2026-07-01,515.1287231445312,523.2197256310908,507.0376901742008,508.43613316670667,4419221.0,VBL,consumer
2026-07-02,510.0842895507813,517.3762208112324,507.9366774439865,514.4794090798945,5284923.0,VBL,consumer
2026-07-03,515.2285766601562,521.8213016595139,512.1819676904157,516.9267055676063,3567591.0,VBL,consumer
2026-07-06,494.30181884765625,511.7324697147205,489.95663161426177,509.4350298129939,9967183.0,VBL,consumer
2026-07-07,483.7135314941406,500.9444213615106,480.71685499546754,499.4460831121741,7058165.0,VBL,consumer
2026-07-08,474.0242614746094,482.9643584838998,471.5769939773105,482.01539874011337,3846105.0,VBL,consumer
2026-07-09,480.86669921875,483.9632711370207,475.3727921160594,476.47157963335167,5558894.0,VBL,consumer
2026-07-10,477.57037353515625,487.4594003554491,475.2729031530544,484.9621698208412,9967759.0,VBL,consumer
2026-07-13,468.580322265625,478.16969317845474,464.0353446094105,476.721287340852,7281774.0,VBL,consumer
2026-07-14,469.7290649414063,473.774566225862,464.9843269116951,467.4815574536483,7372887.0,VBL,consumer
2026-07-15,463.6857604980469,472.1763439978069,462.7368007369186,470.72793814845744,5070265.0,VBL,consumer
2026-07-16,466.03314208984375,467.3317202355736,461.5381272055332,464.9343850606954,5854168.0,VBL,consumer
2026-07-17,462.8367004394531,467.4815430071936,459.59030083523646,467.4815430071936,2797591.0,VBL,consumer
2026-07-20,467.4815368652344,469.1796657524836,459.4903994829226,462.3871806872567,4348073.0,VBL,consumer
2026-07-21,462.93658447265625,472.0764416542586,461.9876247256578,469.47931593742527,5338033.0,VBL,consumer
2026-07-22,457.7423400878906,464.9843083707869,454.5458729281388,464.0353486091752,7951021.0,VBL,consumer
2026-07-23,458.54144287109375,464.2351404885605,456.9432397706829,460.4892948149035,2932300.0,VBL,consumer
2026-07-24,456.6935119628906,458.9909517585988,450.6501960488213,451.499260489416,2597541.0,VBL,consumer
2026-07-27,463.98541259765625,464.8844094531906,453.49704482096007,460.4393575904717,5407996.0,VBL,consumer
2026-07-28,429.5236511230469,469.4793395996094,422.5314056396484,464.1852230699733,47975773.0,VBL,consumer
2026-07-29,446.70458984375,448.3027929259658,433.0197549449462,438.5635942853355,13449496.0,VBL,consumer
2026-07-30,450.8500061035156,454.6457843166222,446.10526809524686,447.7035017316284,7069870.0,VBL,consumer
2026-07-31,442.2999877929688,451.0,439.8500061035156,451.0,7987191.0,VBL,consumer
2026-08-03,445.0,450.0,442.6000061035156,444.0,6028529.0,VBL,consumer
2026-08-04,439.0,447.1499938964844,439.0,447.1499938964844,3152444.0,VBL,consumer
2026-08-05,437.0,445.2000122070313,436.8500061035156,442.3500061035156,2044640.0,VBL,consumer
2026-01-01,291.3273010253906,293.4099341728016,286.38708152962926,287.2104563724965,8464712.0,BOB,Bank
2026-01-02,295.4925842285156,296.3644103246392,291.5694850417342,291.5694850417342,10317519.0,BOB,Bank
2026-01-05,297.2362060546875,302.0311017631688,295.1051215877334,299.12509361447337,16328380.0,BOB,Bank
2026-01-06,295.4925842285156,298.7376325822988,292.9256162691745,297.86583604761887,9161270.0,BOB,Bank
2026-01-07,298.5923156738281,299.8031523148412,294.7176384225862,294.95980575078886,6706773.0,BOB,Bank
2026-01-08,290.1648864746094,299.6094124583085,289.34154119185075,297.381484820064,8064971.0,BOB,Bank
2026-01-09,291.2304382324219,295.92849055782153,287.9853899523143,290.1648960202524,10210825.0,BOB,Bank
2026-01-12,292.7319030761719,294.4754961630863,286.43555200689536,291.61790962245243,5639635.0,BOB,Bank
2026-01-13,292.3928527832031,294.1848970148927,289.29309900074315,293.6036894855011,5669755.0,BOB,Bank
2026-01-14,298.0595703125,298.7376211194809,289.971175341472,293.0708995193329,11134333.0,BOB,Bank
2026-01-15,298.0595703125,298.0595703125,298.0595703125,298.0595703125,0.0,BOB,Bank
2026-01-16,298.5923156738281,303.5325350814498,296.5096825635739,298.05955937635895,16690141.0,BOB,Bank
2026-01-19,297.5267944335937,299.5125844013212,294.57236464640187,298.1080019744272,9436591.0,BOB,Bank
2026-01-20,292.5865783691406,300.43280636575025,290.7945636410126,297.3330820446133,8244610.0,BOB,Bank
2026-01-21,289.6805725097656,295.9769236155112,288.0338522651294,291.95695151413173,7777440.0,BOB,Bank
2026-01-22,295.7347412109375,298.3501602847641,291.7147693141943,292.489722532319,7472657.0,BOB,Bank
2026-01-23,286.8714294433594,296.84874174096547,285.3700037369516,296.84874174096547,7810191.0,BOB,Bank
2026-01-27,292.53814697265625,294.0880238622834,286.7261308076366,287.6948001684732,11451625.0,BOB,Bank
2026-01-28,296.6065673828125,296.9455780068308,291.0367186092663,293.99114830804854,10161294.0,BOB,Bank
2026-01-29,292.9740600585937,299.56099988880686,291.6663505089571,297.3814938265601,16319863.0,BOB,Bank
2026-01-30,290.01959228515625,294.4754771276659,288.17912646539673,292.92560028312664,11708481.0,BOB,Bank
2026-02-02,268.9026184082031,270.50091692897746,262.0250600869773,270.25874959063464,16234606.0,BOB,Bank
2026-02-03,276.4582214355469,285.75745293486824,273.06787877360773,280.91410627495526,15500999.0,BOB,Bank
2026-02-04,281.73748779296875,283.432659164092,273.4069254283032,277.03943550928153,9434395.0,BOB,Bank
2026-02-05,281.3500366210937,283.9170045966024,279.9938758236683,282.27025480626804,4970798.0,BOB,Bank
2026-02-06,280.1391906738281,282.17337268021816,275.7801785548045,280.9625359804894,4988298.0,BOB,Bank
2026-02-09,281.4953308105469,285.7574702167452,280.8172504125737,282.85146204504946,8780025.0,BOB,Bank
2026-02-10,281.2531433105469,283.3357764387485,279.1220589794223,281.4953106408364,7522576.0,BOB,Bank
2026-02-11,282.0765380859375,283.5295421703882,276.84569973276,280.9141229937994,7047693.0,BOB,Bank
2026-02-12,280.7688293457031,282.8514626274176,278.7830393540895,282.0765389379474,6441099.0,BOB,Bank
2026-02-13,278.44403076171875,278.97678710696346,275.6833170603506,278.2987067026119,6295039.0,BOB,Bank
2026-02-16,283.3842163085937,284.2075911968291,275.295850605802,276.9425708208292,6149012.0,BOB,Bank
2026-02-17,293.7489929199219,295.4441643547442,282.0765385790087,283.38421860814515,17496015.0,BOB,Bank
2026-02-18,295.5894470214844,297.3814912360094,293.74898116390835,293.74898116390835,7867687.0,BOB,Bank
2026-02-19,294.9114074707031,296.36441155501643,293.5068250312894,294.08803257730347,7342206.0,BOB,Bank
2026-02-20,299.36724853515625,300.917125395756,293.07089780764204,293.99114550777875,14797240.0,BOB,Bank
2026-02-23,303.5325622558594,305.3730282026827,299.99692485985383,301.2077616092697,10075556.0,BOB,Bank
2026-02-24,303.2903747558594,304.3559169368413,297.38148589899805,303.14508026787144,12952576.0,BOB,Bank
2026-02-25,305.9542236328125,306.53543116179355,301.7889276429841,303.1935100412348,9318353.0,BOB,Bank
2026-02-26,314.2847900390625,315.30188105660324,306.0995220088683,306.0995220088683,20502406.0,BOB,Bank
2026-02-27,311.86309814453125,314.8175277340744,309.4898464954978,314.8175277340744,14686416.0,BOB,Bank
2026-03-02,305.3245849609375,310.16793161601936,301.449907636872,302.2248312771083,9823313.0,BOB,Bank
2026-03-04,289.9227294921875,300.6749653697821,287.4042127891081,300.4327980282212,17339156.0,BOB,Bank
2026-03-05,292.3928527832031,294.08802416642027,289.09938286524124,291.6178995568667,10288116.0,BOB,Bank
2026-03-06,286.09649658203125,290.2133412928706,284.74036541310204,289.632133774346,9115653.0,BOB,Bank
2026-03-09,279.02520751953125,279.80016077271523,268.36984417016413,276.21607218516874,11662512.0,BOB,Bank
2026-03-10,285.1762390136719,286.87141030654016,281.3984346161393,281.88276927124457,8965568.0,BOB,Bank
2026-03-11,280.23602294921875,287.8885342399656,279.4610993164189,285.75744990760336,6444909.0,BOB,Bank
2026-03-12,280.1391906738281,284.1591626046391,274.0850071751842,278.0081062577283,8115474.0,BOB,Bank
2026-03-13,272.2445068359375,278.49243591851234,271.2274158510729,277.1847263940848,6237801.0,BOB,Bank
2026-03-16,271.1789855957031,273.6490805156037,263.9623874000071,271.2274072367045,9554841.0,BOB,Bank
2026-03-17,274.3755798339844,275.05366017006577,268.6119856616155,271.760160893603,5072811.0,BOB,Bank
2026-03-18,274.2787170410156,277.9112270571728,273.6975095261421,274.4240115293735,5349893.0,BOB,Bank
2026-03-19,264.05926513671875,271.9054926180383,262.6546827843525,271.2274122628045,6659439.0,BOB,Bank
2026-03-20,271.1789855957031,274.9083387960547,266.62622800679617,267.20743550602026,9423497.0,BOB,Bank
2026-03-23,257.5691833496094,266.8199937056975,256.69738681610755,266.5778263596446,9657083.0,BOB,Bank
2026-03-24,262.0250549316406,265.1732302681576,257.6660429272326,261.9281820859209,9976659.0,BOB,Bank
2026-03-25,264.1561584472656,268.75733811891126,262.4125357821965,265.31854399586746,13583867.0,BOB,Bank
2026-03-27,252.1446228027344,261.05639274706283,250.2557352859572,261.05639274706283,19957366.0,BOB,Bank
2026-03-30,239.8425445556641,247.97936144064656,238.87387517503652,246.62323022005677,15950618.0,BOB,Bank
2026-04-01,244.1337432861328,248.22152926269223,242.5548074628455,245.07335376960447,11199966.0,BOB,Bank
2026-04-02,241.7411193847656,243.1166280810444,233.4493121560872,241.1502304930587,14887386.0,BOB,Bank
2026-04-06,251.6215667724609,252.52242219812143,244.0175062524364,244.6955718600392,22152306.0,BOB,Bank
2026-04-07,250.01356506347656,250.88536156589575,246.83633077899933,249.9069960630621,9211553.0,BOB,Bank
2026-04-08,267.3333740234375,268.5926323358116,259.61307823213457,259.61307823213457,15760765.0,BOB,Bank
2026-04-09,265.6478881835937,271.83769987141113,263.7783633265774,267.34305964244624,14149060.0,BOB,Bank
2026-04-10,267.53680419921875,269.919722648226,265.07637564373084,268.7379447966714,10543042.0,BOB,Bank
2026-04-13,267.0815124511719,267.7014454587808,258.344125618883,261.5116637285725,12303610.0,BOB,Bank
2026-04-15,270.3265686035156,274.1334321388243,268.2826608576679,271.0143155800874,13447615.0,BOB,Bank
2026-04-16,270.63653564453125,273.1163267401009,268.3601568290633,271.6148715564579,7908505.0,BOB,Bank
2026-04-17,271.65362548828125,273.54254248006146,267.76925206939626,270.25873930758485,6831951.0,BOB,Bank
2026-04-20,272.2057800292969,277.28159789885814,268.9316729382499,271.71174920744005,12006723.0,BOB,Bank
2026-04-21,275.1505126953125,276.26450607936454,272.5351232285034,273.26162522952404,7814738.0,BOB,Bank
2026-04-22,273.9106140136719,276.16763009224377,272.5447867199161,274.3755859311553,7482697.0,BOB,Bank
2026-04-23,267.6820983886719,272.6707398852657,265.46383718596434,272.1961013390341,8177124.0,BOB,Bank
2026-04-24,265.54132080078125,268.1276512857696,261.10479883797325,267.5464733530359,7797230.0,BOB,Bank
2026-04-27,265.4057006835937,268.5151505220122,264.1561385301708,266.56811570599496,6045069.0,BOB,Bank
2026-04-28,259.4386901855469,263.5361720388992,257.2882431191795,261.54071561063705,12427177.0,BOB,Bank
2026-04-29,259.8455505371094,263.2940110236837,259.02217568556074,260.76579823497707,5919525.0,BOB,Bank
2026-04-30,255.20562744140625,257.87916439891745,251.8540396524661,257.5691831015218,12323040.0,BOB,Bank
2026-05-01,255.20562744140625,255.20562744140625,255.20562744140625,255.20562744140625,0.0,BOB,Bank
2026-05-04,256.79425048828125,263.0906012606085,255.92245398593985,256.64895599813144,6230309.0,BOB,Bank
2026-05-05,255.1475067138672,257.4723072947553,253.3554624630881,257.08484545818123,6130906.0,BOB,Bank
2026-05-06,261.8313293457031,262.8968716075566,254.56630878049,260.2814819409465,17657931.0,BOB,Bank
2026-05-07,261.8797607421875,263.3811863875065,258.7315854020833,262.7515572317741,10221403.0,BOB,Bank
2026-05-08,255.6318359375,261.2985575558183,251.1759510085043,261.2985575558183,16922683.0,BOB,Bank
2026-05-11,257.6660461425781,261.2501345488376,254.13040894050417,257.56917329564953,26039714.0,BOB,Bank
2026-05-12,251.80560302734372,259.07062296972015,251.0306498299585,255.6802803299445,9935242.0,BOB,Bank
2026-05-13,253.45233154296875,256.0192994287174,250.0135671475338,252.53211338997204,14028629.0,BOB,Bank
2026-05-14,259.4096374511719,261.6375946702412,254.4209962620036,255.53496009081715,11352510.0,BOB,Bank
2026-05-15,253.2101593017578,261.7828888641775,252.58053014369764,259.6033828514323,10676841.0,BOB,Bank
2026-05-18,251.90245056152344,252.67740377198572,247.30128596776285,251.8540289190005,7299311.0,BOB,Bank
2026-05-19,252.43524169921875,254.17883472658505,251.5634451855356,252.047779866631,7957982.0,BOB,Bank
2026-05-20,255.2928009033203,256.0193029315727,248.60898815568677,250.3526107603585,13610643.0,BOB,Bank
2026-05-21,254.8569183349609,259.02218482059834,254.2757107979912,257.61763196448493,8207070.0,BOB,Bank
2026-05-22,257.0848388671875,258.58629409240336,254.51787100907052,255.1959513767735,18828819.0,BOB,Bank
2026-05-25,263.7202453613281,264.44674741466514,258.9253199847263,259.6034003924185,11731542.0,BOB,Bank
2026-05-26,262.073486328125,265.60915317911787,261.34698430035,264.3498652607753,10164821.0,BOB,Bank
2026-05-27,262.4609680175781,265.65756499697585,261.34697463370605,262.07347663460934,10007296.0,BOB,Bank
2026-05-28,262.4609680175781,262.4609680175781,262.4609680175781,262.4609680175781,0.0,BOB,Bank
2026-05-29,260.08770751953125,265.4153886791492,258.7799980498823,264.0108063670372,17624514.0,BOB,Bank
2026-06-01,256.0677490234375,263.23589631342816,254.95378518131776,261.9281867763995,12975542.0,BOB,Bank
2026-06-02,257.4722900390625,258.0050758949077,252.8226891889006,255.2443624569935,12303559.0,BOB,Bank
2026-06-03,260.4267578125,261.44384879430294,252.6289518933892,255.6318327578467,17903043.0,BOB,Bank
2026-06-04,262.79998779296875,263.6718138735858,258.00509215679057,259.11905601803744,16143314.0,BOB,Bank
2026-06-05,263.70001220703125,269.3999938964844,262.79998779296875,264.95001220703125,23279313.0,BOB,Bank
2026-06-08,259.25,266.5,258.0,260.8500061035156,11172071.0,BOB,Bank
2026-06-09,273.75,274.20001220703125,260.3999938964844,260.3999938964844,32633870.0,BOB,Bank
2026-06-10,269.29998779296875,275.0,268.5,273.3999938964844,11888452.0,BOB,Bank
2026-06-11,267.6000061035156,268.6000061035156,262.1000061035156,266.20001220703125,21062711.0,BOB,Bank
2026-06-12,274.75,276.1000061035156,268.6499938964844,270.04998779296875,27384601.0,BOB,Bank
2026-06-15,276.04998779296875,282.5,275.3999938964844,278.54998779296875,9344475.0,BOB,Bank
2026-06-16,275.3500061035156,278.1000061035156,273.1000061035156,278.1000061035156,9933682.0,BOB,Bank
2026-06-17,281.8500061035156,282.3999938964844,274.0,277.0,11929170.0,BOB,Bank
2026-06-18,283.0,287.1000061035156,281.75,283.79998779296875,12399938.0,BOB,Bank
2026-06-19,281.04998779296875,282.5,278.1000061035156,281.95001220703125,4914684.0,BOB,Bank
2026-06-22,286.04998779296875,286.5,280.3999938964844,282.0,10870558.0,BOB,Bank
2026-06-23,277.79998779296875,287.20001220703125,276.8999938964844,287.0,9673161.0,BOB,Bank
2026-06-24,279.8999938964844,282.20001220703125,274.0,274.0,9376653.0,BOB,Bank
2026-06-25,279.1499938964844,282.3999938964844,278.0,282.3999938964844,10406847.0,BOB,Bank
2026-06-26,279.1499938964844,279.1499938964844,279.1499938964844,279.1499938964844,0.0,BOB,Bank
2026-06-29,272.79998779296875,279.8999938964844,271.45001220703125,279.5,13102878.0,BOB,Bank
2026-06-30,272.3999938964844,276.0,271.8999938964844,273.79998779296875,11512561.0,BOB,Bank
2026-07-01,271.6499938964844,274.1000061035156,270.6000061035156,273.70001220703125,8585773.0,BOB,Bank
2026-07-02,260.25,273.5,257.70001220703125,273.5,26105222.0,BOB,Bank
2026-07-03,252.1999969482422,258.25,250.0,258.25,39345727.0,BOB,Bank
2026-07-06,249.9499969482422,253.5,249.5,252.8999938964844,12248902.0,BOB,Bank
2026-07-07,247.8500061035156,251.8500061035156,246.3500061035156,251.1499938964844,12317114.0,BOB,Bank
2026-07-08,240.4499969482422,246.0,239.0,244.9499969482422,17045169.0,BOB,Bank
2026-07-09,244.6000061035156,246.1999969482422,240.1499938964844,240.6499938964844,10797792.0,BOB,Bank
2026-07-10,250.9499969482422,254.3500061035156,245.3500061035156,245.5,18239487.0,BOB,Bank
2026-07-13,250.6499938964844,252.6999969482422,247.0,249.0,18662940.0,BOB,Bank
2026-07-14,246.6000061035156,251.1499938964844,245.6999969482422,249.8000030517578,9026197.0,BOB,Bank
2026-07-15,248.1499938964844,250.3999938964844,246.9499969482422,248.0,8127491.0,BOB,Bank
2026-07-16,248.3000030517578,249.6000061035156,247.0500030517578,249.1999969482422,5277402.0,BOB,Bank
2026-07-17,246.8000030517578,249.0,245.6000061035156,249.0,6785854.0,BOB,Bank
2026-07-20,254.8500061035156,256.1499938964844,246.0500030517578,247.5,15040259.0,BOB,Bank
2026-07-21,247.6999969482422,257.0,247.3000030517578,254.8500061035156,13458334.0,BOB,Bank
2026-07-22,245.75,247.9499969482422,244.3999938964844,247.9499969482422,8257873.0,BOB,Bank
2026-07-23,243.1499938964844,246.0,242.25,245.0,6041550.0,BOB,Bank
2026-07-24,246.4499969482422,247.1000061035156,239.25,242.0,8475748.0,BOB,Bank
2026-07-27,244.0,247.6999969482422,241.8999938964844,243.5,14707217.0,BOB,Bank
2026-07-28,239.1999969482422,244.6999969482422,238.4499969482422,242.8000030517578,8526492.0,BOB,Bank
2026-07-29,243.3500061035156,244.8999938964844,239.3500061035156,239.8999938964844,10011406.0,BOB,Bank
2026-07-30,241.6499938964844,243.0,240.1000061035156,243.0,9423237.0,BOB,Bank
2026-07-31,242.6000061035156,244.5,242.1000061035156,243.0,7775343.0,BOB,Bank
2026-08-03,247.25,248.47999572753903,244.0,244.0500030517578,8511143.0,BOB,Bank
2026-08-04,245.0,249.1499938964844,245.0,247.19000244140625,4143561.0,BOB,Bank
2026-08-05,245.6000061035156,249.83999633789065,245.6000061035156,247.5,9240637.0,BOB,Bank
2026-01-01,120.43788146972656,121.17640112866576,119.6799227907125,120.20465771171152,7729355.0,PNB,Bank
2026-01-02,121.80803680419922,122.24532579360552,120.3018389441925,120.4378824305463,13205239.0,PNB,Bank
2026-01-05,121.54566955566406,124.61638234177528,120.86544470888316,122.43967172865317,19053073.0,PNB,Bank
2026-01-06,121.92464447021484,122.517408531904,121.04035442566376,121.41933375509602,10801122.0,PNB,Bank
2026-01-07,122.1287078857422,123.30451648194484,121.42905146827631,121.90520364701308,10185442.0,PNB,Bank
2026-01-08,119.33980560302734,122.27447484788136,118.9025240348101,122.24532373184203,11531254.0,PNB,Bank
2026-01-09,119.4272689819336,121.31244619398508,118.78591475975972,119.52444184213188,13021675.0,PNB,Bank
2026-01-12,119.67992401123048,120.00059370759703,117.6878470206332,119.42726864437785,14550075.0,PNB,Bank
2026-01-13,121.0014877319336,121.13753863181977,119.1163105332983,120.30183869519674,14480669.0,PNB,Bank
2026-01-14,125.04393768310548,125.35490269853383,121.001488862119,121.03064739267592,34920863.0,PNB,Bank
2026-01-15,125.04393768310548,125.04393768310548,125.04393768310548,125.04393768310548,0.0,PNB,Bank
2026-01-16,128.61996459960938,129.03780716898112,125.01478984891818,125.04394096642652,34696416.0,PNB,Bank
2026-01-19,124.43174743652344,131.33111679644097,121.71086290505647,128.5616569562559,86346948.0,PNB,Bank
2026-01-20,122.2161636352539,126.66675758142247,121.56509733934293,124.28598181327683,46607190.0,PNB,Bank
2026-01-21,120.48646545410156,123.11017715564358,119.32037630706998,121.75945438503663,17178415.0,PNB,Bank
2026-01-22,121.62340545654295,122.95468914730576,120.98205126470197,121.21526760091064,13651752.0,PNB,Bank
2026-01-23,116.75497436523438,122.93526316085736,116.17192979115586,122.92554365070872,17868644.0,PNB,Bank
2026-01-27,119.47584533691406,120.00058765059217,116.6092053378832,117.84331616563117,16104995.0,PNB,Bank
2026-01-28,120.9820556640625,121.12781865967357,118.30976126184426,120.49618395456828,14507424.0,PNB,Bank
2026-01-29,121.71086120605467,122.67288509900114,120.82657115083715,121.27357964030097,32910164.0,PNB,Bank
2026-01-30,121.65255737304688,122.46881826206008,119.7770923336937,120.9820520614905,14202987.0,PNB,Bank
2026-02-02,118.57212829589844,118.99969777113408,114.81148602279664,117.5809532741777,15793749.0,PNB,Bank
2026-02-03,120.36013793945312,125.36461051101548,119.23291203848628,122.92553991856148,15962796.0,PNB,Bank
2026-02-04,120.15607452392578,120.87516257381982,119.184331110734,120.3504202410386,10402322.0,PNB,Bank
2026-02-05,120.59335327148438,121.41933367060004,119.6896316218178,120.01030871998,10883117.0,PNB,Bank
2026-02-06,119.37867736816406,120.91403374727152,117.82388938278292,120.39901092215908,14524956.0,PNB,Bank
2026-02-09,119.95201110839844,121.5651013434754,119.5438732341954,120.48646554543724,12646439.0,PNB,Bank
2026-02-10,119.48556518554688,120.496179191,119.10658586022866,120.496179191,12024413.0,PNB,Bank
2026-02-11,119.4369888305664,120.22409863836128,117.68784768678448,119.62161504132214,14591234.0,PNB,Bank
2026-02-12,117.54208374023438,119.436987866336,117.09508265461304,119.37867821947133,15324439.0,PNB,Bank
2026-02-13,115.4042510986328,116.95903909411544,114.95725001329494,116.70638372803263,14737408.0,PNB,Bank
2026-02-16,117.16310119628906,117.53236101854344,114.22843939650777,114.66572096006726,12112770.0,PNB,Bank
2026-02-17,121.2930145263672,122.05097321487156,116.4245778706016,117.1631049526017,39934490.0,PNB,Bank
2026-02-18,124.54834747314452,125.10224831806345,121.30272813637666,121.56509558739972,37051990.0,PNB,Bank
2026-02-19,122.5368423461914,124.72327242943544,121.9732293898674,124.49976076955733,18850093.0,PNB,Bank
2026-02-20,125.92822265625,126.71533243163464,121.8274717681286,122.05096859663384,30257099.0,PNB,Bank
2026-02-23,126.58901977539062,128.97950029078896,126.3266448996325,126.71533633750327,27095411.0,PNB,Bank
2026-02-24,127.3275375366211,128.36731010021856,125.64642559287871,126.56957886475446,20878598.0,PNB,Bank
2026-02-25,126.85137939453124,127.939742106619,125.85048485915232,127.4441434732377,11964857.0,PNB,Bank
2026-02-26,126.79307556152344,128.90175697486427,125.44235281924053,126.99714820109796,25782446.0,PNB,Bank
2026-02-27,125.782470703125,127.15263248445574,124.9662097886578,126.5695805011918,17761050.0,PNB,Bank
2026-03-02,122.4882583618164,125.06337243711344,120.93346299297036,121.5165149631945,22915402.0,PNB,Bank
2026-03-04,117.94049835205078,121.37075134530228,116.98818656422984,120.8557285328964,25000472.0,PNB,Bank
2026-03-05,118.74703979492188,119.60217872658096,116.80355300669852,118.16399524121762,14990776.0,PNB,Bank
2026-03-06,115.93870544433594,118.91224536058716,115.30707815033564,118.01823577678492,14358834.0,PNB,Bank
2026-03-09,111.81851196289062,112.96516946345936,108.55345356851907,112.96516946345936,25946907.0,PNB,Bank
2026-03-10,114.20899963378906,114.61713007896454,112.24608124474484,113.69397682242756,18305866.0,PNB,Bank
2026-03-11,112.5667495727539,115.0932882916294,112.23636038220738,114.61712869751663,14475388.0,PNB,Bank
2026-03-12,113.31500244140624,114.7920491991327,110.44836227639,111.26462320238812,13515926.0,PNB,Bank
2026-03-13,108.54373168945312,112.98459860304608,108.34938598057391,112.7222311546778,18650285.0,PNB,Bank
2026-03-16,107.83436584472656,109.02960607011958,105.14263248596112,108.83526035643716,24727257.0,PNB,Bank
2026-03-17,108.83525848388672,109.27254003905546,106.79459887007656,108.3493867942265,15114617.0,PNB,Bank
2026-03-18,109.92361450195312,110.97309172441742,108.89356147131868,108.89356147131868,15704285.0,PNB,Bank
2026-03-19,106.39618682861328,107.96069435510242,105.48275303933544,107.37764977573454,14054714.0,PNB,Bank
2026-03-20,108.3785400390625,110.38032906737789,107.3776455249048,107.3776455249048,17182097.0,PNB,Bank
2026-03-23,102.56752014160156,107.57199278427656,102.22740401621957,107.47481992580197,24198613.0,PNB,Bank
2026-03-24,104.2292022705078,105.92003376110152,103.00480347409872,105.92003376110152,19696367.0,PNB,Bank
2026-03-25,106.95979309082033,107.71775173782672,105.23981057752218,105.53132914200962,20472368.0,PNB,Bank
2026-03-27,102.1593780517578,106.03663944483262,101.6443552506952,106.03663944483262,35661197.0,PNB,Bank
2026-03-30,97.71851348876952,100.78922617748523,97.28123192627658,100.40052733648388,26268614.0,PNB,Bank
2026-04-01,101.06131744384766,102.7618684585278,100.31307825946658,101.59577929970132,19568656.0,PNB,Bank
2026-04-02,101.52775573730467,102.0039079370193,96.97027672716588,99.1178287947273,23212183.0,PNB,Bank
2026-04-06,103.49066925048828,103.74332460339951,99.38991102918834,102.03305419062224,21348893.0,PNB,Bank
2026-04-07,101.62492370605467,102.80073229747714,100.67261193863914,102.13022699782933,21560842.0,PNB,Bank
2026-04-08,107.99956512451172,108.25222049430246,105.4827531782961,105.92003475994454,28565242.0,PNB,Bank
2026-04-09,106.49335479736328,108.76723819039682,105.96861988970772,107.80521430794334,21361314.0,PNB,Bank
2026-04-10,108.6409149169922,109.12678661623846,107.1638607995478,107.1638607995478,17478112.0,PNB,Bank
2026-04-13,107.60115051269533,107.9218202018914,104.77337364512134,105.92003115973338,18313227.0,PNB,Bank
2026-04-15,109.8847427368164,110.82733499774162,109.32112979942411,110.04993733142028,14100783.0,PNB,Bank
2026-04-16,110.35118103027344,111.55614821587132,109.80700708439954,110.7787505099252,18424149.0,PNB,Bank
2026-04-17,111.24518585205078,111.50755330362836,109.66123939143738,110.3997664390765,14471787.0,PNB,Bank
2026-04-20,110.52609252929688,111.84766414985954,110.13739368551718,111.6533184348766,16688164.0,PNB,Bank
2026-04-21,110.8856430053711,111.9254081753081,110.39005178192404,110.9730963551367,18163650.0,PNB,Bank
2026-04-22,111.42981719970705,112.33353888503164,110.14711617026056,110.68157802161907,18835055.0,PNB,Bank
2026-04-23,109.52519989013672,111.15772913097156,108.417412985336,110.97309550890012,17507928.0,PNB,Bank
2026-04-24,109.89445495605467,110.24428316491084,108.44655940006398,109.5251951417348,11401908.0,PNB,Bank
2026-04-27,110.66213989257812,111.30349411937382,110.21513880139358,110.29288005563804,9479881.0,PNB,Bank
2026-04-28,108.24250030517578,109.80700782391364,108.06758619085062,109.32113610787864,20361676.0,PNB,Bank
2026-04-29,108.0384292602539,109.43774209955436,107.73719118494311,108.46599871977652,13295763.0,PNB,Bank
2026-04-30,106.26985931396484,107.66917218892767,105.05518005828569,107.66917218892767,16391067.0,PNB,Bank
2026-05-01,106.26985931396484,106.26985931396484,106.26985931396484,106.26985931396484,0.0,PNB,Bank
2026-05-04,105.60906982421876,108.52429993631849,105.07460800480838,106.40589909164014,16736881.0,PNB,Bank
2026-05-05,104.84139251708984,108.26193336127042,102.47033630104288,105.72568255018768,57260623.0,PNB,Bank
2026-05-06,107.06668853759766,108.58260587525194,104.84139525302264,107.29019278257137,44447197.0,PNB,Bank
2026-05-07,106.02692413330078,107.86351858639648,105.92003176501996,107.81492845033652,28046754.0,PNB,Bank
2026-05-08,104.2097625732422,105.82286021353572,103.60728639601628,105.82286021353572,26751702.0,PNB,Bank
2026-05-11,101.6637954711914,103.44208022885572,101.38198900026208,103.19914438293183,21447783.0,PNB,Bank
2026-05-12,99.87578582763672,102.00390625376724,99.65228899656272,101.06131396614208,14949440.0,PNB,Bank
2026-05-13,99.8660659790039,100.95442125622844,98.48619213000028,100.07985071326353,23167254.0,PNB,Bank
2026-05-14,101.6637954711914,102.01362368242688,99.4093511175705,100.38109450126596,16123300.0,PNB,Bank
2026-05-15,99.16641998291016,101.88729713823446,98.90404510511163,101.66380030110211,22149004.0,PNB,Bank
2026-05-18,96.67874908447266,98.14608369880784,95.7167251914116,98.14608369880784,62402244.0,PNB,Bank
2026-05-19,98.43760681152344,98.81658613450855,97.19376906444442,97.3589710726231,15626791.0,PNB,Bank
2026-05-20,99.33161163330078,99.55510846378802,96.85366299530334,97.5533194302115,20380676.0,PNB,Bank
2026-05-21,99.0400848388672,100.52685104400136,98.78743689462382,100.30335421533889,21569101.0,PNB,Bank
2026-05-22,99.7591781616211,99.99239449511154,99.06923384311368,99.38019142570546,13695251.0,PNB,Bank
2026-05-25,103.25745391845705,103.4906702544302,100.57544010641806,100.6726129619224,23250421.0,PNB,Bank
2026-05-26,102.91735076904295,104.17089327615308,102.46063016834027,103.13112809715903,26298361.0,PNB,Bank
2026-05-27,103.65586853027344,104.01541626359958,102.59667176418816,102.9076293611302,11620905.0,PNB,Bank
2026-05-28,103.65586853027344,103.65586853027344,103.65586853027344,103.65586853027344,0.0,PNB,Bank
2026-05-29,103.05339050292967,105.40500775087057,102.58695040899916,103.73360791718902,32063993.0,PNB,Bank
2026-06-01,100.84752655029295,104.10286538278642,100.59487119622617,103.4906697238156,19255610.0,PNB,Bank
2026-06-02,101.14876556396484,101.57633502653742,99.7688917341526,100.2353318218512,17365945.0,PNB,Bank
2026-06-03,102.81045532226562,103.1116934057109,99.99239796204968,101.07103373583514,15562385.0,PNB,Bank
2026-06-04,102.68412017822266,103.2671647177418,101.22650512251803,102.03305389932318,12866999.0,PNB,Bank
2026-06-05,103.83078002929688,105.7256840933878,103.02423123402454,103.19914534126656,24442790.0,PNB,Bank
2026-06-08,102.72299194335938,104.112585275114,102.03305503232224,102.55779734786042,13314436.0,PNB,Bank
2026-06-09,106.55166625976562,106.87234336399122,103.00480133481352,103.00480133481352,38219915.0,PNB,Bank
2026-06-10,104.14173889160156,107.37764620823286,103.90852255036556,106.89177450593316,27530407.0,PNB,Bank
2026-06-11,103.16999816894533,103.8210644876363,102.14967201588048,103.10197642540766,27004122.0,PNB,Bank
2026-06-12,106.87999725341795,107.5199966430664,104.37000274658205,106.0,29965493.0,PNB,Bank
2026-06-15,107.95999908447266,109.4800033569336,107.69000244140624,108.0500030517578,18982668.0,PNB,Bank
2026-06-16,107.97000122070312,108.69000244140624,106.9000015258789,108.08999633789062,11865685.0,PNB,Bank
2026-06-17,108.87000274658205,109.1999969482422,107.43000030517578,108.3000030517578,22022581.0,PNB,Bank
2026-06-18,109.58000183105467,110.1999969482422,108.81999969482422,109.1500015258789,17436034.0,PNB,Bank
2026-06-19,108.7699966430664,109.4800033569336,108.3000030517578,109.0,13771644.0,PNB,Bank
2026-06-22,109.8000030517578,109.94000244140624,108.62000274658205,108.9000015258789,13513267.0,PNB,Bank
2026-06-23,107.43000030517578,109.86000061035156,107.11000061035156,109.8000030517578,15817094.0,PNB,Bank
2026-06-24,107.70999908447266,108.2300033569336,106.54000091552734,107.5,11005634.0,PNB,Bank
2026-06-25,107.87000274658205,109.0,107.54000091552734,108.5999984741211,17863177.0,PNB,Bank
2026-06-26,107.87000274658205,107.87000274658205,107.87000274658205,107.87000274658205,0.0,PNB,Bank
2026-06-29,106.95999908447266,108.25,106.11000061035156,107.5500030517578,13574053.0,PNB,Bank
2026-06-30,106.69000244140624,107.69000244140624,106.2300033569336,107.05999755859376,11179354.0,PNB,Bank
2026-07-01,107.54000091552734,108.18000030517578,106.26000213623048,107.1500015258789,20515763.0,PNB,Bank
2026-07-02,106.91000366210938,108.3000030517578,106.12999725341795,108.26000213623048,13244182.0,PNB,Bank
2026-07-03,105.3499984741211,107.01000213623048,104.11000061035156,107.0,27733618.0,PNB,Bank
2026-07-06,104.29000091552734,105.63999938964844,104.1500015258789,105.3000030517578,12228191.0,PNB,Bank
2026-07-07,103.79000091552734,104.75,103.13999938964844,104.75,17632716.0,PNB,Bank
2026-07-08,100.9499969482422,103.25,100.4499969482422,103.25,29044983.0,PNB,Bank
2026-07-09,103.44000244140624,103.6999969482422,100.8000030517578,101.1999969482422,13282752.0,PNB,Bank
2026-07-10,105.41000366210938,107.5500030517578,103.70999908447266,104.0999984741211,27098775.0,PNB,Bank
2026-07-13,106.33999633789062,106.4499969482422,104.0,104.5999984741211,11968478.0,PNB,Bank
2026-07-14,105.0,106.3000030517578,104.5999984741211,106.0,9414016.0,PNB,Bank
2026-07-15,105.70999908447266,106.93000030517578,104.87999725341795,105.5,11898610.0,PNB,Bank
2026-07-16,105.22000122070312,106.08999633789062,104.9000015258789,106.08999633789062,11650044.0,PNB,Bank
2026-07-17,105.7699966430664,106.0999984741211,104.58999633789062,105.25,14161891.0,PNB,Bank
2026-07-20,111.76000213623048,111.9499969482422,107.4000015258789,108.26000213623048,118992976.0,PNB,Bank
2026-07-21,112.08000183105467,113.37999725341795,111.30999755859376,111.6999969482422,28685665.0,PNB,Bank
2026-07-22,110.7300033569336,112.81999969482422,110.3499984741211,112.08000183105467,20951785.0,PNB,Bank
2026-07-23,110.1500015258789,111.0,109.5500030517578,110.0,10137716.0,PNB,Bank
2026-07-24,110.37999725341795,110.63999938964844,108.70999908447266,109.0,11902256.0,PNB,Bank
2026-07-27,111.62000274658205,112.2300033569336,110.76000213623048,111.25,12850732.0,PNB,Bank
2026-07-28,111.6500015258789,112.33000183105467,111.18000030517578,111.62000274658205,15684441.0,PNB,Bank
2026-07-29,111.08000183105467,112.3000030517578,110.88999938964844,112.3000030517578,8304814.0,PNB,Bank
2026-07-30,111.63999938964844,111.9000015258789,110.31999969482422,111.0500030517578,10292180.0,PNB,Bank
2026-07-31,112.70999908447266,113.0,111.69000244140624,112.0,11559072.0,PNB,Bank
2026-08-03,113.0,114.47000122070312,112.66000366210938,113.01000213623048,12088257.0,PNB,Bank
2026-08-04,113.98999786376952,114.0,112.63999938964844,113.48999786376952,7961139.0,PNB,Bank
2026-08-05,113.5500030517578,115.1999969482422,113.3000030517578,114.16000366210938,10360177.0,PNB,Bank
2026-01-01,888.760498046875,890.1581975894748,862.1036615813864,864.050520485625,4244931.0,INDUS,Bank
2026-01-02,900.9906616210938,908.2788446145512,888.8103780358388,894.5510797193052,6250730.0,INDUS,Bank
2026-01-05,898.4947509765625,908.5284874695664,891.0567857874594,903.53657270325,2521435.0,INDUS,Bank
2026-01-06,912.7716064453124,922.5058401481748,885.0664797525508,896.5478836072087,8308942.0,INDUS,Bank
2026-01-07,896.3980712890625,923.2046889820488,891.4061567395072,913.0211711136644,2952528.0,INDUS,Bank
2026-01-08,882.0214233398438,901.29020195593,874.6832721455938,895.5495000326438,3567518.0,INDUS,Bank
2026-01-09,880.8233642578125,890.5575980934755,876.6301436490041,876.6301436490041,2515780.0,INDUS,Bank
2026-01-12,903.98583984375,906.4817971789328,877.6784129690496,878.7766707584051,4015935.0,INDUS,Bank
2026-01-13,909.0775756835938,912.2225063255908,896.0486904773156,907.5300943107296,3958844.0,INDUS,Bank
2026-01-14,942.97265625,947.3655654181244,903.5365313988884,911.523594659873,11559313.0,INDUS,Bank
2026-01-15,942.97265625,942.97265625,942.97265625,942.97265625,0.0,INDUS,Bank
2026-01-16,952.3075561523438,958.6473244711476,936.5331176688536,943.471891385382,10345071.0,INDUS,Bank
2026-01-19,948.2640991210938,960.3445691919512,939.9276259915448,946.4171150666178,5455304.0,INDUS,Bank
2026-01-20,903.6863403320312,946.467024833078,897.5961678508716,944.4702589579028,6701234.0,INDUS,Bank
2026-01-21,905.68310546875,917.6637007100333,890.008481174113,906.5317065904242,3567143.0,INDUS,Bank
2026-01-22,900.9906616210938,914.7184265163398,891.4561170993233,909.526823241392,2338485.0,INDUS,Bank
2026-01-23,891.0068359375,913.1209807259168,886.8136155483476,898.5945216424753,5907525.0,INDUS,Bank
2026-01-27,893.3031005859375,895.5494621129767,849.773630481004,873.5850382930374,8419598.0,INDUS,Bank
2026-01-28,900.2418823242188,901.5397679202011,876.2307855209444,897.296640551806,2982683.0,INDUS,Bank
2026-01-29,896.947265625,903.0373772384256,889.2597047315325,898.444840048281,4382116.0,INDUS,Bank
2026-01-30,894.6509399414062,901.2902109544248,886.7637511734122,890.6574081288139,2867342.0,INDUS,Bank
2026-02-02,908.778076171875,913.0212036903924,882.9199335079735,887.5624385792879,3762702.0,INDUS,Bank
2026-02-03,920.908447265625,958.0482438455416,914.8681817357872,949.7616776395164,9608114.0,INDUS,Bank
2026-02-04,919.8101806640624,930.4928901958776,914.3190745523916,920.5090609019304,2883259.0,INDUS,Bank
2026-02-05,912.92138671875,920.6588545207702,900.8409165563012,916.6153548557088,2552518.0,INDUS,Bank
2026-02-06,902.1387939453124,915.5670565823636,893.5527250955143,907.6299000771844,2711855.0,INDUS,Bank
2026-02-09,926.3995361328124,935.4348893743517,898.8940379290293,908.5284574846308,6863941.0,INDUS,Bank
2026-02-10,926.0999755859376,931.4912677481304,918.5122897409216,926.3995392121932,2768617.0,INDUS,Bank
2026-02-11,923.5042114257812,926.7988629116844,913.52038211307,926.3995463010508,2473671.0,INDUS,Bank
2026-02-12,921.2079467773438,935.4848105677672,913.520385986667,927.198244390371,3082642.0,INDUS,Bank
2026-02-13,924.552490234375,928.4462079942444,901.8891857788778,920.5090515984843,2860622.0,INDUS,Bank
2026-02-16,930.39306640625,932.1901434728022,910.6750037599088,928.496114485943,2098887.0,INDUS,Bank
2026-02-17,942.2738037109376,950.6602447559438,926.6990542690212,930.3930833230468,6284594.0,INDUS,Bank
2026-02-18,943.1224365234376,948.463760695932,931.2915625255142,942.4734632599576,3474257.0,INDUS,Bank
2026-02-19,925.8504028320312,942.9726947718206,921.7071501580116,942.9726947718206,2641817.0,INDUS,Bank
2026-02-20,924.552490234375,946.3671935830464,921.1580248706152,932.489646630135,6462199.0,INDUS,Bank
2026-02-23,918.2626953125,933.138625270292,910.4753206844206,924.5524955530082,4217172.0,INDUS,Bank
2026-02-24,929.8938598632812,932.889008571104,910.5252071781116,918.2626746733204,3079572.0,INDUS,Bank
2026-02-25,935.834228515625,940.326951765218,930.5927180577664,932.4896700266228,1173030.0,INDUS,Bank
2026-02-26,963.0401611328124,967.2832886347888,934.7859360716496,936.483199259732,8974624.0,INDUS,Bank
2026-02-27,955.202880859375,966.4346889698196,949.6618677121808,961.4427742540664,3745120.0,INDUS,Bank
2026-03-02,940.9758911132812,954.404153417786,931.6909422529828,937.4815509340808,1568186.0,INDUS,Bank
2026-03-04,926.050048828125,941.4251698979126,915.217618712904,928.496099126017,2527046.0,INDUS,Bank
2026-03-05,935.6845092773438,946.0177483949518,925.4510840797626,928.546046838106,1949212.0,INDUS,Bank
2026-03-06,916.36572265625,941.3752631122544,910.5751140092232,933.4880138081696,1153433.0,INDUS,Bank
2026-03-09,879.7750244140625,898.5446107627033,869.1422221454546,897.5462278618559,3362985.0,INDUS,Bank
2026-03-10,897.2467651367188,902.5880895195396,883.5689065986902,890.5575872158549,4547967.0,INDUS,Bank
2026-03-11,875.7316284179688,906.0325265568852,871.7380966204728,895.7491943656252,2754525.0,INDUS,Bank
2026-03-12,830.005615234375,869.0923308830191,826.6610568307178,868.5931394235803,7514347.0,INDUS,Bank
2026-03-13,813.0830688476562,831.8027484693043,803.4985563194982,825.6626691788209,5606889.0,INDUS,Bank
2026-03-16,823.7158203125,828.6578279799128,804.8963265456117,813.2327995970915,3107008.0,INDUS,Bank
2026-03-17,819.5225830078125,823.6658964372004,806.6933870560703,823.6658964372004,3713235.0,INDUS,Bank
2026-03-18,840.7882080078125,846.5289098493978,814.2810924944565,818.2746242103419,4695600.0,INDUS,Bank
2026-03-19,814.97998046875,829.9058175858565,811.6354219995288,826.8607618108783,5080824.0,INDUS,Bank
2026-03-20,817.2762451171875,835.646515471063,811.785138982073,820.6707714662052,7872290.0,INDUS,Bank
2026-03-23,777.09130859375,807.6917689617538,770.651787615099,804.9961229349116,7448050.0,INDUS,Bank
2026-03-24,795.9608154296875,800.8529163117729,770.4521429707223,788.5727571458157,6347812.0,INDUS,Bank
2026-03-25,817.0765991210938,832.9508508515821,801.651570951601,801.651570951601,3095936.0,INDUS,Bank
2026-03-27,791.2683715820312,814.8801520302304,784.0300954072441,807.6917828141848,6211886.0,INDUS,Bank
2026-03-30,751.2332153320312,782.7321832221095,749.2863565155525,779.7370345618208,7093604.0,INDUS,Bank
2026-04-01,784.3795776367188,792.3666411205819,764.7114216204141,764.7114216204141,4336917.0,INDUS,Bank
2026-04-02,777.4407958984375,783.4810004075019,752.7807254632131,770.9513068858236,2481604.0,INDUS,Bank
2026-04-06,784.9286499023438,787.0252296223956,755.1768516038699,773.34737167487,2512596.0,INDUS,Bank
2026-04-07,783.5308837890625,786.5260324739874,769.0543318119255,776.7418922905239,1165539.0,INDUS,Bank
2026-04-08,834.5982055664062,839.4902452621524,808.6901568719219,810.6869226913586,3572416.0,INDUS,Bank
2026-04-09,813.2327880859375,833.5499168896142,810.686923849809,830.5048002614561,2531440.0,INDUS,Bank
2026-04-10,829.556396484375,834.0990266043401,816.4775436092999,817.1764238438617,1509168.0,INDUS,Bank
2026-04-13,817.5758056640625,820.8704571454182,799.4052241527161,805.7948383421572,1555260.0,INDUS,Bank
2026-04-15,838.741455078125,848.6254702235466,826.8108280988534,830.6545779129303,3272348.0,INDUS,Bank
2026-04-16,846.5289306640625,855.8637869048893,839.5402499894236,844.1327872010311,3785293.0,INDUS,Bank
2026-04-17,852.5192260742188,856.0634733623148,837.1940112173561,847.6271252406489,1850548.0,INDUS,Bank
2026-04-20,850.5723266601562,854.6157652312605,838.142447326686,852.5191855088973,2453075.0,INDUS,Bank
2026-04-21,855.01513671875,864.4498063390998,853.4675944804055,856.3130222965773,975223.0,INDUS,Bank
2026-04-22,868.6929321289062,871.5882668975354,849.6238432185597,849.6238432185597,2253573.0,INDUS,Bank
2026-04-23,858.958740234375,868.2936573089414,852.7688147398326,860.306593768671,1561128.0,INDUS,Bank
2026-04-24,846.5787963867188,866.5963614424235,837.6432572006835,866.5963614424235,1453183.0,INDUS,Bank
2026-04-27,898.6943969726562,902.0389553322884,863.800902229899,863.800902229899,11254307.0,INDUS,Bank
2026-04-28,884.1179809570312,894.2515919505684,881.0230182854311,888.7105789422741,5748485.0,INDUS,Bank
2026-04-29,912.2723999023438,923.504207835478,889.559188304228,889.559188304228,3485256.0,INDUS,Bank
2026-04-30,914.5686645507812,918.5122892844572,893.802311936859,904.5349283605632,3438569.0,INDUS,Bank
2026-05-01,914.5686645507812,914.5686645507812,914.5686645507812,914.5686645507812,0.0,INDUS,Bank
2026-05-04,912.4221801757812,940.876093558355,909.6266592346428,923.7538020079425,1973688.0,INDUS,Bank
2026-05-05,909.2273559570312,916.6153531536892,901.5397951291036,909.6266725712928,2006111.0,INDUS,Bank
2026-05-06,945.2190551757812,948.2142040171092,916.4656384863237,918.9116888940334,2901974.0,INDUS,Bank
2026-05-07,945.418701171875,950.111112998247,932.589444320174,946.7165867570956,2007411.0,INDUS,Bank
2026-05-08,949.2125854492188,956.3510478842408,938.979160257681,944.4702664580184,1604266.0,INDUS,Bank
2026-05-11,920.8085327148438,939.378491140731,916.6153123647108,937.4815392639106,1584134.0,INDUS,Bank
2026-05-12,891.4061889648438,920.8085789119452,888.6606358633335,918.5123103234286,1374763.0,INDUS,Bank
2026-05-13,891.0567626953125,905.3336263696938,888.8603080677635,889.559188304228,1428120.0,INDUS,Bank
2026-05-14,906.431884765625,913.0211877162768,884.7669630393032,893.5527206189915,1862991.0,INDUS,Bank
2026-05-15,884.9666748046875,908.5284881446236,880.5238584720729,908.5284881446236,1437283.0,INDUS,Bank
2026-05-18,890.7073364257812,894.4512723336353,868.7928193911841,884.3176614351277,1421988.0,INDUS,Bank
2026-05-19,893.8023071289062,902.6379715765414,887.362725122032,897.0470516116417,1303728.0,INDUS,Bank
2026-05-20,895.6992797851562,899.3433409574933,879.7251527310748,884.1180011090719,2947978.0,INDUS,Bank
2026-05-21,898.4947509765625,912.4222053618768,890.8570970095147,904.0357641798818,2144884.0,INDUS,Bank
2026-05-22,908.67822265625,913.0211639054934,901.2402578488428,901.5397605321602,1165558.0,INDUS,Bank
2026-05-25,924.6024169921876,931.9904751278272,918.6620872442892,918.6620872442892,1193834.0,INDUS,Bank
2026-05-26,930.7924194335938,933.4880656071308,919.5107041969708,924.7023077651792,2323571.0,INDUS,Bank
2026-05-27,930.7924194335938,938.2802916176082,926.4993849020508,928.9953422967222,1088920.0,INDUS,Bank
2026-05-28,930.7924194335938,930.7924194335938,930.7924194335938,930.7924194335938,0.0,INDUS,Bank
2026-05-29,912.8713989257812,938.6796339809182,908.8778672440386,929.0951213828612,3160610.0,INDUS,Bank
2026-06-01,899.6928100585938,924.402787804451,895.349807711083,916.2659424751712,1597794.0,INDUS,Bank
2026-06-02,911.0244140625,914.3190655096264,889.0100828743634,891.8554498204139,1756559.0,INDUS,Bank
2026-06-03,898.4947509765625,906.4319076422972,882.6204376450929,905.6331525305192,2302274.0,INDUS,Bank
2026-06-04,901.7394409179688,905.6330976378154,894.0518804565121,902.2386323643432,1798199.0,INDUS,Bank
2026-06-05,903.3368530273438,924.3028943287444,894.6509094437577,897.5462442837721,1890312.0,INDUS,Bank
2026-06-08,893.6026000976562,902.2386365344304,879.5753325769942,879.5753325769942,1864831.0,INDUS,Bank
2026-06-09,921.3077392578124,926.4993425889212,894.600996354522,894.600996354522,1694676.0,INDUS,Bank
2026-06-10,882.5206298828125,922.256259512684,880.4239891044531,921.3576904738928,1993081.0,INDUS,Bank
2026-06-11,887.5125122070312,896.1484879351287,880.324142969127,882.420722734306,1768283.0,INDUS,Bank
2026-06-12,915.8665771484376,918.212813648809,888.510920810405,899.992324764746,2663666.0,INDUS,Bank
2026-06-15,931.6909790039062,951.9581406554242,921.607274670012,924.5026095929971,3037001.0,INDUS,Bank
2026-06-16,924.5025634765624,934.536299413396,920.5090318848712,931.4912437620223,1602315.0,INDUS,Bank
2026-06-17,934.6860961914062,936.8825507893032,918.7119695688192,924.5025782822156,1193109.0,INDUS,Bank
2026-06-18,937.2319946289062,939.9775477423332,930.7425054517154,935.4848244658164,1007080.0,INDUS,Bank
2026-06-19,945.9179077148438,949.0128703856304,929.6941852996,936.982368412695,6521623.0,INDUS,Bank
2026-06-22,919.5606079101562,945.4686577626442,912.4222063484808,945.4686577626442,3031578.0,INDUS,Bank
2026-06-23,903.98583984375,922.5058310835136,901.340100693873,921.5074481494406,1163601.0,INDUS,Bank
2026-06-24,926.0999755859376,932.3898367539816,898.6944130814207,902.5880699217088,1793188.0,INDUS,Bank
2026-06-25,918.9500122070312,936.9000244140624,915.5,933.0,1469160.0,INDUS,Bank
2026-06-26,918.9500122070312,918.9500122070312,918.9500122070312,918.9500122070312,0.0,INDUS,Bank
2026-06-29,915.4000244140624,921.6500244140624,908.0999755859376,918.9500122070312,3346498.0,INDUS,Bank
2026-06-30,924.2000122070312,933.0999755859376,916.4500122070312,916.4500122070312,2515841.0,INDUS,Bank
2026-07-01,941.5999755859376,949.5499877929688,927.0499877929688,927.0499877929688,2290915.0,INDUS,Bank
2026-07-02,943.5,944.9000244140624,931.5999755859376,941.5999755859376,1177319.0,INDUS,Bank
2026-07-03,974.3499755859376,978.4000244140624,942.0999755859376,948.0,3819865.0,INDUS,Bank
2026-07-06,1009.7999877929688,1012.2999877929688,960.0,968.0,4977371.0,INDUS,Bank
2026-07-07,1022.25,1038.0,1004.2999877929688,1009.7000122070312,5804915.0,INDUS,Bank
2026-07-08,994.6500244140624,1031.300048828125,989.7999877929688,1015.9000244140624,3903183.0,INDUS,Bank
2026-07-09,1015.1500244140624,1022.3499755859376,995.9000244140624,995.9000244140624,1952468.0,INDUS,Bank
2026-07-10,1015.7999877929688,1031.6500244140625,1013.7000122070312,1019.7000122070312,1084109.0,INDUS,Bank
2026-07-13,1012.9000244140624,1018.2000122070312,1000.5499877929688,1010.0,862018.0,INDUS,Bank
2026-07-14,997.3499755859376,1009.0,994.0999755859376,1008.9000244140624,767488.0,INDUS,Bank
2026-07-15,1009.7000122070312,1022.8499755859376,992.0,998.4000244140624,1491258.0,INDUS,Bank
2026-07-16,1013.5,1019.0,1005.5499877929688,1018.0,695548.0,INDUS,Bank
2026-07-17,1027.199951171875,1031.199951171875,1010.0,1013.7999877929688,2257757.0,INDUS,Bank
2026-07-20,1032.8499755859375,1034.6500244140625,1017.1500244140624,1029.0,1686017.0,INDUS,Bank
2026-07-21,1063.449951171875,1068.800048828125,1031.449951171875,1037.800048828125,5124543.0,INDUS,Bank
2026-07-22,1069.300048828125,1077.8499755859375,1055.6500244140625,1058.0,5069159.0,INDUS,Bank
2026-07-23,1005.5,1042.199951171875,998.1500244140624,1036.5999755859375,7505583.0,INDUS,Bank
2026-07-24,996.0499877929688,1003.4500122070312,984.0499877929688,1000.0,1995292.0,INDUS,Bank
2026-07-27,1006.6500244140624,1015.5999755859376,1000.0999755859376,1003.0,1979222.0,INDUS,Bank
2026-07-28,991.9500122070312,1006.0,989.2000122070312,1001.0,1643112.0,INDUS,Bank
2026-07-29,1012.2999877929688,1015.0,993.5499877929688,995.0499877929688,1232625.0,INDUS,Bank
2026-07-30,1011.4500122070312,1013.5999755859376,999.0,1012.2999877929688,1237239.0,INDUS,Bank
2026-07-31,1012.4500122070312,1017.9000244140624,996.4000244140624,1011.4500122070312,2922821.0,INDUS,Bank
2026-08-03,1028.9000244140625,1028.9000244140625,1013.2999877929688,1019.0,887652.0,INDUS,Bank
2026-08-04,1026.0,1028.9000244140625,1014.5999755859376,1028.9000244140625,720413.0,INDUS,Bank
2026-08-05,1019.0,1038.0,1013.0999755859376,1025.0,1367298.0,INDUS,Bank
2026-01-01,149.314453125,151.2893005773433,148.6464854543294,150.05017771087108,18111681.0,CANARA,Bank
2026-01-02,149.92433166503906,150.6987871867431,147.92044332807197,149.95337245459578,29236511.0,CANARA,Bank
2026-01-05,149.3047637939453,152.56715513873405,148.61744544192106,150.534211327952,19385780.0,CANARA,Bank
2026-01-06,148.96595764160156,151.1344153994865,147.72683470237857,149.56615366080035,17196220.0,CANARA,Bank
2026-01-07,148.07533264160156,151.3957908276074,146.86525054381343,149.17892692392394,22810626.0,CANARA,Bank
2026-01-08,145.65516662597656,148.88850240570156,144.86134568942202,148.25925085980862,17324688.0,CANARA,Bank
2026-01-09,145.73260498046875,148.01724063903637,144.44509058954597,145.5970763723974,18132919.0,CANARA,Bank
2026-01-12,145.22921752929688,146.52642199604614,142.26693891031334,145.74229115825756,25793554.0,CANARA,Bank
2026-01-13,146.04238891601562,146.74907272562032,144.47412724301316,146.16824218116125,13262673.0,CANARA,Bank
2026-01-14,148.9756317138672,149.6145586284567,145.59707706385035,146.46834506688438,21735599.0,CANARA,Bank
2026-01-15,148.9756317138672,148.9756317138672,148.9756317138672,148.9756317138672,0.0,CANARA,Bank
2026-01-16,152.11216735839844,152.6833225731965,148.9369130610168,149.08211700663995,35174000.0,CANARA,Bank
2026-01-19,151.8507843017578,154.019256759068,151.06665345848117,152.42193951210623,24657963.0,CANARA,Bank
2026-01-20,148.77232360839844,154.00956237662228,148.17212762579945,152.47034152166117,35087078.0,CANARA,Bank
2026-01-21,145.94557189941406,150.5245330538526,145.02591248733032,147.92043409506647,24315864.0,CANARA,Bank
2026-01-22,149.74038696289062,150.6213302455007,147.14597812314912,147.14597812314912,18824351.0,CANARA,Bank
2026-01-23,146.96205139160156,151.7733390970202,146.10047351041146,150.72782636959116,26875350.0,CANARA,Bank
2026-01-27,149.7791290283203,150.4858128662375,147.24280157476102,148.0172423317335,23086886.0,CANARA,Bank
2026-01-28,152.7026824951172,153.1963906638734,147.4460782812002,150.52453476055973,28198960.0,CANARA,Bank
2026-01-29,145.51963806152344,155.6552719987997,144.2417842915687,152.95437528904603,88706121.0,CANARA,Bank
2026-01-30,142.7122344970703,145.88748860611375,141.93777903282597,145.88748860611375,43411151.0,CANARA,Bank
2026-02-02,141.79258728027344,142.2766201405812,134.5611351655548,136.5456728471187,32606697.0,CANARA,Bank
2026-02-03,142.63479614257812,152.4703471617968,142.1894941943418,147.63001868046993,40510681.0,CANARA,Bank
2026-02-04,142.78968811035156,143.75775379245565,141.33758958719545,142.78968811035156,26421597.0,CANARA,Bank
2026-02-05,143.55445861816406,144.8032716646502,142.85746489198715,143.2737260598088,16041047.0,CANARA,Bank
2026-02-06,142.6057586669922,144.43540228458684,140.234000610334,143.2737263763778,21884724.0,CANARA,Bank
2026-02-09,143.20594787597656,145.56803048086866,142.64448278472443,143.9029563420598,31077822.0,CANARA,Bank
2026-02-10,142.14108276367188,143.78679143291316,141.77321308564382,143.27371781435284,18264415.0,CANARA,Bank
2026-02-11,140.8632354736328,142.63479748707874,139.40146157623684,142.63479748707874,31370839.0,CANARA,Bank
2026-02-12,140.1855926513672,141.1439830189325,139.06263288621173,140.85356035256328,20031934.0,CANARA,Bank
2026-02-13,137.24267578125,139.2078479326731,136.9038468841729,139.2078479326731,14139257.0,CANARA,Bank
2026-02-16,141.1826934814453,141.5989693998866,135.67439746686964,136.49725919330555,18090364.0,CANARA,Bank
2026-02-17,144.3482666015625,145.11303194938202,140.17590610197584,141.14397173144872,24239721.0,CANARA,Bank
2026-02-18,147.08790588378906,147.6106548661001,144.6096600373315,144.72582319528718,26925046.0,CANARA,Bank
2026-02-19,144.64837646484375,147.71714298976374,144.0191396626038,147.28151637501992,15847818.0,CANARA,Bank
2026-02-20,149.22732543945312,149.56615435144252,143.67063763770358,144.43540306016536,35644772.0,CANARA,Bank
2026-02-23,151.44419860839844,152.08312550770094,149.79848989294575,150.05018165410578,23618301.0,CANARA,Bank
2026-02-24,152.01535034179688,153.0511876946839,150.05017822164706,150.9698376499939,27666076.0,CANARA,Bank
2026-02-25,153.85467529296875,154.50329231377424,151.8895030949747,152.46067308685548,34100843.0,CANARA,Bank
2026-02-26,153.8062744140625,157.68821233301085,151.61843660246018,154.28061712637597,37476276.0,CANARA,Bank
2026-02-27,152.34449768066406,153.81596171158105,151.59909771150146,153.80628637212163,23377836.0,CANARA,Bank
2026-03-02,148.65615844726562,151.26025740214243,145.50026975457075,145.50026975457075,28209294.0,CANARA,Bank
2026-03-04,142.23788452148438,146.67162714741133,140.87292312704224,145.20985327551475,36072028.0,CANARA,Bank
2026-03-05,143.76742553710938,144.9194260334529,141.09556963904654,143.27371736932344,24474731.0,CANARA,Bank
2026-03-06,141.3085479736328,144.5709245763978,140.95036840022823,142.8671343035833,23417808.0,CANARA,Bank
2026-03-09,135.44207763671875,136.50694105957265,131.94735981713615,135.6744039543906,29651646.0,CANARA,Bank
2026-03-10,137.72671508789062,139.25626070881626,135.69377115300588,137.94936606903167,21772242.0,CANARA,Bank
2026-03-11,134.95803833007812,139.11103354661185,134.5708031999463,138.43339053326844,13349850.0,CANARA,Bank
2026-03-12,135.85833740234375,138.29786711331118,131.9086275560428,134.17391253055345,21773776.0,CANARA,Bank
2026-03-13,130.3790740966797,135.20972698736006,130.04993532224304,134.56112477720217,21035474.0,CANARA,Bank
2026-03-16,130.21450805664062,131.05673523483148,127.30063570538636,130.20483271767654,28679443.0,CANARA,Bank
2026-03-17,132.21841430664062,132.47979618013747,129.4013395909253,130.68886873698946,21872417.0,CANARA,Bank
2026-03-18,133.11871337890625,133.9609406096734,132.06352527706608,132.8670216065394,18020962.0,CANARA,Bank
2026-03-19,128.67529296875,131.75374962132753,127.68786180416733,129.5271955241947,18150227.0,CANARA,Bank
2026-03-20,132.0828857421875,135.37430319541085,130.20483593111493,130.20483593111493,30539089.0,CANARA,Bank
2026-03-23,125.4225845336914,129.7207984271057,124.89983557680765,129.7207984271057,22467854.0,CANARA,Bank
2026-03-24,128.89793395996094,130.29195084394868,127.3490378000374,128.75273002267446,22308902.0,CANARA,Bank
2026-03-25,132.17001342773438,133.19616074191677,129.9918655271171,130.49526384461615,21680573.0,CANARA,Bank
2026-03-27,126.28416442871094,130.5436622642904,125.58715596055266,130.49525602620804,44250226.0,CANARA,Bank
2026-03-30,119.50770568847656,124.31899331778432,119.07207908514998,123.8252851368822,34665726.0,CANARA,Bank
2026-04-01,123.2347640991211,125.3645056422158,122.26669841848624,123.931772570899,29217022.0,CANARA,Bank
2026-04-02,122.98306274414062,123.6316649659294,117.90071801213722,120.1950362928848,29741553.0,CANARA,Bank
2026-04-06,126.34224700927734,126.80692917274688,121.11469822808048,123.13795196100769,26453809.0,CANARA,Bank
2026-04-07,125.37418365478516,126.56491510284468,124.29963013550604,125.6549309802016,16070269.0,CANARA,Bank
2026-04-08,134.7450714111328,135.27751051728663,130.35004472198412,131.63757391631577,34185753.0,CANARA,Bank
2026-04-09,133.5059356689453,136.06162836215998,132.68307396812045,134.08676618878405,22775497.0,CANARA,Bank
2026-04-10,135.6743927001953,136.12938472990848,134.59983925556566,135.3646193784917,20916386.0,CANARA,Bank
2026-04-13,134.33848571777344,134.89027550363113,130.30165338935382,130.68887377341144,20752320.0,CANARA,Bank
2026-04-15,137.18460083007812,139.08200138512973,136.06164104030677,137.17491071903015,24167224.0,CANARA,Bank
2026-04-16,136.52630615234375,138.64637242461052,135.34526480223633,137.27172088644673,25681786.0,CANARA,Bank
2026-04-17,137.82350158691406,138.23977749676328,135.4130275770196,136.5456626126645,13628290.0,CANARA,Bank
2026-04-20,138.18170166015625,139.87581661461346,136.79736004475737,138.23978323801032,21390225.0,CANARA,Bank
2026-04-21,139.6531524658203,140.32112016179113,138.2785009453705,138.82061537354673,14365044.0,CANARA,Bank
2026-04-22,140.59217834472656,142.19917096183042,138.5592492250564,139.27560839372143,18626914.0,CANARA,Bank
2026-04-23,136.3714141845703,139.96294452986092,135.7325020313376,139.8854974991486,22459475.0,CANARA,Bank
2026-04-24,136.35205078125,137.3297917561681,133.73826174603653,136.81671815065067,18904603.0,CANARA,Bank
2026-04-27,136.0325927734375,137.87191164714983,135.34525964479178,136.68119500304155,13700038.0,CANARA,Bank
2026-04-28,132.72181701660156,133.94157451429226,131.86023911084553,131.91832069099593,22276591.0,CANARA,Bank
2026-04-29,132.68307495117188,135.04515748860769,131.86990335446723,132.97349759899765,18218577.0,CANARA,Bank
2026-04-30,130.35003662109375,132.3442643103442,129.19805088129468,132.3442643103442,20009501.0,CANARA,Bank
2026-05-01,130.35003662109375,130.35003662109375,130.35003662109375,130.35003662109375,0.0,CANARA,Bank
2026-05-04,130.49525451660156,133.3800860605169,129.8950437600415,131.018003475918,11387717.0,CANARA,Bank
2026-05-05,130.02090454101562,131.00833571182787,128.8785940812904,130.66950680109005,11758309.0,CANARA,Bank
2026-05-06,133.63177490234375,133.94156299852585,130.21450436319822,132.8476440947083,23655306.0,CANARA,Bank
2026-05-07,131.5891571044922,134.46431327524118,131.2116120907327,134.3675155728598,25338776.0,CANARA,Bank
2026-05-08,130.04994201660156,131.36651195362842,129.52719304038234,130.68886892093303,16998224.0,CANARA,Bank
2026-05-11,125.2967300415039,134.94834575775553,124.473883101566,128.7720969528026,71593041.0,CANARA,Bank
2026-05-12,125.85821533203124,128.12350027825036,123.36061145919314,123.5832698181435,29525188.0,CANARA,Bank
2026-05-13,125.13216400146484,127.0102137769385,123.81560147658438,126.29385463023904,21722400.0,CANARA,Bank
2026-05-14,126.66171264648438,128.7043318644036,123.16700226427852,125.75172852501652,27954529.0,CANARA,Bank
2026-05-15,123.9801788330078,127.18447387308213,123.71879696316348,127.18447387308213,38366481.0,CANARA,Bank
2026-05-18,120.91140747070312,122.9443439646206,120.04014686309417,122.9443439646206,22211890.0,CANARA,Bank
2026-05-19,122.12149047851562,122.7120111509522,121.09533580625006,121.09533580625006,18723002.0,CANARA,Bank
2026-05-20,123.58326721191406,123.91240599517636,119.72067986353962,121.00820897966445,21282627.0,CANARA,Bank
2026-05-21,123.88336944580078,125.4322804823453,123.234767196057,124.88047594019156,18615692.0,CANARA,Bank
2026-05-22,124.1350555419922,124.66749460970682,123.58326579654955,123.90272185142346,18634807.0,CANARA,Bank
2026-05-25,129.4303741455078,129.9144069693665,125.84853420325553,126.6229896757313,27988813.0,CANARA,Bank
2026-05-26,128.89793395996094,131.17289412084503,128.34614422676293,130.030583756833,23285321.0,CANARA,Bank
2026-05-27,129.87570190429688,130.97929624582622,128.84955459376212,129.21740952659806,26115218.0,CANARA,Bank
2026-05-28,129.87570190429688,129.87570190429688,129.87570190429688,129.87570190429688,0.0,CANARA,Bank
2026-05-29,126.62299346923828,130.834070300063,125.99374191646451,130.6501502295546,57212379.0,CANARA,Bank
2026-06-01,123.8736801147461,127.9976418659742,123.42837080050153,127.25222717688182,27235875.0,CANARA,Bank
2026-06-02,124.95791625976562,125.36450206143778,121.49223944950148,122.9443379289776,39618370.0,CANARA,Bank
2026-06-03,127.63946533203124,128.0266856939572,123.17667458755848,125.02567618874627,38359464.0,CANARA,Bank
2026-06-04,128.868896484375,129.18835992612472,125.58715447377682,126.81660200326634,24944436.0,CANARA,Bank
2026-06-05,131.47299194335938,132.04414712466067,128.79144598987236,128.94634003712642,47139920.0,CANARA,Bank
2026-06-08,127.69754791259766,132.1409658566819,127.20382496002604,130.52429793709712,29260366.0,CANARA,Bank
2026-06-09,133.11871337890625,133.3994607129989,127.20383117044322,127.20383117044322,57740162.0,CANARA,Bank
2026-06-10,129.19805908203125,133.84476277805743,128.85923016725354,133.1187134791145,39658979.0,CANARA,Bank
2026-06-11,127.31999969482422,129.5078227679178,126.42938106051596,128.4623100829012,46246010.0,CANARA,Bank
2026-06-12,131.6699981689453,131.9199981689453,128.8000030517578,130.0,25287693.0,CANARA,Bank
2026-06-15,132.1999969482422,135.1699981689453,131.8699951171875,134.0,20283189.0,CANARA,Bank
2026-06-16,132.8300018310547,133.49000549316406,131.63999938964844,132.36000061035156,19477515.0,CANARA,Bank
2026-06-17,135.24000549316406,136.3000030517578,132.11000061035156,133.16000366210938,46057932.0,CANARA,Bank
2026-06-18,134.97000122070312,136.3300018310547,134.39999389648438,135.50999450683594,16874421.0,CANARA,Bank
2026-06-19,133.74000549316406,134.9499969482422,133.10000610351562,134.9499969482422,16485585.0,CANARA,Bank
2026-06-22,134.82000732421875,135.0,133.63999938964844,133.85000610351562,17955985.0,CANARA,Bank
2026-06-23,130.3699951171875,135.38999938964844,130.0,135.38999938964844,19091482.0,CANARA,Bank
2026-06-24,130.14999389648438,131.1699981689453,129.1999969482422,130.4600067138672,19217828.0,CANARA,Bank
2026-06-25,128.9499969482422,131.10000610351562,128.00999450683594,130.97000122070312,40872336.0,CANARA,Bank
2026-06-26,128.9499969482422,128.9499969482422,128.9499969482422,128.9499969482422,0.0,CANARA,Bank
2026-06-29,125.86000061035156,129.58999633789062,125.37999725341795,128.86000061035156,89710392.0,CANARA,Bank
2026-06-30,125.5199966430664,127.12999725341795,124.61000061035156,126.9000015258789,44899446.0,CANARA,Bank
2026-07-01,126.27999877929688,127.5999984741211,125.62000274658205,126.05999755859376,28424787.0,CANARA,Bank
2026-07-02,126.63999938964844,129.25999450683594,125.95999908447266,128.27000427246094,42931827.0,CANARA,Bank
2026-07-03,127.19000244140624,128.1999969482422,124.6999969482422,127.5,36013384.0,CANARA,Bank
2026-07-06,126.45999908447266,127.58999633789062,125.97000122070312,126.61000061035156,15764736.0,CANARA,Bank
2026-07-07,125.02999877929688,126.86000061035156,124.75,126.4000015258789,15616571.0,CANARA,Bank
2026-07-08,121.1500015258789,124.93000030517578,120.5,124.0,37708203.0,CANARA,Bank
2026-07-09,124.8000030517578,125.3000030517578,121.5,121.7699966430664,25763230.0,CANARA,Bank
2026-07-10,128.77999877929688,131.47999572753906,125.30999755859376,125.4000015258789,40706138.0,CANARA,Bank
2026-07-13,129.3300018310547,129.72999572753906,126.44000244140624,127.47000122070312,19227723.0,CANARA,Bank
2026-07-14,125.73999786376952,128.89999389648438,125.31999969482422,128.0,18692217.0,CANARA,Bank
2026-07-15,126.47000122070312,128.1999969482422,126.0999984741211,126.5,24325901.0,CANARA,Bank
2026-07-16,125.9000015258789,127.19000244140624,125.3499984741211,127.0,11463126.0,CANARA,Bank
2026-07-17,125.01000213623048,126.08999633789062,124.3000030517578,125.9000015258789,19266430.0,CANARA,Bank
2026-07-20,128.82000732421875,129.60000610351562,125.05999755859376,125.1500015258789,44159205.0,CANARA,Bank
2026-07-21,127.5199966430664,131.1999969482422,127.19000244140624,128.82000732421875,24607108.0,CANARA,Bank
2026-07-22,126.45999908447266,127.5,125.25,127.5,13596346.0,CANARA,Bank
2026-07-23,125.22000122070312,127.41999816894533,124.9000015258789,126.0199966430664,13708492.0,CANARA,Bank
2026-07-24,125.6500015258789,126.83000183105467,123.0,124.22000122070312,36714624.0,CANARA,Bank
2026-07-27,127.26000213623048,129.6999969482422,125.77999877929688,126.5,48778366.0,CANARA,Bank
2026-07-28,124.23999786376952,127.16999816894533,124.0,127.16999816894533,31317720.0,CANARA,Bank
2026-07-29,124.72000122070312,125.5500030517578,124.0,124.5999984741211,17108935.0,CANARA,Bank
2026-07-30,124.27999877929688,124.88999938964844,123.66000366210938,124.6999969482422,13652920.0,CANARA,Bank
2026-07-31,124.9800033569336,125.44000244140624,124.25,124.98999786376952,13392650.0,CANARA,Bank
2026-08-03,127.0999984741211,127.58999633789062,125.5,125.9499969482422,18180646.0,CANARA,Bank
2026-08-04,128.0,128.9499969482422,126.26000213623048,127.08999633789062,21657270.0,CANARA,Bank
2026-08-05,128.91000366210938,130.10000610351562,128.11000061035156,129.0,19163111.0,CANARA,Bank
2026-01-01,149.17564392089844,150.54521158412436,148.32087576435487,149.77785885599135,5815300.0,UNION,Bank
2026-01-02,152.20616149902344,152.5946992097724,149.5058873994106,149.573887056741,11427490.0,UNION,Bank
2026-01-05,157.703857421875,158.31579509027026,152.99293928829078,153.46889245495365,30448320.0,UNION,Bank
2026-01-06,160.98692321777344,162.50218325676025,157.94668043365348,158.90829460664054,27407244.0,UNION,Bank
2026-01-07,161.55999755859375,161.85139713639688,159.4230920233678,161.72512052773592,9352445.0,UNION,Bank
2026-01-08,156.8296661376953,162.13307627895742,155.6543599252011,161.51143075416337,13384492.0,UNION,Bank
2026-01-09,157.60670471191406,161.23945438119384,155.92632177703337,156.28570617955756,15759095.0,UNION,Bank
2026-01-12,159.2773895263672,159.68534301885668,155.70293140863137,158.81115908083612,11523264.0,UNION,Bank
2026-01-13,161.42401123046875,161.9970876735428,158.87915224372097,160.2584277537017,15008272.0,UNION,Bank
2026-01-14,174.12890625,175.50818176817117,160.07387514637068,161.4337200738076,88500243.0,UNION,Bank
2026-01-15,174.12890625,174.12890625,174.12890625,174.12890625,0.0,UNION,Bank
2026-01-16,171.09837341308594,177.6547972595552,169.82594389723695,174.1094777006845,35089123.0,UNION,Bank
2026-01-19,172.34165954589844,173.02159681942692,169.54426219613842,170.79726108534788,26114974.0,UNION,Bank
2026-01-20,170.69041442871094,175.56645511916193,169.98135350402953,172.34165889851053,14538592.0,UNION,Bank
2026-01-21,167.52391052246094,173.18671969610725,165.86294334150688,169.7482314342016,15653209.0,UNION,Bank
2026-01-22,169.76766967773438,172.56508197336538,169.01003965120074,169.64139306624594,17020104.0,UNION,Bank
2026-01-23,167.81532287597656,173.85694750599717,167.06740071122894,170.9526890998622,24039471.0,UNION,Bank
2026-01-27,170.1853485107422,171.60347045060917,166.81485970046282,169.49570331118585,17366121.0,UNION,Bank
2026-01-28,176.71261596679688,177.22743029615378,170.22419169428005,171.72974385752764,23047432.0,UNION,Bank
2026-01-29,174.29403686523438,178.08218705872315,173.13816121560097,177.7519411077418,40375155.0,UNION,Bank
2026-01-30,175.576171875,177.47996965176463,170.95268416171243,172.89532829991373,15736553.0,UNION,Bank
2026-02-02,166.22235107421875,167.14510407921216,160.3749880455638,164.51281474038817,13991985.0,UNION,Bank
2026-02-03,169.4082794189453,177.8490702614083,167.0673897611349,173.8666439955997,11079255.0,UNION,Bank
2026-02-04,171.0595245361328,171.91429267151224,166.9702522388632,169.3985573314656,13200784.0,UNION,Bank
2026-02-05,172.81761169433594,174.06090269189824,170.47672207345778,171.05952121283914,11292976.0,UNION,Bank
2026-02-06,173.0216064453125,173.56554443743846,169.54427162856592,172.40966879357146,9274510.0,UNION,Bank
2026-02-09,174.81854248046875,176.87775535284123,173.78894345488183,175.80929514447823,15467264.0,UNION,Bank
2026-02-10,174.1191864013672,175.80929211422932,172.4096649186503,175.80929211422932,8405977.0,UNION,Bank
2026-02-11,175.15850830078125,175.40133881500827,171.0595280349332,174.81853965238406,10157636.0,UNION,Bank
2026-02-12,175.80929565429688,177.12058638461778,173.1964368999766,175.22649648055454,13347286.0,UNION,Bank
2026-02-13,173.74037170410156,175.57616980015962,172.9924643909953,174.83797037199815,8733451.0,UNION,Bank
2026-02-16,177.83935546875,178.72326211564877,171.03039304660598,172.89532965535588,8656305.0,UNION,Bank
2026-02-17,183.4730224609375,184.55119053533397,176.644629596826,178.28616624192676,29239580.0,UNION,Bank
2026-02-18,187.57200622558597,188.4267743931368,183.57987191024532,184.5511939838445,27237712.0,UNION,Bank
2026-02-19,184.0849609375,190.07801626838676,183.103916171459,187.57200357536468,15642408.0,UNION,Bank
2026-02-20,188.41705322265625,189.31066775910767,183.09421236588088,183.9198420636495,14595009.0,UNION,Bank
2026-02-23,192.1080780029297,194.5072447038238,189.0484194079782,190.37912590236937,23701488.0,UNION,Bank
2026-02-24,194.8666229248047,196.44017470804192,190.583103992454,191.93324103522536,19355793.0,UNION,Bank
2026-02-25,193.58448791503903,196.73156187774407,190.9813371088281,195.5271320189106,20245353.0,UNION,Bank
2026-02-26,195.7602386474609,197.37263680105636,192.2246269925447,194.26440921781105,30109110.0,UNION,Bank
2026-02-27,196.4693145751953,199.59697275189,194.12842488509307,196.216761357436,23419781.0,UNION,Bank
2026-03-02,192.4480438232422,195.42999483007864,189.4466474041392,189.4466474041392,22256833.0,UNION,Bank
2026-03-04,185.64878845214844,190.3791221003272,183.9683906317348,190.3791221003272,23915359.0,UNION,Bank
2026-03-05,185.7167816162109,189.7963314513325,183.38561451648405,187.49430282876227,17729256.0,UNION,Bank
2026-03-06,183.23989868164065,187.5137245915052,182.6085452780416,185.32824998046485,12364075.0,UNION,Bank
2026-03-09,173.9249267578125,177.90735315669144,170.46702257441834,176.304662855153,22083962.0,UNION,Bank
2026-03-10,180.95730590820312,182.1714585044455,174.64371240774278,176.78061801288962,18486715.0,UNION,Bank
2026-03-11,175.73158264160156,182.17145254415485,175.2264910281547,182.1228834776545,12583965.0,UNION,Bank
2026-03-12,176.87774658203125,178.14045335686654,170.4864458825629,174.3717339803894,14230468.0,UNION,Bank
2026-03-13,168.8934783935547,176.43093196941405,168.33981772531402,176.29494747880725,10935027.0,UNION,Bank
2026-03-16,170.5641632080078,171.8948697150702,166.33890623074728,167.26165924267812,13777819.0,UNION,Bank
2026-03-17,171.0206756591797,171.448044899382,167.86387908525305,170.6612764323489,8519438.0,UNION,Bank
2026-03-18,172.8079071044922,174.2843059289974,171.04981658947614,171.04981658947614,10650146.0,UNION,Bank
2026-03-19,167.22280883789062,170.49615942617305,165.94065660887654,168.47580776970133,9712536.0,UNION,Bank
2026-03-20,172.53594970703125,174.77970139107717,169.00033784888635,169.0100457342739,18846899.0,UNION,Bank
2026-03-23,163.74546813964844,169.49569272756418,163.1820995887151,169.49569272756418,11258618.0,UNION,Bank
2026-03-24,168.835205078125,170.4670190005362,165.90180835051646,168.5340827941865,12443272.0,UNION,Bank
2026-03-25,175.1488037109375,178.22789291071962,170.48645478582566,170.96239311709755,17554430.0,UNION,Bank
2026-03-27,170.4475860595703,173.76950563113203,167.60161961941523,173.59467477951205,87447033.0,UNION,Bank
2026-03-30,159.49107360839844,168.32038726230533,158.40319768272042,167.06738837085103,26845178.0,UNION,Bank
2026-04-01,166.71771240234375,168.13584908548032,162.53131683031154,166.09606689686422,15095865.0,UNION,Bank
2026-04-02,167.0576934814453,167.84446201183908,159.4910860150183,163.6677740134287,14715599.0,UNION,Bank
2026-04-06,169.1265869140625,172.62335214626697,164.36711490136005,168.1358491159362,16641379.0,UNION,Bank
2026-04-07,166.95083618164062,168.01928152782534,162.98784049880004,167.8444506756344,15794978.0,UNION,Bank
2026-04-08,180.33566284179688,181.52067697765625,173.86665416332508,174.837976253623,20660394.0,UNION,Bank
2026-04-09,179.3934783935547,183.48273607480476,178.39301783090025,180.63676947765344,13973627.0,UNION,Bank
2026-04-10,183.6090087890625,184.52205390169252,181.20984210245325,182.5114101126628,12959457.0,UNION,Bank
2026-04-13,179.3837432861328,179.95683454123397,173.68208777956693,176.29494638106917,18738060.0,UNION,Bank
2026-04-15,183.29818725585935,185.96932284496413,180.43277540331584,183.5798641239288,12244209.0,UNION,Bank
2026-04-16,183.08450317382807,185.6196543813384,181.85091998917176,184.0655331335257,11737567.0,UNION,Bank
2026-04-17,183.4924468994141,183.9683852050588,181.00586489223204,183.08449342834805,8818513.0,UNION,Bank
2026-04-20,183.86154174804688,187.65941446744225,180.8698829186019,183.5798648788192,14172531.0,UNION,Bank
2026-04-21,185.89161682128903,187.44572319309944,184.3083571527665,185.05627927375667,13904723.0,UNION,Bank
2026-04-22,188.48504638671875,191.4767200732308,184.93971201864784,185.89161829699137,21651436.0,UNION,Bank
2026-04-23,174.55628967285156,189.3009510703906,172.21540000817305,189.3009510703906,65651090.0,UNION,Bank
2026-04-24,171.92401123046875,175.56646909552106,169.39856784888622,174.15805501860729,27300659.0,UNION,Bank
2026-04-27,171.04981994628906,173.672386532578,170.33103628940168,172.11826531489652,17230436.0,UNION,Bank
2026-04-28,165.5909881591797,169.30144571106538,164.31855857418404,168.28155453750733,37573622.0,UNION,Bank
2026-04-29,162.5118865966797,167.29078920952264,159.56878202914345,165.5715598863229,23790547.0,UNION,Bank
2026-04-30,161.18118286132812,161.9679513480589,157.9466786660585,160.26813776569549,17097157.0,UNION,Bank
2026-05-01,161.18118286132812,161.18118286132812,161.18118286132812,161.18118286132812,0.0,UNION,Bank
2026-05-04,159.07342529296875,163.66777469989046,158.63633330993883,162.21079154232467,14524787.0,UNION,Bank
2026-05-05,159.04428100585938,159.68534230765997,156.810237281625,158.81115837353278,12119775.0,UNION,Bank
2026-05-06,163.9105987548828,164.8819208215784,160.10301803197987,161.0063404398315,15731990.0,UNION,Bank
2026-05-07,162.48275756835938,165.02761669415312,161.35602039006946,164.8139246492637,11667483.0,UNION,Bank
2026-05-08,161.4725799560547,162.4827483481373,159.78247428452627,161.72511834877585,15053176.0,UNION,Bank
2026-05-11,159.1122589111328,161.43371796339346,158.54889035678866,160.26813449494256,9090770.0,UNION,Bank
2026-05-12,157.53872680664062,160.21957034850652,156.76166619674956,157.3541732444067,11408910.0,UNION,Bank
2026-05-13,157.80099487304688,159.1122708152088,155.178413346325,157.6941488492086,11841874.0,UNION,Bank
2026-05-14,160.17100524902344,162.11364941127331,156.70339312643074,158.5586218584671,12820014.0,UNION,Bank
2026-05-15,157.2958984375,160.6955256835873,156.86851435517153,160.46240305108125,9269427.0,UNION,Bank
2026-05-18,154.33335876464844,155.89718784617136,152.51699128766649,155.60578826913513,10337755.0,UNION,Bank
2026-05-19,154.4013671875,155.90690458212967,153.6825834994969,155.41153564788368,6233854.0,UNION,Bank
2026-05-20,154.44020080566406,155.11041536923122,151.7302188977596,153.08035590943922,8594444.0,UNION,Bank
2026-05-21,155.528076171875,157.49015079050642,155.12012270445223,156.96564342416218,8330372.0,UNION,Bank
2026-05-22,156.1108856201172,156.97536167701188,154.8578718391583,155.4115325380003,8563944.0,UNION,Bank
2026-05-25,164.0271453857422,164.60023664378772,157.26675240122538,157.3541678262636,19110578.0,UNION,Bank
2026-05-26,162.7547149658203,166.05721871976195,161.47257760907425,166.05721871976195,16199061.0,UNION,Bank
2026-05-27,163.88145446777344,164.54194633553186,162.27877904303176,162.75471735327002,7569728.0,UNION,Bank
2026-05-28,163.88145446777344,163.88145446777344,163.88145446777344,163.88145446777344,0.0,UNION,Bank
2026-05-29,163.0655517578125,166.86340973857165,161.82226070989367,164.15342771944188,48286734.0,UNION,Bank
2026-06-01,157.87867736816406,163.94944009924146,157.3056009234379,163.18210221136042,11662148.0,UNION,Bank
2026-06-02,158.01466369628906,159.19967778085856,155.5086658544402,156.4314188360448,18233176.0,UNION,Bank
2026-06-03,161.9193878173828,162.6964484458415,155.94576295217917,159.30652905005482,10405094.0,UNION,Bank
2026-06-04,161.7639617919922,162.69643744734577,160.4138247845308,161.67654636776464,6247512.0,UNION,Bank
2026-06-05,162.21078491210938,164.72650550425743,161.08404775922506,162.79358407979396,12927945.0,UNION,Bank
2026-06-08,160.44297790527344,165.74640311049853,158.76259481653835,160.26814704085896,14433775.0,UNION,Bank
2026-06-09,165.55213928222656,166.0572309186304,160.5692522210166,160.88979028904987,16722972.0,UNION,Bank
2026-06-10,161.6765594482422,165.83381682142536,161.23946747054376,165.12475584332793,12209748.0,UNION,Bank
2026-06-11,159.82131958007812,160.9286260964778,158.24778264129904,159.3939503385958,12145117.0,UNION,Bank
2026-06-12,165.17332458496094,165.53270901594777,161.38515953628269,162.6964502879788,13371950.0,UNION,Bank
2026-06-15,166.38746643066406,168.91289481180814,165.90180541645967,167.94157278339935,8365210.0,UNION,Bank
2026-06-16,165.66868591308594,167.99014501184155,163.7066112288244,167.50448398849355,8606545.0,UNION,Bank
2026-06-17,168.7672119140625,169.15573481876643,164.54195492471294,166.58173722740557,12653845.0,UNION,Bank
2026-06-18,171.06922912597656,172.50679638437143,168.24269331673867,169.34027711904014,14194713.0,UNION,Bank
2026-06-19,170.7195587158203,171.622895932219,169.49569826455576,171.0498194779823,11232086.0,UNION,Bank
2026-06-22,171.55490112304688,171.7297468045683,169.06831896824386,170.75842472402346,8516217.0,UNION,Bank
2026-06-23,170.09791564941406,171.8754368107681,168.8740551804877,171.61317570271297,22750233.0,UNION,Bank
2026-06-24,169.8162384033203,170.95268344083203,169.10717744580245,170.00079196706298,13079969.0,UNION,Bank
2026-06-25,169.69967651367188,171.51604394698433,169.30143092867038,170.46701438759385,12437646.0,UNION,Bank
2026-06-26,169.69967651367188,169.69967651367188,169.69967651367188,169.69967651367188,0.0,UNION,Bank
2026-06-29,169.55397033691406,170.85553829351315,167.1936649300007,169.98135439936698,16043533.0,UNION,Bank
2026-06-30,167.4850616455078,170.75842718248677,166.97026212110322,169.98136654262356,12547240.0,UNION,Bank
2026-07-01,169.86480712890625,170.10763764466867,166.26119575366474,167.795886391827,13759343.0,UNION,Bank
2026-07-02,169.35000610351562,170.7486974119657,167.65990039332405,169.98135951036048,17815906.0,UNION,Bank
2026-07-03,163.08999633789062,168.7899932861328,161.60000610351562,168.7899932861328,33777663.0,UNION,Bank
2026-07-06,161.0800018310547,163.75,160.77000427246094,163.1999969482422,12253340.0,UNION,Bank
2026-07-07,161.0800018310547,162.8000030517578,160.3800048828125,161.2899932861328,13481239.0,UNION,Bank
2026-07-08,154.38999938964844,160.49000549316406,153.5,160.1999969482422,13097180.0,UNION,Bank
2026-07-09,157.25999450683594,158.10000610351562,154.4499969482422,154.74000549316406,13873876.0,UNION,Bank
2026-07-10,164.50999450683594,165.5,157.60000610351562,157.8000030517578,24598550.0,UNION,Bank
2026-07-13,170.38999938964844,170.75,162.50999450683594,163.0,30404181.0,UNION,Bank
2026-07-14,170.6699981689453,171.4199981689453,167.17999267578125,170.0,15703329.0,UNION,Bank
2026-07-15,172.3800048828125,177.49000549316406,168.6999969482422,171.2100067138672,60853488.0,UNION,Bank
2026-07-16,168.77000427246094,175.08999633789062,168.0500030517578,175.0500030517578,13286469.0,UNION,Bank
2026-07-17,168.4600067138672,169.4199981689453,166.25,169.0,10762360.0,UNION,Bank
2026-07-20,175.92999267578125,177.2899932861328,167.77000427246094,168.0,36352077.0,UNION,Bank
2026-07-21,176.11000061035156,179.39999389648438,173.39999389648438,175.92999267578125,35646847.0,UNION,Bank
2026-07-22,170.63999938964844,175.97000122070312,170.10000610351562,175.7899932861328,10788134.0,UNION,Bank
2026-07-23,168.39999389648438,171.25,167.39999389648438,171.0,6099755.0,UNION,Bank
2026-07-24,170.5,171.5,165.80999755859375,167.88999938964844,13551971.0,UNION,Bank
2026-07-27,170.11000061035156,173.4600067138672,169.5,172.0,13706219.0,UNION,Bank
2026-07-28,168.24000549316406,171.39999389648438,167.6999969482422,170.67999267578125,10776044.0,UNION,Bank
2026-07-29,171.0800018310547,171.94000244140625,168.13999938964844,168.24000549316406,12582530.0,UNION,Bank
2026-07-30,170.39999389648438,171.0800018310547,167.89999389648438,171.0800018310547,9365956.0,UNION,Bank
2026-07-31,171.24000549316406,172.8000030517578,169.82000732421875,171.05999755859375,5557534.0,UNION,Bank
2026-08-03,174.0,175.74000549316406,171.39999389648438,171.39999389648438,8353185.0,UNION,Bank
2026-08-04,174.0,175.1999969482422,172.44000244140625,174.3699951171875,6867862.0,UNION,Bank
2026-08-05,175.8000030517578,178.1999969482422,174.22000122070312,175.0,12654052.0,UNION,Bank
2026-01-01,6238.37744140625,6254.761560432626,6169.86203456868,6240.859883682973,113350.0,PersistentSystems,IT_Companies
2026-01-02,6245.328125,6284.550712000159,6185.253023392162,6240.85972901264,147711.0,PersistentSystems,IT_Companies
2026-01-05,6160.4287109375,6255.754493698621,6067.585370435782,6245.328236209124,307929.0,PersistentSystems,IT_Companies
2026-01-06,6205.1123046875,6249.796262714534,6134.114460266767,6160.428346660466,173690.0,PersistentSystems,IT_Companies
2026-01-07,6467.7548828125,6496.551212220892,6162.414493395928,6162.414493395928,633821.0,PersistentSystems,IT_Companies
2026-01-08,6399.2392578125,6551.661203048627,6366.967510449802,6474.209009378152,354203.0,PersistentSystems,IT_Companies
2026-01-09,6371.9326171875,6422.57443789446,6305.4031664548265,6390.799177843034,337174.0,PersistentSystems,IT_Companies
2026-01-12,6281.0751953125,6372.925555847858,6242.845585792378,6371.932578977206,268990.0,PersistentSystems,IT_Companies
2026-01-13,6312.8505859375,6379.380037649307,6233.908923085431,6295.473490341133,228016.0,PersistentSystems,IT_Companies
2026-01-14,6229.93701171875,6305.403255405493,6186.246028531688,6280.578833140117,327713.0,PersistentSystems,IT_Companies
2026-01-15,6229.93701171875,6229.93701171875,6229.93701171875,6229.93701171875,0.0,PersistentSystems,IT_Companies
2026-01-16,6358.03125,6431.511542441043,6265.187907523817,6265.187907523817,531116.0,PersistentSystems,IT_Companies
2026-01-19,6392.78515625,6422.077974222876,6206.105502727944,6350.087150391231,383374.0,PersistentSystems,IT_Companies
2026-01-20,6297.9560546875,6445.413125893033,6255.754535992313,6374.415276794072,573688.0,PersistentSystems,IT_Companies
2026-01-21,6198.16162109375,6347.108151558996,5985.168082528449,6285.543585633361,2130647.0,PersistentSystems,IT_Companies
2026-01-22,6276.1103515625,6349.094152027628,6132.625192824935,6291.501493157187,455070.0,PersistentSystems,IT_Companies
2026-01-23,6111.7724609375,6315.332713495126,6062.6201072711465,6315.332713495126,499112.0,PersistentSystems,IT_Companies
2026-01-27,6194.4853515625,6216.907475180607,6039.0252944769545,6103.800318262598,491985.0,PersistentSystems,IT_Companies
2026-01-28,6191.49560546875,6277.696212240527,6058.4576747862975,6177.544062176208,372879.0,PersistentSystems,IT_Companies
2026-01-29,6048.99072265625,6191.495775924758,5972.755501851769,6181.03211816728,637802.0,PersistentSystems,IT_Companies
2026-01-30,6014.11181640625,6063.938757718646,5958.80391154949,6005.641236383143,486262.0,PersistentSystems,IT_Companies
2026-02-02,6061.447265625,6098.817470715167,5971.260504007398,6098.319201313964,180834.0,PersistentSystems,IT_Companies
2026-02-03,6256.76904296875,6529.820682336981,6219.897106265741,6377.848510790794,353120.0,PersistentSystems,IT_Companies
2026-02-04,5965.28125,6039.0251211159375,5777.931955813565,6039.0251211159375,1427211.0,PersistentSystems,IT_Companies
2026-02-05,5959.80029296875,5988.699918166659,5889.544307573834,5940.367786370156,1381637.0,PersistentSystems,IT_Companies
2026-02-06,5831.7451171875,5939.869578092293,5721.129309257252,5916.450916053005,601645.0,PersistentSystems,IT_Companies
2026-02-09,5854.66552734375,5908.976892661236,5809.821280751329,5861.143029629321,328310.0,PersistentSystems,IT_Companies
2026-02-10,5852.17431640625,5927.412998549915,5756.008318699447,5854.6656634971,347608.0,PersistentSystems,IT_Companies
2026-02-11,5704.18798828125,5879.578813916732,5680.271057512775,5879.578813916732,741167.0,PersistentSystems,IT_Companies
2026-02-12,5433.12939453125,5639.412920699256,5412.202080282322,5630.444071735429,1360770.0,PersistentSystems,IT_Companies
2026-02-13,5460.0361328125,5520.82500014259,5191.967193274891,5191.967193274891,1806431.0,PersistentSystems,IT_Companies
2026-02-16,5562.6796875,5577.627769784575,5421.669444615505,5466.015422059745,501990.0,PersistentSystems,IT_Companies
2026-02-17,5608.5205078125,5715.150162101047,5504.3822005867705,5567.164146569747,834096.0,PersistentSystems,IT_Companies
2026-02-18,5501.890625,5609.018544251494,5428.146755003622,5609.018544251494,592720.0,PersistentSystems,IT_Companies
2026-02-19,5247.7734375,5577.627787635302,5225.849583412458,5530.790462993734,1036955.0,PersistentSystems,IT_Companies
2026-02-20,5074.37548828125,5255.745546974727,5052.451635032588,5216.880534397554,1666625.0,PersistentSystems,IT_Companies
2026-02-23,4960.27197265625,5102.278754394776,4898.984835274359,5072.382589818245,835461.0,PersistentSystems,IT_Companies
2026-02-24,4645.86376953125,4900.977695957677,4569.130283848302,4858.126528628238,2771545.0,PersistentSystems,IT_Companies
2026-02-25,4714.625,4923.898145212428,4673.76690974424,4775.4138659902765,1573003.0,PersistentSystems,IT_Companies
2026-02-26,4764.9501953125,4915.925821076349,4730.071337875307,4748.507305377823,1104877.0,PersistentSystems,IT_Companies
2026-02-27,4716.6181640625,4907.953614622398,4695.690849157511,4806.306656512453,1144899.0,PersistentSystems,IT_Companies
2026-03-02,4657.224609375,4770.929790579434,4433.701137791764,4584.07875439486,637428.0,PersistentSystems,IT_Companies
2026-03-04,4692.80126953125,4733.559611817918,4550.395962948703,4574.1133933145775,707053.0,PersistentSystems,IT_Companies
2026-03-05,4625.63427734375,4758.472702873345,4571.123411116238,4758.472702873345,614996.0,PersistentSystems,IT_Companies
2026-03-06,4760.96435546875,4813.282645089285,4627.328398376906,4632.311092626481,1246702.0,PersistentSystems,IT_Companies
2026-03-09,4766.544921875,4855.236876754796,4634.005258964743,4663.801672330836,724632.0,PersistentSystems,IT_Companies
2026-03-10,4811.189453125,4840.687098174783,4728.576486019423,4840.687098174783,498481.0,PersistentSystems,IT_Companies
2026-03-11,4731.267578125,4878.05755253623,4714.625185096814,4833.213305372975,799637.0,PersistentSystems,IT_Companies
2026-03-12,4698.08251953125,4733.559398870503,4611.981662731092,4708.645928350132,584369.0,PersistentSystems,IT_Companies
2026-03-13,4622.744140625,4713.62867676702,4551.292598304008,4681.739434133501,499196.0,PersistentSystems,IT_Companies
2026-03-16,4622.744140625,4832.117046608943,4536.244764618071,4623.940181860248,325857.0,PersistentSystems,IT_Companies
2026-03-17,4513.72265625,4672.770342977321,4480.737125288649,4672.770342977321,685749.0,PersistentSystems,IT_Companies
2026-03-18,4682.33740234375,4758.47287096088,4509.9361862859005,4509.9361862859005,757503.0,PersistentSystems,IT_Companies
2026-03-19,4586.86865234375,4643.272846459396,4559.165067987874,4585.075077117423,446961.0,PersistentSystems,IT_Companies
2026-03-20,4700.375,4729.373891333383,4658.8191352162285,4663.901580681984,654131.0,PersistentSystems,IT_Companies
2026-03-23,4708.1474609375,4783.784656938163,4623.242162338299,4672.570831894105,1065192.0,PersistentSystems,IT_Companies
2026-03-24,4896.69287109375,4910.644414222228,4691.704646348131,4787.372370657693,1086416.0,PersistentSystems,IT_Companies
2026-03-25,4911.740234375,4941.636398323698,4828.2304777147865,4912.936275569432,783039.0,PersistentSystems,IT_Companies
2026-03-27,4882.8408203125,4970.137720134835,4834.309670692477,4863.10954588985,872749.0,PersistentSystems,IT_Companies
2026-03-30,4860.3193359375,4912.438121677056,4808.299814807139,4838.19597945879,1293604.0,PersistentSystems,IT_Companies
2026-04-01,5031.6240234375,5107.261219100673,4905.860635464336,4982.693872293339,686833.0,PersistentSystems,IT_Companies
2026-04-02,5209.60595703125,5248.769736314872,4946.71873581132,4952.897470862676,964640.0,PersistentSystems,IT_Companies
2026-04-06,5291.02294921875,5325.204521637597,5191.568572708889,5215.8840218432615,606786.0,PersistentSystems,IT_Companies
2026-04-07,5367.5576171875,5419.676403130903,5195.455167366546,5285.143661672289,544032.0,PersistentSystems,IT_Companies
2026-04-08,5355.2998046875,5466.0153636095765,5304.874843668502,5466.0153636095765,923213.0,PersistentSystems,IT_Companies
2026-04-09,5452.16357421875,5470.001521578271,5252.855812456014,5350.516615719755,600754.0,PersistentSystems,IT_Companies
2026-04-10,5408.31591796875,5451.765107763706,5284.147083893665,5451.765107763706,904088.0,PersistentSystems,IT_Companies
2026-04-13,5358.78759765625,5390.078818376876,5298.596751995271,5301.088098972888,460222.0,PersistentSystems,IT_Companies
2026-04-15,5469.50341796875,5580.417996115336,5429.243346190533,5431.136672666427,512159.0,PersistentSystems,IT_Companies
2026-04-16,5481.4619140625,5585.99874153021,5447.081323927939,5521.223716639007,615320.0,PersistentSystems,IT_Companies
2026-04-17,5427.6484375,5485.945955831727,5361.677375965054,5451.067098710181,841855.0,PersistentSystems,IT_Companies
2026-04-20,5306.7685546875,5493.2205728669405,5268.800329502147,5432.132939727729,1021416.0,PersistentSystems,IT_Companies
2026-04-21,5311.4521484375,5351.413452355268,5245.481570644389,5325.503443088744,1010633.0,PersistentSystems,IT_Companies
2026-04-22,5055.740234375,5243.787305591717,5016.476701925036,5199.740094819318,2183080.0,PersistentSystems,IT_Companies
2026-04-23,5047.66845703125,5101.680567315688,4993.655860155607,5063.413575224634,600435.0,PersistentSystems,IT_Companies
2026-04-24,4730.86865234375,5072.3827083035485,4717.614880375048,5044.579371916162,1280422.0,PersistentSystems,IT_Companies
2026-04-27,4800.82568359375,4829.825060080146,4734.755355589391,4748.407645236165,845578.0,PersistentSystems,IT_Companies
2026-04-28,4786.8740234375,4835.206154203966,4728.776007276352,4810.89070532217,759673.0,PersistentSystems,IT_Companies
2026-04-29,4789.166015625,4892.407533598095,4773.420897072811,4808.299755402154,628484.0,PersistentSystems,IT_Companies
2026-04-30,4783.38623046875,4813.182643211136,4745.019486745198,4789.165960860749,542790.0,PersistentSystems,IT_Companies
2026-05-01,4783.38623046875,4783.38623046875,4783.38623046875,4783.38623046875,0.0,PersistentSystems,IT_Companies
2026-05-04,4771.52783203125,4828.031293665241,4729.274681515946,4798.534132563867,486694.0,PersistentSystems,IT_Companies
2026-05-05,4799.6298828125,4841.883519450445,4726.683530731516,4753.490328557545,499615.0,PersistentSystems,IT_Companies
2026-05-06,4996.6455078125,5020.163920644179,4833.213145769969,4863.109309558237,799823.0,PersistentSystems,IT_Companies
2026-05-07,4966.74951171875,5056.836524324136,4894.500446791059,5012.590297741836,512165.0,PersistentSystems,IT_Companies
2026-05-08,5095.90087890625,5119.2197893886105,4942.832422691748,4972.728586538674,633097.0,PersistentSystems,IT_Companies
2026-05-11,5080.45458984375,5155.3940161836645,5062.417140116823,5107.161635237801,339705.0,PersistentSystems,IT_Companies
2026-05-12,4860.2197265625,5056.238626560424,4824.244576730317,5056.238626560424,697635.0,PersistentSystems,IT_Companies
2026-05-13,4828.23046875,4896.991645704335,4799.131341257479,4838.1958567143965,310545.0,PersistentSystems,IT_Companies
2026-05-14,4612.77880859375,4814.279157579784,4561.158291087285,4814.279157579784,758017.0,PersistentSystems,IT_Companies
2026-05-15,4685.8251953125,4780.396630245732,4613.974650414371,4616.964266818527,766506.0,PersistentSystems,IT_Companies
2026-05-18,4926.98779296875,4960.670611239154,4648.853704457758,4662.406730046235,572955.0,PersistentSystems,IT_Companies
2026-05-19,5048.7646484375,5169.744855713609,4944.327570201455,4944.327570201455,912186.0,PersistentSystems,IT_Companies
2026-05-20,5066.5029296875,5131.178199458964,4969.041144645365,5022.655223186006,552055.0,PersistentSystems,IT_Companies
2026-05-21,5001.62841796875,5092.313452046286,4977.711485904345,5066.503193511695,282141.0,PersistentSystems,IT_Companies
2026-05-22,4953.0966796875,5032.620769113421,4907.953665985079,5020.562552128493,459525.0,PersistentSystems,IT_Companies
2026-05-25,5020.5625,5059.427513398174,4954.292669462088,5012.590189559349,328328.0,PersistentSystems,IT_Companies
2026-05-26,5088.1279296875,5119.518903857308,5003.6216287811485,5020.56278944422,456026.0,PersistentSystems,IT_Companies
2026-05-27,5080.75341796875,5116.628815456262,5046.771346919279,5082.34797739755,206977.0,PersistentSystems,IT_Companies
2026-05-28,5080.75341796875,5080.75341796875,5080.75341796875,5080.75341796875,0.0,PersistentSystems,IT_Companies
2026-05-29,5176.3212890625,5259.731781176143,5132.17481490283,5132.17481490283,1393236.0,PersistentSystems,IT_Companies
2026-06-01,5383.302734375,5478.970461605655,5208.410170531458,5219.870367022631,1017776.0,PersistentSystems,IT_Companies
2026-06-02,5451.5654296875,5592.57566792912,5396.257527055628,5421.669266102705,1368824.0,PersistentSystems,IT_Companies
2026-06-03,5079.8564453125,5361.378651452918,5058.430861482344,5361.378651452918,768497.0,PersistentSystems,IT_Companies
2026-06-04,5103.7734375,5168.548459161135,4960.770120448111,5032.520913672753,380369.0,PersistentSystems,IT_Companies
2026-06-05,5021.06103515625,5215.3861124323175,4993.656216566035,5181.005521837321,423726.0,PersistentSystems,IT_Companies
2026-06-08,5047.46923828125,5072.382709348778,4894.002256505275,4940.8395821122285,396122.0,PersistentSystems,IT_Companies
2026-06-09,5000.6318359375,5127.192267018421,4943.829122775197,5127.192267018421,438124.0,PersistentSystems,IT_Companies
2026-06-10,4910.943359375,5052.451873382965,4899.981432233538,5005.614548323991,254180.0,PersistentSystems,IT_Companies
2026-06-11,4857.13037109375,4914.929624586453,4716.12012334862,4788.86745964116,746944.0,PersistentSystems,IT_Companies
2026-06-12,4794.34814453125,4928.382612508688,4777.406985009938,4902.97087322672,410246.0,PersistentSystems,IT_Companies
2026-06-15,4873.5732421875,4896.99190514454,4828.72899397189,4868.092278516703,519726.0,PersistentSystems,IT_Companies
2026-06-16,4999.13720703125,5031.026450652301,4889.019662652309,4912.936595368097,676099.0,PersistentSystems,IT_Companies
2026-06-17,5027.53857421875,5087.330906122244,4999.63548599712,5032.521268544041,365334.0,PersistentSystems,IT_Companies
2026-06-18,4923.39990234375,5011.095316048081,4879.053926095537,5001.628197523182,675007.0,PersistentSystems,IT_Companies
2026-06-19,4812.2861328125,4827.732485071476,4586.071812632662,4683.732620463606,1504523.0,PersistentSystems,IT_Companies
2026-06-22,4843.6767578125,4901.974276654601,4821.254635180923,4821.254635180923,318876.0,PersistentSystems,IT_Companies
2026-06-23,4819.759765625,4878.057283724672,4746.51416596131,4746.51416596131,335308.0,PersistentSystems,IT_Companies
2026-06-24,4911.44140625,4959.275267972634,4805.310025552907,4830.721764593056,591029.0,PersistentSystems,IT_Companies
2026-06-25,4824.74267578125,4952.797913587279,4810.292862954889,4917.91905504089,383578.0,PersistentSystems,IT_Companies
2026-06-26,4824.74267578125,4824.74267578125,4824.74267578125,4824.74267578125,0.0,PersistentSystems,IT_Companies
2026-06-29,4283.6220703125,4496.383106025358,4250.238020212356,4484.424640317843,6170867.0,PersistentSystems,IT_Companies
2026-06-30,4311.525390625,4331.954437315815,4229.809203861739,4316.00981550835,1513736.0,PersistentSystems,IT_Companies
2026-07-01,4315.21240234375,4387.760230597919,4296.776434988296,4328.764940423988,964797.0,PersistentSystems,IT_Companies
2026-07-02,4564.74560546875,4577.00283775238,4366.334638248583,4368.825985183565,1859078.0,PersistentSystems,IT_Companies
2026-07-03,4666.49267578125,4749.50416749651,4624.338790396986,4653.836437727381,1551490.0,PersistentSystems,IT_Companies
2026-07-06,4699.4775390625,4718.611278905955,4634.70251622641,4688.515612121008,642181.0,PersistentSystems,IT_Companies
2026-07-07,4867.892578125,4884.933489072096,4713.628565173975,4713.628565173975,1301127.0,PersistentSystems,IT_Companies
2026-07-08,4752.99169921875,4893.005397455512,4720.60418895046,4867.892425626388,662309.0,PersistentSystems,IT_Companies
2026-07-09,4813.1826171875,4842.082242173663,4688.715019306717,4748.507346864295,465088.0,PersistentSystems,IT_Companies
2026-07-10,5036.4072265625,5047.86742249527,4886.029622467257,4909.348532525262,1205108.0,PersistentSystems,IT_Companies
2026-07-13,5174.42822265625,5200.7367509537735,4957.780774184023,4983.092763632464,1033379.0,PersistentSystems,IT_Companies
2026-07-14,5111.34716796875,5238.804380965419,5093.409469879083,5171.936531324032,567112.0,PersistentSystems,IT_Companies
2026-07-15,5058.2314453125,5154.995460089871,4995.549252124262,5062.417102908082,516067.0,PersistentSystems,IT_Companies
2026-07-16,5041.78857421875,5191.96716655185,5032.520957982119,5058.231464477503,426991.0,PersistentSystems,IT_Companies
2026-07-17,5165.95751953125,5177.716969625381,5072.382621146999,5103.175573532771,532124.0,PersistentSystems,IT_Companies
2026-07-20,5170.7412109375,5219.870380516255,5148.119584907784,5165.957532608867,367933.0,PersistentSystems,IT_Companies
2026-07-21,5200.93603515625,5281.555927346369,5147.122939563524,5150.112555985342,408127.0,PersistentSystems,IT_Companies
2026-07-22,5081.15185546875,5177.019082979661,5049.661618558437,5177.019082979661,385227.0,PersistentSystems,IT_Companies
2026-07-23,4984.58740234375,5101.780464327471,4972.7286877613205,5077.365263355497,502970.0,PersistentSystems,IT_Companies
2026-07-24,5182.5,5199.739926505715,4947.914865129029,4956.8837142781495,732328.0,PersistentSystems,IT_Companies
2026-07-27,5268.2001953125,5339.5,5237.0,5249.0,557415.0,PersistentSystems,IT_Companies
2026-07-28,5428.39990234375,5515.0,5335.7998046875,5335.7998046875,1045445.0,PersistentSystems,IT_Companies
2026-07-29,5483.2998046875,5589.0,5460.0,5510.39990234375,563293.0,PersistentSystems,IT_Companies
2026-07-30,5514.7001953125,5698.0,5468.39990234375,5483.2998046875,1194100.0,PersistentSystems,IT_Companies
2026-07-31,5549.0,5580.0,5263.39990234375,5458.7001953125,1471276.0,PersistentSystems,IT_Companies
2026-08-03,5575.0,5575.0,5319.5,5533.5,1344826.0,PersistentSystems,IT_Companies
2026-08-04,5499.0,5599.0,5462.5,5590.0,464955.0,PersistentSystems,IT_Companies
2026-01-01,2754.746337890625,2766.7249989773354,2716.082700799871,2716.082700799871,96465.0,MphasisLtd,IT_Companies
2026-01-02,2733.905029296875,2770.036457529298,2727.0877966316034,2767.7964621003243,124901.0,MphasisLtd,IT_Companies
2026-01-05,2728.743408203125,2743.7414629764053,2689.495815417636,2728.8408923493075,166865.0,MphasisLtd,IT_Companies
2026-01-06,2742.475341796875,2762.9270400134,2720.173346943434,2731.762547492981,378512.0,MphasisLtd,IT_Companies
2026-01-07,2799.739990234375,2805.7780627745765,2732.931017964989,2746.2732680375784,376876.0,MphasisLtd,IT_Companies
2026-01-08,2743.643798828125,2815.516952963412,2728.256284012063,2806.459725312435,404363.0,MphasisLtd,IT_Companies
2026-01-09,2764.095703125,2777.924899338804,2722.315899808507,2743.644004596269,317088.0,MphasisLtd,IT_Companies
2026-01-12,2758.252197265625,2775.0030637053533,2716.472396424527,2764.679968671732,219456.0,MphasisLtd,IT_Companies
2026-01-13,2798.668701171875,2803.343422488515,2731.762480486463,2758.0575204055845,314103.0,MphasisLtd,IT_Companies
2026-01-14,2715.985595703125,2807.628539704652,2701.27975555323,2801.006275196085,363314.0,MphasisLtd,IT_Companies
2026-01-15,2715.985595703125,2715.985595703125,2715.985595703125,2715.985595703125,0.0,MphasisLtd,IT_Companies
2026-01-16,2811.134521484375,2853.401267961966,2732.249402398897,2732.249402398897,1193508.0,MphasisLtd,IT_Companies
2026-01-19,2814.348388671875,2832.0731455370583,2756.596643205861,2799.934763899258,273546.0,MphasisLtd,IT_Companies
2026-01-20,2742.18310546875,2805.8756792140434,2729.327799958849,2801.006227296187,335776.0,MphasisLtd,IT_Companies
2026-01-21,2725.821533203125,2758.4468590627025,2650.053056195926,2732.736249611184,1448566.0,MphasisLtd,IT_Companies
2026-01-22,2736.7294921875,2814.445755441336,2707.512780357875,2736.632008041584,344252.0,MphasisLtd,IT_Companies
2026-01-23,2680.925537109375,2803.8304578727502,2660.766053409416,2773.542371366529,1589967.0,MphasisLtd,IT_Companies
2026-01-27,2732.833740234375,2751.240172298318,2680.925338279897,2693.585912524102,508935.0,MphasisLtd,IT_Companies
2026-01-28,2759.713134765625,2783.378718660169,2735.658089823798,2742.475322514708,222958.0,MphasisLtd,IT_Companies
2026-01-29,2700.4033203125,2758.057583833749,2685.50274979575,2756.499264103631,647094.0,MphasisLtd,IT_Companies
2026-01-30,2686.963623046875,2716.764764498135,2653.851349330458,2680.1463902229066,550213.0,MphasisLtd,IT_Companies
2026-02-02,2689.30078125,2724.945264012977,2647.0340341627134,2697.676333565385,265952.0,MphasisLtd,IT_Companies
2026-02-03,2745.689208984375,2897.3238943204424,2737.703355383523,2897.3238943204424,614479.0,MphasisLtd,IT_Companies
2026-02-04,2617.914794921875,2686.963526948652,2546.820798014571,2685.502691395762,1037616.0,MphasisLtd,IT_Companies
2026-02-05,2579.54345703125,2615.772132387565,2561.3317540896346,2603.306525470364,500168.0,MphasisLtd,IT_Companies
2026-02-06,2542.3408203125,2568.148915213201,2509.715492796519,2568.148915213201,857784.0,MphasisLtd,IT_Companies
2026-02-09,2546.82080078125,2573.7975164673467,2537.568842269564,2571.946982105288,389909.0,MphasisLtd,IT_Companies
2026-02-10,2545.846923828125,2587.626725799857,2532.7966501463025,2564.740301992444,442632.0,MphasisLtd,IT_Companies
2026-02-11,2520.623046875,2563.961169007005,2479.5249201817105,2549.5475437559285,516056.0,MphasisLtd,IT_Companies
2026-02-12,2399.665771484375,2483.3228556678764,2393.627698995729,2483.3228556678764,1136104.0,MphasisLtd,IT_Companies
2026-02-13,2394.2119140625,2435.894468120959,2293.7064786405363,2325.260668280841,1725163.0,MphasisLtd,IT_Companies
2026-02-16,2397.231201171875,2416.611524876409,2363.145037433904,2377.266448125349,506975.0,MphasisLtd,IT_Companies
2026-02-17,2400.83447265625,2454.203712042802,2378.2402638129056,2393.822509603653,602309.0,MphasisLtd,IT_Companies
2026-02-18,2372.2021484375,2414.8585930753648,2339.4793377592537,2414.8585930753648,403020.0,MphasisLtd,IT_Companies
2026-02-19,2314.645263671875,2403.0745594513305,2300.329122360301,2386.907883721992,483838.0,MphasisLtd,IT_Companies
2026-02-20,2311.821044921875,2339.284706242926,2260.594315532137,2298.5760405710525,686221.0,MphasisLtd,IT_Companies
2026-02-23,2249.491943359375,2298.868135791144,2234.0069443729985,2289.226716581022,812362.0,MphasisLtd,IT_Companies
2026-02-24,2164.958251953125,2218.327490782582,2152.979353073289,2171.775484415416,1348323.0,MphasisLtd,IT_Companies
2026-02-25,2198.655029296875,2262.7368264464744,2169.146103064519,2171.7755595519907,667290.0,MphasisLtd,IT_Companies
2026-02-26,2202.453125,2244.525142447864,2192.324760013625,2215.3084306415403,442818.0,MphasisLtd,IT_Companies
2026-02-27,2236.539306640625,2296.7257809956923,2226.508187953745,2257.477950269092,861454.0,MphasisLtd,IT_Companies
2026-03-02,2196.609619140625,2249.7841257767304,2147.428157927324,2147.428157927324,349774.0,MphasisLtd,IT_Companies
2026-03-04,2208.004150390625,2233.033084791848,2145.2857070586847,2145.3829534338083,674633.0,MphasisLtd,IT_Companies
2026-03-05,2173.333740234375,2238.973852907796,2142.46122677776,2237.415533284289,684794.0,MphasisLtd,IT_Companies
2026-03-06,2156.972412109375,2227.1897642503127,2152.2976908384767,2171.7754979953856,287592.0,MphasisLtd,IT_Companies
2026-03-09,2130.579833984375,2157.0696034891525,2078.574185307835,2106.330059798772,353945.0,MphasisLtd,IT_Companies
2026-03-10,2144.701416015625,2191.2534252247538,2115.6794342082944,2163.984493710845,886101.0,MphasisLtd,IT_Companies
2026-03-11,2127.85302734375,2183.4622639633044,2120.938548204127,2161.9391911433554,355907.0,MphasisLtd,IT_Companies
2026-03-12,2128.145263671875,2155.219464461461,2100.6816018271,2122.1071907191704,423505.0,MphasisLtd,IT_Companies
2026-03-13,2059.58349609375,2128.1452861665966,2045.169870406216,2126.9766652224644,322965.0,MphasisLtd,IT_Companies
2026-03-16,2026.7633056640625,2069.127535955377,2007.7724438093355,2060.751983825787,314619.0,MphasisLtd,IT_Companies
2026-03-17,2019.946044921875,2046.3383304189472,1977.48433108344,2033.288294997714,640515.0,MphasisLtd,IT_Companies
2026-03-18,2068.348388671875,2127.9504309936046,2022.1858430697764,2030.56139525019,837977.0,MphasisLtd,IT_Companies
2026-03-19,1993.943115234375,2055.8825173719456,1984.3989423044209,2046.1436139263185,260439.0,MphasisLtd,IT_Companies
2026-03-20,2036.502197265625,2054.616415038291,2010.10967378723,2040.300274507872,863296.0,MphasisLtd,IT_Companies
2026-03-23,2009.72021484375,2035.820285926081,1985.762417205028,2025.5944372842696,471389.0,MphasisLtd,IT_Companies
2026-03-24,2061.53125,2082.372409491192,2003.0003417477055,2044.7803826429608,747214.0,MphasisLtd,IT_Companies
2026-03-25,2076.431640625,2098.149204487871,2046.0460725122407,2084.027794886999,1105605.0,MphasisLtd,IT_Companies
2026-03-27,2061.725830078125,2091.8189461900765,2042.3455076038024,2059.778049416738,648475.0,MphasisLtd,IT_Companies
2026-03-30,1999.39697265625,2045.0723368861416,1960.441357017551,2025.692013212372,768221.0,MphasisLtd,IT_Companies
2026-04-01,2080.814208984375,2108.180385055335,2046.1436175500603,2054.908630666648,867527.0,MphasisLtd,IT_Companies
2026-04-02,2152.2001953125,2180.540499682382,2030.950846402068,2030.950846402068,777936.0,MphasisLtd,IT_Companies
2026-04-06,2176.839599609375,2182.780425678492,2133.8911790801712,2147.428159445939,603188.0,MphasisLtd,IT_Companies
2026-04-07,2267.314208984375,2280.8511896834466,2149.473477151883,2162.0365675052312,1130562.0,MphasisLtd,IT_Companies
2026-04-08,2289.421630859375,2308.022795091405,2232.3515575404767,2298.381375107398,766370.0,MphasisLtd,IT_Companies
2026-04-09,2323.020751953125,2338.1160527195684,2257.380398218673,2278.903470546987,695846.0,MphasisLtd,IT_Companies
2026-04-10,2265.95068359375,2352.042735237611,2216.7692197510014,2352.042735237611,1026126.0,MphasisLtd,IT_Companies
2026-04-13,2255.627685546875,2274.6185486415548,2211.120703363295,2235.0785026815306,229386.0,MphasisLtd,IT_Companies
2026-04-15,2346.39404296875,2351.750439837046,2284.4545222579773,2312.9895567641383,1011941.0,MphasisLtd,IT_Companies
2026-04-16,2378.045654296875,2414.274330050562,2353.6983940099594,2354.8670149504883,541426.0,MphasisLtd,IT_Companies
2026-04-17,2397.912841796875,2403.7561840664307,2339.771633768034,2371.4230710614625,416448.0,MphasisLtd,IT_Companies
2026-04-20,2353.89306640625,2409.599549013719,2342.3038659023755,2407.4570377146256,180997.0,MphasisLtd,IT_Companies
2026-04-21,2355.8408203125,2376.292518215172,2325.844949168674,2360.710272194088,275259.0,MphasisLtd,IT_Companies
2026-04-22,2270.138427734375,2334.41519145401,2264.4898160966823,2327.500474795872,998198.0,MphasisLtd,IT_Companies
2026-04-23,2217.54833984375,2298.5759698816387,2211.4127830498355,2270.1384190495305,368085.0,MphasisLtd,IT_Companies
2026-04-24,2118.99072265625,2224.5603440591744,2074.3864959874118,2206.8355868110207,782576.0,MphasisLtd,IT_Companies
2026-04-27,2205.76416015625,2215.600547804632,2127.950416243129,2130.774603153632,442985.0,MphasisLtd,IT_Companies
2026-04-28,2211.0234375,2228.261250142352,2191.935090425512,2210.7312228247984,299847.0,MphasisLtd,IT_Companies
2026-04-29,2191.93505859375,2276.955737402437,2173.7233558093417,2224.365656213502,698342.0,MphasisLtd,IT_Companies
2026-04-30,2217.256103515625,2287.8631536111548,2182.29353519549,2254.0692061531545,1995620.0,MphasisLtd,IT_Companies
2026-05-01,2217.256103515625,2217.256103515625,2217.256103515625,2217.256103515625,0.0,MphasisLtd,IT_Companies
2026-05-04,2217.158935546875,2246.3756469644327,2188.916114509903,2227.1898162539383,270918.0,MphasisLtd,IT_Companies
2026-05-05,2152.10302734375,2238.1948425519927,2137.299940996722,2216.672007633036,565587.0,MphasisLtd,IT_Companies
2026-05-06,2160.57568359375,2210.6335511362336,2133.988430197776,2186.0915625269467,416557.0,MphasisLtd,IT_Companies
2026-05-07,2135.839111328125,2178.885019051431,2120.2568650741714,2169.8277908630785,592910.0,MphasisLtd,IT_Companies
2026-05-08,2156.387939453125,2169.827673674546,2125.905124311909,2141.5848538645987,271921.0,MphasisLtd,IT_Companies
2026-05-11,2143.7275390625,2163.9845072961025,2135.9364157239,2156.3881144877246,214275.0,MphasisLtd,IT_Companies
2026-05-12,2090.45556640625,2122.1070017233724,2067.082198787452,2118.698385612298,887823.0,MphasisLtd,IT_Companies
2026-05-13,2089.189453125,2105.161396927322,2071.464696971197,2087.046941988376,314728.0,MphasisLtd,IT_Companies
2026-05-14,2059.87548828125,2077.989705374291,2021.0171222809508,2050.039101050967,852974.0,MphasisLtd,IT_Companies
2026-05-15,2028.808349609375,2115.2898610969664,2020.8224962137224,2078.282027431366,432690.0,MphasisLtd,IT_Companies
2026-05-18,2092.403564453125,2101.753007578578,2009.7203630168744,2021.3095638922323,572487.0,MphasisLtd,IT_Companies
2026-05-19,2162.5234375,2211.8023823869307,2103.7005577697278,2110.7125204619297,1176450.0,MphasisLtd,IT_Companies
2026-05-20,2169.82763671875,2183.462101222369,2118.406180180435,2142.5587077115124,471319.0,MphasisLtd,IT_Companies
2026-05-21,2169.438232421875,2197.778298864274,2157.751548256053,2182.48826796723,209269.0,MphasisLtd,IT_Companies
2026-05-22,2164.373779296875,2189.207982769376,2116.84812129579,2171.288495762363,396197.0,MphasisLtd,IT_Companies
2026-05-25,2185.409912109375,2210.731060823655,2166.905995741248,2193.201034790692,190879.0,MphasisLtd,IT_Companies
2026-05-26,2206.15380859375,2229.1374776854823,2182.0012808949214,2188.331568029854,297568.0,MphasisLtd,IT_Companies
2026-05-27,2174.599609375,2228.5532759848584,2166.029564736668,2211.412711175809,241776.0,MphasisLtd,IT_Companies
2026-05-28,2174.599609375,2174.599609375,2174.599609375,2174.599609375,0.0,MphasisLtd,IT_Companies
2026-05-29,2212.094482421875,2248.7128552932,2200.8947432118825,2239.9478419984234,1301407.0,MphasisLtd,IT_Companies
2026-06-01,2250.173583984375,2311.041728974214,2223.1968696781164,2226.313271148358,735924.0,MphasisLtd,IT_Companies
2026-06-02,2325.35791015625,2367.040464134068,2262.34725290411,2262.541983418276,1126516.0,MphasisLtd,IT_Companies
2026-06-03,2228.748046875,2296.433425619948,2221.443869312596,2275.6895137894794,595642.0,MphasisLtd,IT_Companies
2026-06-04,2255.4326171875,2267.7037309799803,2186.383884925942,2202.453076062369,506785.0,MphasisLtd,IT_Companies
2026-06-05,2269.16455078125,2294.1934856121634,2247.154533422556,2267.703715233537,341938.0,MphasisLtd,IT_Companies
2026-06-08,2273.15771484375,2297.31000694494,2221.833499713185,2226.508221262717,396578.0,MphasisLtd,IT_Companies
2026-06-09,2279.390380859375,2302.276804251896,2244.330328002747,2284.746777823582,232521.0,MphasisLtd,IT_Companies
2026-06-10,2237.805419921875,2299.355245958021,2234.10458883003,2279.3904926576656,317814.0,MphasisLtd,IT_Companies
2026-06-11,2218.32763671875,2231.182942654393,2175.671188952385,2227.482111521016,443663.0,MphasisLtd,IT_Companies
2026-06-12,2211.12060546875,2242.187850995082,2196.3175193676816,2238.9739652142607,179663.0,MphasisLtd,IT_Companies
2026-06-15,2249.39453125,2286.597095685452,2225.631701421295,2235.9547966432524,531551.0,MphasisLtd,IT_Companies
2026-06-16,2266.4375,2287.6683564809887,2240.337191930078,2260.3994275829605,621307.0,MphasisLtd,IT_Companies
2026-06-17,2279.09814453125,2300.134271151713,2259.4256070575234,2274.910368482171,651241.0,MphasisLtd,IT_Companies
2026-06-18,2275.59228515625,2298.3812242221425,2227.481959243745,2274.13144963238,415284.0,MphasisLtd,IT_Companies
2026-06-19,2208.29638671875,2219.496125835516,2093.8642696561465,2117.9193139450026,1187118.0,MphasisLtd,IT_Companies
2026-06-22,2220.567626953125,2246.959914499547,2211.899859613148,2230.2090469403997,386803.0,MphasisLtd,IT_Companies
2026-06-23,2185.994384765625,2224.36556962554,2163.984367647964,2224.36556962554,912664.0,MphasisLtd,IT_Companies
2026-06-24,2202.0634765625,2214.626566463668,2176.937058993976,2183.4620765222267,692224.0,MphasisLtd,IT_Companies
2026-06-25,2204.303466796875,2238.876576475928,2188.7212201809634,2225.729055893753,370762.0,MphasisLtd,IT_Companies
2026-06-26,2204.303466796875,2204.303466796875,2204.303466796875,2204.303466796875,0.0,MphasisLtd,IT_Companies
2026-06-29,2150.1552734375,2233.520149047405,2145.2858214357693,2210.731208785789,693813.0,MphasisLtd,IT_Companies
2026-06-30,2105.16162109375,2161.3550506174247,2094.8382875641214,2151.2264476180085,416895.0,MphasisLtd,IT_Companies
2026-07-01,2071.27001953125,2130.2876313862344,2065.7188921548886,2122.886207473151,238074.0,MphasisLtd,IT_Companies
2026-07-02,2186.7734375,2191.448159034053,2100.1946749202307,2102.337186274859,889024.0,MphasisLtd,IT_Companies
2026-07-03,2236.63671875,2270.1384523700435,2208.783359062745,2211.7050301726163,1356520.0,MphasisLtd,IT_Companies
2026-07-06,2246.959716796875,2259.425560546231,2217.1588154252486,2258.3541860791497,509967.0,MphasisLtd,IT_Companies
2026-07-07,2312.60009765625,2340.258488219953,2253.192786885789,2267.2167126825016,1240074.0,MphasisLtd,IT_Companies
2026-07-08,2241.89990234375,2325.0,2232.300048828125,2323.0,690474.0,MphasisLtd,IT_Companies
2026-07-09,2261.300048828125,2274.0,2194.300048828125,2241.0,323700.0,MphasisLtd,IT_Companies
2026-07-10,2321.89990234375,2363.0,2292.0,2292.199951171875,664698.0,MphasisLtd,IT_Companies
2026-07-13,2390.39990234375,2410.0,2300.199951171875,2322.0,682431.0,MphasisLtd,IT_Companies
2026-07-14,2372.300048828125,2422.300048828125,2359.199951171875,2400.0,366125.0,MphasisLtd,IT_Companies
2026-07-15,2339.199951171875,2368.89990234375,2324.0,2350.0,245735.0,MphasisLtd,IT_Companies
2026-07-16,2352.0,2392.0,2345.5,2359.0,311584.0,MphasisLtd,IT_Companies
2026-07-17,2394.199951171875,2407.89990234375,2352.800048828125,2385.0,704251.0,MphasisLtd,IT_Companies
2026-07-20,2413.39990234375,2458.60009765625,2398.0,2402.10009765625,662456.0,MphasisLtd,IT_Companies
2026-07-21,2380.10009765625,2450.0,2375.199951171875,2413.300048828125,168717.0,MphasisLtd,IT_Companies
2026-07-22,2273.800048828125,2363.5,2265.10009765625,2355.10009765625,434670.0,MphasisLtd,IT_Companies
2026-07-23,2232.39990234375,2285.89990234375,2211.10009765625,2282.800048828125,559481.0,MphasisLtd,IT_Companies
2026-07-24,2288.10009765625,2340.0,2192.10009765625,2247.0,2105429.0,MphasisLtd,IT_Companies
2026-07-27,2332.699951171875,2368.5,2316.39990234375,2332.10009765625,726071.0,MphasisLtd,IT_Companies
2026-07-28,2413.5,2449.89990234375,2368.5,2374.699951171875,1377173.0,MphasisLtd,IT_Companies
2026-07-29,2361.300048828125,2472.0,2345.0,2455.0,847189.0,MphasisLtd,IT_Companies
2026-07-30,2346.699951171875,2420.0,2337.300048828125,2346.10009765625,1000809.0,MphasisLtd,IT_Companies
2026-07-31,2342.300048828125,2351.800048828125,2222.300048828125,2324.60009765625,568913.0,MphasisLtd,IT_Companies
2026-08-03,2429.0,2429.0,2339.89990234375,2361.0,423329.0,MphasisLtd,IT_Companies
2026-08-04,2380.0,2441.800048828125,2375.39990234375,2429.39990234375,244238.0,MphasisLtd,IT_Companies
2026-01-01,1644.2403564453125,1660.3272103550537,1640.3675594024196,1658.341173022093,1009599.0,coforgeLtd,IT_Companies
2026-01-02,1638.7786865234375,1651.2906969639707,1616.9322767574577,1651.2906969639707,2358220.0,coforgeLtd,IT_Companies
2026-01-05,1630.5367431640625,1649.5033765297187,1618.6205184880766,1647.4180614550423,1643132.0,coforgeLtd,IT_Companies
2026-01-06,1645.5311279296875,1650.794175093238,1622.6916997117248,1636.4946827479382,1387735.0,coforgeLtd,IT_Companies
2026-01-07,1689.621337890625,1693.0969033814372,1638.4808742401003,1648.4110613567073,1845212.0,coforgeLtd,IT_Companies
2026-01-08,1635.501708984375,1695.7778922733062,1632.2246989672954,1688.1316971909157,1508881.0,coforgeLtd,IT_Companies
2026-01-09,1669.8602294921875,1673.236517331611,1636.3955476327967,1636.3955476327967,1700004.0,coforgeLtd,IT_Companies
2026-01-12,1685.251953125,1690.3163240758768,1656.653088286938,1673.236451515011,1476570.0,coforgeLtd,IT_Companies
2026-01-13,1696.5723876953125,1705.0130463405628,1671.3496893823565,1698.0619156915332,2425785.0,coforgeLtd,IT_Companies
2026-01-14,1669.8602294921875,1717.127895589804,1661.7175246013169,1698.0619849478069,1903405.0,coforgeLtd,IT_Companies
2026-01-15,1669.8602294921875,1669.8602294921875,1669.8602294921875,1669.8602294921875,0.0,coforgeLtd,IT_Companies
2026-01-16,1720.206298828125,1723.6818641898944,1684.1596724459623,1688.1317471451275,3448276.0,coforgeLtd,IT_Companies
2026-01-19,1715.9361572265625,1729.7391401423158,1704.119211529821,1727.8523805406355,1311096.0,coforgeLtd,IT_Companies
2026-01-20,1681.875732421875,1718.9153786111358,1674.229536879477,1718.9153786111358,1719928.0,coforgeLtd,IT_Companies
2026-01-21,1657.546630859375,1682.6700504150697,1581.8786605554476,1681.875587032387,3976423.0,coforgeLtd,IT_Companies
2026-01-22,1675.91748046875,1728.0509581426195,1662.3131738296634,1669.2643041861793,2134697.0,coforgeLtd,IT_Companies
2026-01-23,1624.975830078125,1698.0619823863371,1618.0246991560757,1662.2140314462465,3575484.0,coforgeLtd,IT_Companies
2026-01-27,1652.680908203125,1672.6405578646256,1621.8973315335386,1632.5225820903206,3017548.0,coforgeLtd,IT_Companies
2026-01-28,1682.3721923828125,1685.3512484107962,1657.05021614495,1659.3342075869778,1311827.0,coforgeLtd,IT_Companies
2026-01-29,1666.3846435546875,1682.9681284494434,1648.6095847162337,1678.6980995846727,1643016.0,coforgeLtd,IT_Companies
2026-01-30,1646.17822265625,1660.8104265374857,1637.0205495573389,1647.4721584747156,1487848.0,coforgeLtd,IT_Companies
2026-02-02,1660.51171875,1670.1670872686664,1630.4509500805436,1657.724696013473,790021.0,coforgeLtd,IT_Companies
2026-02-03,1704.20947265625,1750.8933503584858,1694.653740184947,1732.9763064093938,1260061.0,coforgeLtd,IT_Companies
2026-02-04,1606.462158203125,1654.3404588539702,1557.3893150022566,1654.3404588539702,4759330.0,coforgeLtd,IT_Companies
2026-02-05,1592.427001953125,1612.533856999036,1580.2831555575106,1590.6352490644813,1684388.0,coforgeLtd,IT_Companies
2026-02-06,1538.875,1596.6076972833118,1524.1431596763384,1596.6076972833118,2751610.0,coforgeLtd,IT_Companies
2026-02-09,1542.159912109375,1565.1534286630497,1531.2106069402216,1544.946935065972,1542877.0,coforgeLtd,IT_Companies
2026-02-10,1543.85205078125,1570.428952375356,1535.2917091016766,1553.805964712786,3139868.0,coforgeLtd,IT_Companies
2026-02-11,1513.39306640625,1552.8105404389216,1506.0271459513388,1550.8197576947691,1685032.0,coforgeLtd,IT_Companies
2026-02-12,1414.9488525390625,1494.0824675773006,1405.791300408173,1493.087076193172,5303522.0,coforgeLtd,IT_Companies
2026-02-13,1355.5240478515625,1386.0825150194526,1327.8521185177378,1353.1350842063548,12847607.0,coforgeLtd,IT_Companies
2026-02-16,1386.0823974609375,1392.5524409679365,1328.8473972067156,1351.1441868246886,5116779.0,coforgeLtd,IT_Companies
2026-02-17,1372.4456787109375,1426.296327885481,1363.686185993433,1388.5709704093713,3467546.0,coforgeLtd,IT_Companies
2026-02-18,1366.4732666015625,1378.6169922260208,1332.8289910401743,1377.2234200622968,2353241.0,coforgeLtd,IT_Companies
2026-02-19,1354.7276611328125,1411.4649694976697,1348.7553128838802,1400.5156643746268,3014508.0,coforgeLtd,IT_Companies
2026-02-20,1334.4215087890625,1365.9754848706114,1312.8215668893424,1334.2224791386695,2423179.0,coforgeLtd,IT_Companies
2026-02-23,1283.0594482421875,1339.2990594335636,1271.711962567514,1334.6207686986131,4790112.0,coforgeLtd,IT_Companies
2026-02-24,1206.6134033203125,1276.2908011380312,1193.374770639589,1272.1102058720635,10454471.0,coforgeLtd,IT_Companies
2026-02-25,1207.3101806640625,1260.065921687406,1202.432738796207,1222.2410507650088,5227982.0,coforgeLtd,IT_Companies
2026-02-26,1194.8677978515625,1233.7875752376249,1190.4880516209755,1224.3313574362876,6063557.0,coforgeLtd,IT_Companies
2026-02-27,1180.3350830078125,1229.3082876453277,1176.6520621968684,1211.4907586078696,3210664.0,coforgeLtd,IT_Companies
2026-03-02,1157.3414306640625,1191.2843716330474,1124.4935173452218,1124.792183342121,2447816.0,coforgeLtd,IT_Companies
2026-03-04,1164.6077880859375,1170.4806208915054,1130.7644848424145,1134.746049929888,3036423.0,coforgeLtd,IT_Companies
2026-03-05,1147.3875732421875,1185.5111109722652,1131.8594923118558,1180.5341541671758,3099614.0,coforgeLtd,IT_Companies
2026-03-06,1157.5406494140625,1176.353570623879,1142.8088085230113,1147.3875845271805,1741522.0,coforgeLtd,IT_Companies
2026-03-09,1163.11474609375,1168.987579126107,1112.349789268092,1131.759919819079,2207760.0,coforgeLtd,IT_Companies
2026-03-10,1133.94970703125,1176.5525027736924,1130.764503511772,1174.6612350243722,2443222.0,coforgeLtd,IT_Companies
2026-03-11,1103.68994140625,1154.0567177683404,1099.9074057967982,1140.6189349825877,3030604.0,coforgeLtd,IT_Companies
2026-03-12,1102.7940673828125,1122.900923437399,1073.529538282468,1101.8981908935484,4181637.0,coforgeLtd,IT_Companies
2026-03-13,1084.677978515625,1094.9305587139522,1068.0549904546097,1094.9305587139522,2704974.0,coforgeLtd,IT_Companies
2026-03-16,1075.6197509765625,1096.0252714218718,1065.566323741637,1071.0409755684273,3504696.0,coforgeLtd,IT_Companies
2026-03-17,1068.9508056640625,1082.886284702218,1003.4540055816376,1082.886284702218,6318399.0,coforgeLtd,IT_Companies
2026-03-18,1126.782958984375,1142.908249546961,1076.4161831758415,1079.3028422663049,6762954.0,coforgeLtd,IT_Companies
2026-03-19,1087.2659912109375,1115.7341587601509,1082.4880642552705,1104.884369032966,2611603.0,coforgeLtd,IT_Companies
2026-03-20,1084.27978515625,1125.7875535129197,1072.3350896282616,1104.8843363389396,2721237.0,coforgeLtd,IT_Companies
2026-03-23,1095.32861328125,1102.395867225575,1059.9922220518974,1072.0364325073988,3639224.0,coforgeLtd,IT_Companies
2026-03-24,1104.98388671875,1122.7019009250862,1078.00880608502,1121.8060244301178,3020611.0,coforgeLtd,IT_Companies
2026-03-25,1157.7396240234375,1160.3276171629068,1105.0833987104636,1124.792195518211,4460380.0,coforgeLtd,IT_Companies
2026-03-27,1139.4244384765625,1174.8604680143962,1135.1443285433918,1156.644757566664,3106962.0,coforgeLtd,IT_Companies
2026-03-30,1109.562744140625,1131.1628104089884,1105.8798445664966,1129.769238148491,1568667.0,coforgeLtd,IT_Companies
2026-04-01,1148.58203125,1182.0271542172547,1139.8225393146051,1144.6999809261836,1991196.0,coforgeLtd,IT_Companies
2026-04-02,1207.807861328125,1229.308289704817,1124.7922002967152,1128.0770402812047,6403645.0,coforgeLtd,IT_Companies
2026-04-06,1214.5765380859375,1222.2411247731625,1194.469680402262,1207.8079494683016,2994825.0,coforgeLtd,IT_Companies
2026-04-07,1224.9285888671875,1238.5655234656458,1196.460420143685,1211.19226094156,3163487.0,coforgeLtd,IT_Companies
2026-04-08,1264.545166015625,1269.1239418178925,1220.3497667990086,1269.024426986747,4123786.0,coforgeLtd,IT_Companies
2026-04-09,1259.0704345703125,1274.1008183603628,1232.2943852579135,1266.4363542280028,4331623.0,coforgeLtd,IT_Companies
2026-04-10,1218.65771484375,1266.1378350552263,1207.4097436493628,1265.142443675466,4067185.0,coforgeLtd,IT_Companies
2026-04-13,1225.62548828125,1232.9912874882946,1194.469688632977,1206.7130515445613,2000659.0,coforgeLtd,IT_Companies
2026-04-15,1276.788330078125,1281.7652864150753,1239.66030870911,1244.2390842375596,2626157.0,coforgeLtd,IT_Companies
2026-04-16,1307.1478271484375,1328.74789160334,1285.0501885434237,1293.013319068867,3695658.0,coforgeLtd,IT_Companies
2026-04-17,1310.7313232421875,1322.8750485991488,1287.3396274994636,1303.9626137433297,2822554.0,coforgeLtd,IT_Companies
2026-04-20,1282.16357421875,1313.717552932794,1274.100928581616,1310.7313788814308,2018128.0,coforgeLtd,IT_Companies
2026-04-21,1286.8419189453125,1297.9902528823152,1274.100861724972,1284.0547747071985,1636421.0,coforgeLtd,IT_Companies
2026-04-22,1230.1046142578125,1268.0289983973132,1202.63171723607,1267.033607099648,6289853.0,coforgeLtd,IT_Companies
2026-04-23,1214.974609375,1237.3709138627291,1210.1968039889214,1231.7967468251068,2115050.0,coforgeLtd,IT_Companies
2026-04-24,1145.595947265625,1208.902813832542,1131.0632576256692,1205.418944052045,5331848.0,coforgeLtd,IT_Companies
2026-04-27,1196.858642578125,1200.3425124749713,1150.5729425200238,1150.6724573583858,1701923.0,coforgeLtd,IT_Companies
2026-04-28,1195.365478515625,1208.2060510388064,1186.5064713324855,1200.441950022632,1325561.0,coforgeLtd,IT_Companies
2026-04-29,1198.451171875,1224.2318318506016,1194.4696065199337,1201.2383162266392,1174935.0,coforgeLtd,IT_Companies
2026-04-30,1190.3885498046875,1202.134094929094,1172.670535022184,1196.4604127893429,1424354.0,coforgeLtd,IT_Companies
2026-05-01,1190.3885498046875,1190.3885498046875,1190.3885498046875,1190.3885498046875,0.0,coforgeLtd,IT_Companies
2026-05-04,1146.292724609375,1205.6180284035988,1141.813463259862,1204.2245776343873,2133159.0,coforgeLtd,IT_Companies
2026-05-05,1163.4134521484375,1175.85584395569,1142.211567905786,1160.62630778052,1607889.0,coforgeLtd,IT_Companies
2026-05-06,1274.4990234375,1289.8280735018486,1241.1534154469855,1255.3874378935254,26656460.0,coforgeLtd,IT_Companies
2026-05-07,1279.3765869140625,1306.55069863238,1271.8115152340824,1288.9323198425668,5846100.0,coforgeLtd,IT_Companies
2026-05-08,1361.7947998046875,1367.667632718342,1269.123894989728,1273.2049749779535,9375709.0,coforgeLtd,IT_Companies
2026-05-11,1368.862060546875,1381.404088072493,1353.3339806434033,1369.4593925301722,5641233.0,coforgeLtd,IT_Companies
2026-05-12,1314.314697265625,1367.07043618345,1310.830827714448,1367.07043618345,4590660.0,coforgeLtd,IT_Companies
2026-05-13,1291.1220703125,1321.8796867222677,1285.4483883325224,1314.9119474097256,2151407.0,coforgeLtd,IT_Companies
2026-05-14,1268.7257080078125,1299.8815038424127,1244.040077035724,1299.8815038424127,3004315.0,coforgeLtd,IT_Companies
2026-05-15,1276.1912841796875,1307.3470834695177,1269.3230592475177,1278.5802478310168,3346591.0,coforgeLtd,IT_Companies
2026-05-18,1341.8870849609375,1345.570105943816,1268.7258190824473,1276.1912543761707,4392898.0,coforgeLtd,IT_Companies
2026-05-19,1405.4925537109375,1440.3312501556138,1354.0308707086078,1358.7091613423722,8133656.0,coforgeLtd,IT_Companies
2026-05-20,1395.8372802734375,1437.7432300525604,1387.1773029863348,1404.4971360528125,4869095.0,coforgeLtd,IT_Companies
2026-05-21,1370.65380859375,1416.9395036551948,1359.8040192132855,1398.4252499321622,2273142.0,coforgeLtd,IT_Companies
2026-05-22,1380.707275390625,1395.439115526731,1363.3874421245894,1371.6492386820066,2494600.0,coforgeLtd,IT_Companies
2026-05-25,1391.55712890625,1408.677811788984,1370.2557293839634,1391.55712890625,1369562.0,coforgeLtd,IT_Companies
2026-05-26,1416.2427978515625,1421.8169648599633,1388.6703857887992,1393.5478274865477,1780000.0,coforgeLtd,IT_Companies
2026-05-27,1382.0013427734375,1426.793952490547,1375.8298436411087,1418.4326410418073,1709429.0,coforgeLtd,IT_Companies
2026-05-28,1382.0013427734375,1382.0013427734375,1382.0013427734375,1382.0013427734375,0.0,coforgeLtd,IT_Companies
2026-05-29,1415.2474365234375,1443.1183936635202,1399.0225092995115,1403.5017702684534,3533060.0,coforgeLtd,IT_Companies
2026-06-01,1454.4656982421875,1491.2951758176564,1431.47218384121,1431.571698668247,5877548.0,coforgeLtd,IT_Companies
2026-06-02,1512.4971923828125,1546.8381947764992,1455.2621883933346,1465.4151318022866,10654328.0,coforgeLtd,IT_Companies
2026-06-03,1414.3515625,1483.1330789750837,1410.469512018586,1483.1330789750837,4844251.0,coforgeLtd,IT_Companies
2026-06-04,1429.879638671875,1436.4491971167504,1384.5893333745755,1403.5017685536675,2111985.0,coforgeLtd,IT_Companies
2026-06-05,1428.88427734375,1466.510118829876,1418.0344873695828,1447.000351239895,2525034.0,coforgeLtd,IT_Companies
2026-06-08,1414.550537109375,1440.331195807193,1396.5339790722123,1403.5017180982318,2143995.0,coforgeLtd,IT_Companies
2026-06-09,1405.4925537109375,1433.2639960355257,1387.0778141616086,1433.2639960355257,1845056.0,coforgeLtd,IT_Companies
2026-06-10,1396.2353515625,1427.988358872018,1391.8557269744804,1408.3791985328824,1190652.0,coforgeLtd,IT_Companies
2026-06-11,1387.37646484375,1402.7053939039652,1349.9496541559706,1380.8067849519675,1646487.0,coforgeLtd,IT_Companies
2026-06-12,1360.89892578125,1403.899902499083,1357.7137222500294,1403.501721680749,2484998.0,coforgeLtd,IT_Companies
2026-06-15,1396.0362548828125,1408.4786457462956,1371.6491687903854,1392.5523854410371,2234241.0,coforgeLtd,IT_Companies
2026-06-16,1458.04931640625,1461.6327010097357,1398.624379159823,1413.3562199280498,4085487.0,coforgeLtd,IT_Companies
2026-06-17,1458.945068359375,1490.8972282349323,1446.6023126963978,1487.6123881424642,4831921.0,coforgeLtd,IT_Companies
2026-06-18,1476.165283203125,1487.5127682116936,1429.381892568906,1452.1763774135068,4808752.0,coforgeLtd,IT_Companies
2026-06-19,1456.5562744140625,1462.0309270771938,1391.3581381531328,1397.2308501673922,8297808.0,coforgeLtd,IT_Companies
2026-06-22,1477.0611572265625,1498.063889111228,1467.704454813625,1468.202150457848,3965449.0,coforgeLtd,IT_Companies
2026-06-23,1474.37353515625,1484.5265992533955,1463.523867264553,1473.5772950261792,2646004.0,coforgeLtd,IT_Companies
2026-06-24,1490.9967041015625,1497.5662626070662,1471.28790707732,1471.28790707732,2312701.0,coforgeLtd,IT_Companies
2026-06-25,1486.0196533203125,1514.686849030951,1478.5542187850851,1505.031602301813,2997232.0,coforgeLtd,IT_Companies
2026-06-26,1486.0196533203125,1486.0196533203125,1486.0196533203125,1486.0196533203125,0.0,coforgeLtd,IT_Companies
2026-06-29,1484.5267333984375,1516.5782873385367,1475.6677257852618,1486.5175161650957,6361979.0,coforgeLtd,IT_Companies
2026-06-30,1458.945068359375,1495.9736998715096,1450.981937476043,1490.0013517090106,4539593.0,coforgeLtd,IT_Companies
2026-07-01,1364.3829345703125,1467.7046098265048,1355.9221077249242,1463.5240145765847,4675747.0,coforgeLtd,IT_Companies
2026-07-02,1435.2547607421875,1451.1810217748875,1383.6934420457294,1388.5708837885395,5761491.0,coforgeLtd,IT_Companies
2026-07-03,1457.2529296875,1485.9202490385435,1444.4123570301006,1453.6695451455523,4053069.0,coforgeLtd,IT_Companies
2026-07-06,1475.0704345703125,1484.1284713615837,1454.9634568222775,1460.1395646370977,1513526.0,coforgeLtd,IT_Companies
2026-07-07,1509.2122802734375,1515.8814750640229,1475.0704306873324,1475.1699455184123,3465445.0,coforgeLtd,IT_Companies
2026-07-08,1439.236328125,1510.0086263919911,1426.3957558468842,1510.0086263919911,2843349.0,coforgeLtd,IT_Companies
2026-07-09,1461.8316650390625,1472.3827887063376,1421.2197721769176,1443.317410829281,1647511.0,coforgeLtd,IT_Companies
2026-07-10,1496.8695068359375,1515.9809714647058,1483.1330580974468,1488.9063763226627,2750522.0,coforgeLtd,IT_Companies
2026-07-13,1533.7984619140625,1540.766200938845,1463.2251952043614,1487.2141009738536,5132000.0,coforgeLtd,IT_Companies
2026-07-14,1527.427978515625,1561.7689790101113,1523.6454429015464,1537.879587361773,2837341.0,coforgeLtd,IT_Companies
2026-07-15,1526.134033203125,1552.014209388203,1497.068653167594,1512.9949154353344,2948151.0,coforgeLtd,IT_Companies
2026-07-16,1523.6453857421875,1550.222405858568,1520.2611525918155,1529.020522962962,1803970.0,coforgeLtd,IT_Companies
2026-07-17,1501.4483642578125,1553.4077450804125,1488.3091252915017,1542.5579548643047,2927353.0,coforgeLtd,IT_Companies
2026-07-20,1500.452880859375,1522.9487001018172,1484.1284391188296,1497.8648877620549,1208116.0,coforgeLtd,IT_Companies
2026-07-21,1487.1146240234375,1524.7404643186885,1484.1284500796153,1500.0547111133335,1450155.0,coforgeLtd,IT_Companies
2026-07-22,1464.618896484375,1489.4041660743228,1461.2345415008774,1487.1147173040265,1016082.0,coforgeLtd,IT_Companies
2026-07-23,1433.2640380859375,1466.4104973425724,1427.490719616916,1465.2160763182326,1075336.0,coforgeLtd,IT_Companies
2026-07-24,1477.857421875,1482.1376530894306,1423.4095660966325,1423.4095660966325,3441351.0,coforgeLtd,IT_Companies
2026-07-27,1521.356201171875,1531.1109637378754,1482.535937564218,1488.6078006474584,3779933.0,coforgeLtd,IT_Companies
2026-07-28,1678.229736328125,1684.9984457894789,1560.076837302421,1562.7643452165814,15625771.0,coforgeLtd,IT_Companies
2026-07-29,1706.99658203125,1756.7661475373934,1697.3412134184211,1712.073053411331,8196676.0,coforgeLtd,IT_Companies
2026-07-30,1738.84912109375,1756.1689543621426,1693.8573605281083,1693.8573605281083,5650262.0,coforgeLtd,IT_Companies
2026-07-31,1717.0,1734.758677418879,1677.7912935282448,1706.0255665310865,3381070.0,coforgeLtd,IT_Companies
2026-08-03,1768.0,1771.0,1719.0,1739.0,2365023.0,coforgeLtd,IT_Companies
2026-08-04,1749.9000244140625,1774.800048828125,1733.199951171875,1772.0,1189895.0,coforgeLtd,IT_Companies
2026-01-01,425.71295166015625,428.3736696374103,423.44643640060286,427.7331052578692,292765.0,BirlasoftLtd,IT_Companies
2026-01-02,425.76220703125,428.4721852801025,421.7711601850451,427.6838400007233,452924.0,BirlasoftLtd,IT_Companies
2026-01-05,420.9828186035156,430.9850960315408,418.4699116157125,426.69839711283146,594739.0,BirlasoftLtd,IT_Companies
2026-01-06,415.1686401367188,423.2985745786136,414.1831935377012,421.77114437951377,415159.0,BirlasoftLtd,IT_Companies
2026-01-07,436.947021484375,439.06572568421706,411.22685891189286,415.3164864079983,2602063.0,BirlasoftLtd,IT_Companies
2026-01-08,425.3680419921875,440.4453938356412,422.1160800648352,437.5383141782768,1049748.0,BirlasoftLtd,IT_Companies
2026-01-09,415.9077453613281,428.028757164205,414.8730384112956,423.7420582348149,510397.0,BirlasoftLtd,IT_Companies
2026-01-12,407.3343811035156,414.13395701240927,400.0913421702276,412.60652672562026,1017566.0,BirlasoftLtd,IT_Companies
2026-01-13,418.9133605957031,419.9480675084805,406.9894505809431,409.0096041052966,790419.0,BirlasoftLtd,IT_Companies
2026-01-14,413.493408203125,423.6434963704606,408.7139860763916,419.8002605630929,695985.0,BirlasoftLtd,IT_Companies
2026-01-15,413.493408203125,413.493408203125,413.493408203125,413.493408203125,0.0,BirlasoftLtd,IT_Companies
2026-01-16,426.79693603515625,434.5819582983748,414.87302594924216,415.56285061083946,1636452.0,BirlasoftLtd,IT_Companies
2026-01-19,419.6524658203125,424.6782497967456,416.2034025132333,424.6782497967456,498299.0,BirlasoftLtd,IT_Companies
2026-01-20,398.3667907714844,419.8495147688684,395.1640892996048,419.8002544679093,1511454.0,BirlasoftLtd,IT_Companies
2026-01-21,401.3231506347656,406.004022250518,389.8919634110814,395.80464334676856,1077062.0,BirlasoftLtd,IT_Companies
2026-01-22,409.3545227050781,411.9166899491156,404.969303260452,405.0185635624079,488647.0,BirlasoftLtd,IT_Companies
2026-01-23,399.8942260742188,420.19443244606407,392.15849417163054,411.32541287254907,819490.0,BirlasoftLtd,IT_Companies
2026-01-27,392.8975830078125,400.4855040069712,381.86056873374326,400.0420710679922,944116.0,BirlasoftLtd,IT_Companies
2026-01-28,396.6915283203125,403.0476711042686,390.2368649322503,394.1293911446644,595947.0,BirlasoftLtd,IT_Companies
2026-01-29,403.9345703125,420.8349741148672,399.1058878080301,401.3724030427472,2436697.0,BirlasoftLtd,IT_Companies
2026-01-30,411.9659423828125,417.336638424979,403.04766261113673,408.9110819572289,1242905.0,BirlasoftLtd,IT_Companies
2026-02-02,419.3568115234375,421.5248061913216,405.856210409536,417.8293812393228,1271616.0,BirlasoftLtd,IT_Companies
2026-02-03,440.9381103515625,443.4509872499342,430.9358029137248,443.4509872499342,1619307.0,BirlasoftLtd,IT_Companies
2026-02-04,433.9414367675781,435.8630396840383,419.7510110737589,421.7219043666073,1795600.0,BirlasoftLtd,IT_Companies
2026-02-05,453.8474426269531,458.2326922488199,428.669292748896,431.822734058266,2758909.0,BirlasoftLtd,IT_Companies
2026-02-06,429.3591003417969,453.84742456067227,424.7274892418011,451.3345477325868,1564038.0,BirlasoftLtd,IT_Companies
2026-02-09,438.7208557128906,440.2482859739652,426.9940166500157,429.4083729449476,982303.0,BirlasoftLtd,IT_Companies
2026-02-10,458.7254028320313,463.6526359451573,437.587560747343,439.1642813582322,3974396.0,BirlasoftLtd,IT_Companies
2026-02-11,458.2819519042969,467.1017114386881,447.9347620939462,462.6672015199664,1291298.0,BirlasoftLtd,IT_Companies
2026-02-12,427.5360412597656,453.69963816379015,424.0869779352116,453.69963816379015,2879398.0,BirlasoftLtd,IT_Companies
2026-02-13,393.1439514160156,410.2414266638348,368.5570455711304,406.6445524209446,11659525.0,BirlasoftLtd,IT_Companies
2026-02-16,384.7183532714844,399.99277583535655,382.4518380817068,391.2223069585317,1842567.0,BirlasoftLtd,IT_Companies
2026-02-17,380.2345886230469,391.56722488064986,377.8202323474841,387.3297863228707,2461016.0,BirlasoftLtd,IT_Companies
2026-02-18,370.3308410644531,381.3185953307565,368.5570491141375,379.8896856510696,1489630.0,BirlasoftLtd,IT_Companies
2026-02-19,380.3331298828125,384.9154505892495,370.9713871192223,370.9713871192223,2354128.0,BirlasoftLtd,IT_Companies
2026-02-20,373.1393737792969,379.2491551331772,370.527946131094,377.42607278778985,1089161.0,BirlasoftLtd,IT_Companies
2026-02-23,372.2524719238281,382.3040397801368,369.8381156026873,377.32751615508937,830281.0,BirlasoftLtd,IT_Companies
2026-02-24,361.0183715820313,371.31627061228926,356.8794837907243,365.6499526048859,1452786.0,BirlasoftLtd,IT_Companies
2026-02-25,366.33978271484375,385.9501645307545,360.7720153002418,364.8616127778639,6128841.0,BirlasoftLtd,IT_Companies
2026-02-26,378.1651306152344,382.353278641592,365.7977878844262,366.536872830254,2131686.0,BirlasoftLtd,IT_Companies
2026-02-27,384.4227294921875,391.7150284088842,375.4551593051192,380.38239236686616,2915850.0,BirlasoftLtd,IT_Companies
2026-03-02,379.0027770996094,382.3532896020519,366.9803162734661,368.5077765826956,1312979.0,BirlasoftLtd,IT_Companies
2026-03-04,377.9187927246094,384.02857402359007,369.8381181128537,370.5279428017031,1248136.0,BirlasoftLtd,IT_Companies
2026-03-05,373.0408020019531,383.8314544055034,370.4293745014312,379.8404076663513,842893.0,BirlasoftLtd,IT_Companies
2026-03-06,365.79779052734375,379.1998402497643,364.12251927531935,374.46970859166805,760177.0,BirlasoftLtd,IT_Companies
2026-03-09,363.1863403320313,367.1774171932561,356.28821398138723,359.6880168550109,674249.0,BirlasoftLtd,IT_Companies
2026-03-10,379.44622802734375,384.32420107030674,367.6208679944112,370.5279476985521,2278456.0,BirlasoftLtd,IT_Companies
2026-03-11,376.3420715332031,390.8281493912118,374.4697289033753,379.3969621784197,1040294.0,BirlasoftLtd,IT_Companies
2026-03-12,369.1483154296875,374.4697212431913,363.8269096161837,374.4697212431913,927993.0,BirlasoftLtd,IT_Companies
2026-03-13,354.9085998535156,369.0005047889203,348.8481090582936,368.50778147104137,806634.0,BirlasoftLtd,IT_Companies
2026-03-16,343.5267028808594,355.4506131757568,335.1011161098684,354.7607885020693,1297588.0,BirlasoftLtd,IT_Companies
2026-03-17,357.4215087890625,361.6589173168024,344.5614120774635,347.1728396619285,1821982.0,BirlasoftLtd,IT_Companies
2026-03-18,359.09674072265625,369.2961192091659,355.7954885455906,358.4069461357783,1707803.0,BirlasoftLtd,IT_Companies
2026-03-19,358.55474853515625,363.9747047914777,351.8044333648672,355.00713478905715,898336.0,BirlasoftLtd,IT_Companies
2026-03-20,352.8391418457031,369.197561362211,350.8682486527129,361.65890091371193,888548.0,BirlasoftLtd,IT_Companies
2026-03-23,334.2635192871094,351.31173448520394,332.1447849081758,350.3755481283056,1086249.0,BirlasoftLtd,IT_Companies
2026-03-24,341.4572448730469,349.094455977711,335.1503926851742,344.9063079525726,1689896.0,BirlasoftLtd,IT_Companies
2026-03-25,342.3441467285156,349.83354698859404,340.8659768116624,346.8772071548876,997938.0,BirlasoftLtd,IT_Companies
2026-03-27,331.5042419433594,342.6398069610467,326.2813868081188,342.294894624166,1520253.0,BirlasoftLtd,IT_Companies
2026-03-30,327.71026611328125,339.2892640629918,320.2701560558238,326.18283585993134,1633897.0,BirlasoftLtd,IT_Companies
2026-04-01,344.5614013671875,348.35537683252755,334.0664009794253,337.8603764447654,743501.0,BirlasoftLtd,IT_Companies
2026-04-02,365.452880859375,372.4988180970511,335.7416716210847,337.1212908586072,2546660.0,BirlasoftLtd,IT_Companies
2026-04-06,359.441650390625,367.8179465614826,357.71711882603665,361.6589052593814,846671.0,BirlasoftLtd,IT_Companies
2026-04-07,362.447265625,368.0150632529438,357.2736707155778,359.3431146940357,1117488.0,BirlasoftLtd,IT_Companies
2026-04-08,365.1572265625,377.4260487941953,364.1225196591519,374.4697089864079,1409865.0,BirlasoftLtd,IT_Companies
2026-04-09,367.91650390625,369.3453834701726,362.44725708677646,365.15723530882497,711721.0,BirlasoftLtd,IT_Companies
2026-04-10,360.6734619140625,374.469714555584,359.3923933410132,371.5133747038294,1131840.0,BirlasoftLtd,IT_Companies
2026-04-13,359.7372741699219,361.806718072622,350.1784600646027,355.74622741527764,464272.0,BirlasoftLtd,IT_Companies
2026-04-15,374.4697265625,375.947896535773,365.1079833984375,367.4730493409853,1323729.0,BirlasoftLtd,IT_Companies
2026-04-16,382.5010986328125,389.3992249564825,377.17969291209874,377.3767942650098,1238946.0,BirlasoftLtd,IT_Companies
2026-04-17,385.0140075683594,390.0890516612358,379.7418621215396,382.4025499591092,696512.0,BirlasoftLtd,IT_Companies
2026-04-20,376.0464477539063,387.6254458944613,374.9131901207963,385.50674161109134,587060.0,BirlasoftLtd,IT_Companies
2026-04-21,388.66015625,394.0308525703076,377.3275196728095,377.3275196728095,2457668.0,BirlasoftLtd,IT_Companies
2026-04-22,382.2054748535156,385.3096256696695,377.5246034419276,384.7676420619158,743492.0,BirlasoftLtd,IT_Companies
2026-04-23,379.3969421386719,382.35328194754464,374.5189694246543,381.8605586460658,428269.0,BirlasoftLtd,IT_Companies
2026-04-24,363.2848815917969,380.3331257462447,360.8705554757222,379.39693945069024,723725.0,BirlasoftLtd,IT_Companies
2026-04-27,366.4383239746094,372.89298717082687,363.5805348512484,363.5805348512484,413110.0,BirlasoftLtd,IT_Companies
2026-04-28,365.6007080078125,368.7048589479068,361.8560227584044,366.7832560199652,379823.0,BirlasoftLtd,IT_Companies
2026-04-29,364.0239868164063,371.4148366979255,362.3487455539956,366.5861541233553,502724.0,BirlasoftLtd,IT_Companies
2026-04-30,364.0732727050781,365.1079796463579,358.998198456906,363.13708636891465,365634.0,BirlasoftLtd,IT_Companies
2026-05-01,364.0732727050781,364.0732727050781,364.0732727050781,364.0732727050781,0.0,BirlasoftLtd,IT_Companies
2026-05-04,360.7720031738281,367.2266663189724,360.03291823018066,366.2905101010849,430428.0,BirlasoftLtd,IT_Companies
2026-05-05,364.6152648925781,368.95122419012506,358.30841227128747,360.6734782450908,612899.0,BirlasoftLtd,IT_Companies
2026-05-06,367.078857421875,373.48426030306206,365.99486015037,370.527920511745,805290.0,BirlasoftLtd,IT_Companies
2026-05-07,356.92877197265625,376.3913424002647,354.12024313676835,371.513369681436,2261092.0,BirlasoftLtd,IT_Companies
2026-05-08,356.8794860839844,362.595094502681,356.28821209950627,357.9142230751822,898133.0,BirlasoftLtd,IT_Companies
2026-05-11,350.720458984375,355.0564182576766,347.7148587118505,354.7607962901463,674179.0,BirlasoftLtd,IT_Companies
2026-05-12,326.77410888671875,349.3408307241694,325.19738826227336,349.3408307241694,2522167.0,BirlasoftLtd,IT_Companies
2026-05-13,314.0618591308594,329.8782658212139,312.8300508193537,326.77411489090866,2312907.0,BirlasoftLtd,IT_Companies
2026-05-14,306.3753662109375,318.29927703080546,304.70012490221137,315.3429369964636,1385633.0,BirlasoftLtd,IT_Companies
2026-05-15,309.82440185546875,325.0988239991947,306.3753387907564,307.4100757542361,2862954.0,BirlasoftLtd,IT_Companies
2026-05-18,305.0942687988281,307.75495653485643,301.94082769674657,307.4593345886677,1080302.0,BirlasoftLtd,IT_Companies
2026-05-19,316.2298278808594,324.1134011783489,307.4593586020914,307.4593586020914,2834895.0,BirlasoftLtd,IT_Companies
2026-05-20,314.9487609863281,319.92525462843537,313.1749389405431,315.3429336386873,696599.0,BirlasoftLtd,IT_Companies
2026-05-21,316.6732788085937,321.7483229102535,310.5634977071071,316.1805554963269,879912.0,BirlasoftLtd,IT_Companies
2026-05-22,323.423583984375,328.7942498743575,313.56911805034093,318.2992496692999,1185133.0,BirlasoftLtd,IT_Companies
2026-05-25,325.9857482910156,332.34189137863626,322.5859753039303,325.1974029798368,803818.0,BirlasoftLtd,IT_Companies
2026-05-26,319.67889404296875,327.75956877417445,318.20072403653694,325.1974014150034,568064.0,BirlasoftLtd,IT_Companies
2026-05-27,323.3250427246094,324.4583003253317,319.8266891720996,320.1716015045223,359967.0,BirlasoftLtd,IT_Companies
2026-05-28,323.3250427246094,323.3250427246094,323.3250427246094,323.3250427246094,0.0,BirlasoftLtd,IT_Companies
2026-05-29,314.702392578125,328.3015442706052,311.89386362087834,325.19739334878307,1208857.0,BirlasoftLtd,IT_Companies
2026-06-01,323.0293884277344,329.9768051088437,317.6094320442258,317.6094320442258,1251665.0,BirlasoftLtd,IT_Companies
2026-06-02,339.781982421875,351.6073418575334,329.2869819374169,331.5535272066513,12684383.0,BirlasoftLtd,IT_Companies
2026-06-03,322.881591796875,337.07201767135587,320.27016416529324,337.07201767135587,1992929.0,BirlasoftLtd,IT_Companies
2026-06-04,320.36871337890625,324.9510343074458,316.3283760809404,320.27016269877146,1250530.0,BirlasoftLtd,IT_Companies
2026-06-05,323.0293884277344,332.53897232300926,320.8121335435718,324.2119363953321,1000740.0,BirlasoftLtd,IT_Companies
2026-06-08,319.4818115234375,323.3743076928239,315.0473016600098,319.38326084511687,721266.0,BirlasoftLtd,IT_Companies
2026-06-09,314.702392578125,324.01484534359133,313.66765555522096,321.3048670656848,664390.0,BirlasoftLtd,IT_Companies
2026-06-10,310.9576721191406,318.1514505634107,309.4302418717629,314.70238735783374,497789.0,BirlasoftLtd,IT_Companies
2026-06-11,306.3260803222656,308.4447844885687,302.43355423943825,305.58699537540804,620281.0,BirlasoftLtd,IT_Companies
2026-06-12,311.401123046875,314.0618408744377,305.0449804996105,311.401123046875,698932.0,BirlasoftLtd,IT_Companies
2026-06-15,319.1861572265625,322.3395984698088,315.63854334627155,317.70798728256165,995909.0,BirlasoftLtd,IT_Companies
2026-06-16,319.53106689453125,322.8323190899346,315.589280410096,319.38325591605377,985444.0,BirlasoftLtd,IT_Companies
2026-06-17,318.8905334472656,326.9711777176216,317.4616238135083,320.27015270577084,1050925.0,BirlasoftLtd,IT_Companies
2026-06-18,320.41796875,322.5859633858129,314.4560286116819,318.2992644902185,625290.0,BirlasoftLtd,IT_Companies
2026-06-19,321.6497802734375,323.37431190947984,306.5724585705596,310.4156944876221,1069584.0,BirlasoftLtd,IT_Companies
2026-06-22,312.43585205078125,325.6901216795228,311.40114508541365,323.62067767534205,2196414.0,BirlasoftLtd,IT_Companies
2026-06-23,303.763916015625,314.1603656698318,302.13793513193326,312.43583411094335,1727785.0,BirlasoftLtd,IT_Companies
2026-06-24,303.41900634765625,308.0506174614867,301.89157612577816,303.7639186771448,1149301.0,BirlasoftLtd,IT_Companies
2026-06-25,296.3238220214844,308.8882669080802,295.732548012132,305.1435515644785,1698333.0,BirlasoftLtd,IT_Companies
2026-06-26,296.3238220214844,296.3238220214844,296.3238220214844,296.3238220214844,0.0,BirlasoftLtd,IT_Companies
2026-06-29,294.7471008300781,298.3932354132826,292.48055547716643,296.570183158403,710663.0,BirlasoftLtd,IT_Companies
2026-06-30,282.13336181640625,295.48618187098793,280.85229321008904,294.99345854956675,2680611.0,BirlasoftLtd,IT_Companies
2026-07-01,271.6876525878906,282.2812040423847,270.99782790566184,282.03484238065226,2279622.0,BirlasoftLtd,IT_Companies
2026-07-02,277.7973937988281,283.5622624914491,272.0818154808542,274.98886494104414,7653440.0,BirlasoftLtd,IT_Companies
2026-07-03,278.4379272460937,287.70114942620586,277.60032168749206,280.90154376773125,3520237.0,BirlasoftLtd,IT_Companies
2026-07-06,276.6641540527344,279.8668557470225,274.24979766920035,279.8668557470225,1397926.0,BirlasoftLtd,IT_Companies
2026-07-07,277.551025390625,282.8231706491213,271.34272391794843,276.2699568560864,4178914.0,BirlasoftLtd,IT_Companies
2026-07-08,268.23858642578125,278.78284738994927,267.05603843286303,277.5017787921584,2460887.0,BirlasoftLtd,IT_Companies
2026-07-09,270.8500061035156,272.22962533941575,266.2676853930341,270.89926640451625,1756528.0,BirlasoftLtd,IT_Companies
2026-07-10,290.1499938964844,293.0,278.8500061035156,278.95001220703125,5843840.0,BirlasoftLtd,IT_Companies
2026-07-13,299.29998779296875,304.6000061035156,285.1499938964844,285.5,5011583.0,BirlasoftLtd,IT_Companies
2026-07-14,289.04998779296875,304.25,287.3500061035156,300.79998779296875,2325558.0,BirlasoftLtd,IT_Companies
2026-07-15,285.45001220703125,289.0,284.1000061035156,288.6499938964844,1396415.0,BirlasoftLtd,IT_Companies
2026-07-16,289.75,293.5,287.0,287.0,1495594.0,BirlasoftLtd,IT_Companies
2026-07-17,288.04998779296875,295.0,286.79998779296875,291.8999938964844,2053258.0,BirlasoftLtd,IT_Companies
2026-07-20,291.3500061035156,294.1499938964844,287.25,288.04998779296875,1150056.0,BirlasoftLtd,IT_Companies
2026-07-21,285.79998779296875,292.1499938964844,285.0,291.0,945215.0,BirlasoftLtd,IT_Companies
2026-07-22,282.54998779296875,287.75,282.0,286.0,635447.0,BirlasoftLtd,IT_Companies
2026-07-23,278.95001220703125,283.8999938964844,278.1000061035156,282.0,686598.0,BirlasoftLtd,IT_Companies
2026-07-24,282.3999938964844,286.0,277.25,277.45001220703125,1171839.0,BirlasoftLtd,IT_Companies
2026-07-27,293.45001220703125,296.8999938964844,284.04998779296875,284.04998779296875,1999905.0,BirlasoftLtd,IT_Companies
2026-07-28,299.8999938964844,310.0,294.8999938964844,295.29998779296875,5739497.0,BirlasoftLtd,IT_Companies
2026-07-29,311.1499938964844,322.6499938964844,296.6499938964844,304.0,7974181.0,BirlasoftLtd,IT_Companies
2026-07-30,306.29998779296875,318.70001220703125,305.0,309.3999938964844,2552655.0,BirlasoftLtd,IT_Companies
2026-07-31,302.3999938964844,305.3999938964844,298.70001220703125,303.95001220703125,1231190.0,BirlasoftLtd,IT_Companies
2026-08-03,321.5,323.0,303.1000061035156,303.95001220703125,3371518.0,BirlasoftLtd,IT_Companies
2026-08-04,323.20001220703125,326.29998779296875,316.6000061035156,324.79998779296875,1492292.0,BirlasoftLtd,IT_Companies
2026-01-01,1566.9786376953125,1572.6317775144914,1546.9978806831978,1550.7016783548534,565878.0,TechMahindraLtd,IT_Companies
2026-01-02,1571.1697998046875,1578.0899407600073,1561.325645574297,1570.1951287129973,637080.0,TechMahindraLtd,IT_Companies
2026-01-05,1556.4522705078125,1569.317881164682,1536.179064464693,1561.3256259048696,907810.0,TechMahindraLtd,IT_Companies
2026-01-06,1561.2281494140625,1584.230362603659,1555.672452992443,1563.2749348416485,570335.0,TechMahindraLtd,IT_Companies
2026-01-07,1584.035400390625,1592.5151102205934,1555.3801656627709,1558.4990655446693,1309781.0,TechMahindraLtd,IT_Companies
2026-01-08,1537.9334716796875,1591.4429360538782,1534.6195663181254,1583.8404542819649,1657201.0,TechMahindraLtd,IT_Companies
2026-01-09,1542.12451171875,1565.7116228828763,1538.1283841472382,1542.9042961622456,1410053.0,TechMahindraLtd,IT_Companies
2026-01-12,1545.92578125,1553.6257066028718,1523.2160163987442,1532.2803860853571,652320.0,TechMahindraLtd,IT_Companies
2026-01-13,1573.89892578125,1581.7937378248917,1541.929666396088,1541.929666396088,2573438.0,TechMahindraLtd,IT_Companies
2026-01-14,1548.2650146484375,1572.1444561711864,1543.0017670069265,1572.0470128586112,1570385.0,TechMahindraLtd,IT_Companies
2026-01-15,1548.2650146484375,1548.2650146484375,1548.2650146484375,1548.2650146484375,0.0,TechMahindraLtd,IT_Companies
2026-01-16,1628.18798828125,1638.1295853953488,1559.4736792876383,1559.4736792876383,3733401.0,TechMahindraLtd,IT_Companies
2026-01-19,1674.77734375,1692.028974062386,1631.112032311868,1647.1941049340048,10621562.0,TechMahindraLtd,IT_Companies
2026-01-20,1635.9853515625,1673.2177379477191,1632.5740028997243,1671.5608447600164,1825981.0,TechMahindraLtd,IT_Companies
2026-01-21,1643.9776611328125,1651.385256514921,1618.0514342306435,1635.9854058774683,1766163.0,TechMahindraLtd,IT_Companies
2026-01-22,1644.6600341796875,1669.2216982522325,1640.079008633106,1652.0675107270897,3123567.0,TechMahindraLtd,IT_Companies
2026-01-23,1658.012939453125,1666.3950868901406,1646.4143298819693,1655.96615399431,1831521.0,TechMahindraLtd,IT_Companies
2026-01-27,1700.8984375,1704.6996784173657,1656.9407966320878,1676.4342177689357,2932973.0,TechMahindraLtd,IT_Companies
2026-01-28,1718.2476806640625,1720.976688316802,1695.8302456944257,1703.7250576923996,2534826.0,TechMahindraLtd,IT_Companies
2026-01-29,1723.6082763671875,1731.6005312362936,1692.1263544498504,1706.7464199263109,1893136.0,TechMahindraLtd,IT_Companies
2026-01-30,1698.9490966796875,1715.421061348544,1687.1556006785963,1712.5944914858692,1672787.0,TechMahindraLtd,IT_Companies
2026-02-02,1680.3328857421875,1685.7910198120276,1665.9077066490968,1670.2937263624608,1030696.0,TechMahindraLtd,IT_Companies
2026-02-03,1673.0228271484375,1807.040094106148,1669.3190296338837,1798.2680548143703,2711705.0,TechMahindraLtd,IT_Companies
2026-02-04,1603.6263427734375,1614.0552755251442,1557.52435403936,1609.1819202246454,4823180.0,TechMahindraLtd,IT_Companies
2026-02-05,1604.50341796875,1617.0766981766064,1588.7137947169106,1588.8112380252012,1720981.0,TechMahindraLtd,IT_Companies
2026-02-06,1578.86962890625,1604.2110757442492,1559.4736515691789,1603.333848019562,1988639.0,TechMahindraLtd,IT_Companies
2026-02-09,1580.6240234375,1594.5618673017304,1572.7292115821144,1583.840485553369,933821.0,TechMahindraLtd,IT_Companies
2026-02-10,1602.9439697265625,1616.4919209878626,1570.2924898633769,1583.840441124677,1527966.0,TechMahindraLtd,IT_Companies
2026-02-11,1593.00244140625,1616.0046551629491,1583.8405094329264,1613.0806419147652,1521823.0,TechMahindraLtd,IT_Companies
2026-02-12,1497.6795654296875,1570.195117950064,1489.297417894288,1564.347091440008,5343729.0,TechMahindraLtd,IT_Companies
2026-02-13,1495.5352783203125,1508.790780763902,1427.3083050299551,1445.0472704940885,7058376.0,TechMahindraLtd,IT_Companies
2026-02-16,1474.3848876953125,1502.845354474944,1456.840808343716,1487.348060585353,1873472.0,TechMahindraLtd,IT_Companies
2026-02-17,1485.203857421875,1508.3035147084388,1467.8546643947714,1474.38491311911,1781501.0,TechMahindraLtd,IT_Companies
2026-02-18,1466.68505859375,1489.8821584333557,1444.1700619263436,1485.983474193583,1989222.0,TechMahindraLtd,IT_Companies
2026-02-19,1441.8309326171875,1493.9758338197034,1435.0082352635873,1468.634386506331,1108260.0,TechMahindraLtd,IT_Companies
2026-02-20,1419.998291015625,1439.881604433988,1416.29449339651,1427.893102805422,1599813.0,TechMahindraLtd,IT_Companies
2026-02-23,1404.403564453125,1432.76646871153,1393.779626025502,1422.5324225064478,2660793.0,TechMahindraLtd,IT_Companies
2026-02-24,1311.322509765625,1387.1518492663938,1301.478355541166,1384.032949366226,7441035.0,TechMahindraLtd,IT_Companies
2026-02-25,1327.30712890625,1362.2977256160254,1317.1705258436616,1320.7767612607192,2683571.0,TechMahindraLtd,IT_Companies
2026-02-26,1327.30712890625,1361.225611220014,1325.94256559387,1331.790592094009,1587449.0,TechMahindraLtd,IT_Companies
2026-02-27,1323.408447265625,1374.6761225588132,1319.7046495499726,1355.767479707542,2601590.0,TechMahindraLtd,IT_Companies
2026-03-02,1311.322509765625,1328.2818105464978,1288.7100690649931,1301.185906622473,1564363.0,TechMahindraLtd,IT_Companies
2026-03-04,1316.9754638671875,1327.6968453251834,1287.54044600114,1287.54044600114,1820421.0,TechMahindraLtd,IT_Companies
2026-03-05,1299.5289306640625,1332.0828478526253,1285.883536256939,1323.603257490986,1210010.0,TechMahindraLtd,IT_Companies
2026-03-06,1297.9693603515625,1325.0652625203886,1292.998561904613,1296.3124671953783,1033627.0,TechMahindraLtd,IT_Companies
2026-03-09,1302.4530029296875,1306.4491305348056,1271.0685229802766,1271.945750741986,1032250.0,TechMahindraLtd,IT_Companies
2026-03-10,1302.745361328125,1313.7591922891556,1283.3493827486914,1306.0592668456532,1069187.0,TechMahindraLtd,IT_Companies
2026-03-11,1300.60107421875,1321.0691662892568,1296.5073844176088,1309.860449203027,1499971.0,TechMahindraLtd,IT_Companies
2026-03-12,1315.611083984375,1322.1413326916006,1293.3885355560294,1300.6011254128366,3067753.0,TechMahindraLtd,IT_Companies
2026-03-13,1299.0416259765625,1308.4958875916377,1286.3709022978353,1308.4958875916377,1150005.0,TechMahindraLtd,IT_Companies
2026-03-16,1305.5718994140625,1312.297153598662,1282.5696859374982,1290.4644978157662,2062060.0,TechMahindraLtd,IT_Companies
2026-03-17,1307.813720703125,1320.484444917205,1284.8113877163782,1306.9364929233925,1634005.0,TechMahindraLtd,IT_Companies
2026-03-18,1350.1142578125,1369.120342822156,1310.250308026247,1312.6869855915877,2969039.0,TechMahindraLtd,IT_Companies
2026-03-19,1306.64404296875,1344.3638856401308,1297.3846675888738,1329.548813645286,1219405.0,TechMahindraLtd,IT_Companies
2026-03-20,1349.7244873046875,1355.7674000875506,1321.2640218971198,1326.234820344752,3397016.0,TechMahindraLtd,IT_Companies
2026-03-23,1348.9447021484375,1378.7696117962134,1323.2133632250711,1331.400623652287,3647386.0,TechMahindraLtd,IT_Companies
2026-03-24,1396.4111328125,1402.746494488095,1364.5394378204803,1378.1848321986852,3988700.0,TechMahindraLtd,IT_Companies
2026-03-25,1372.82421875,1392.5125270114963,1357.7168169817182,1386.372170583043,4938929.0,TechMahindraLtd,IT_Companies
2026-03-27,1356.3521728515625,1385.007524745423,1350.406703402381,1359.6660781279838,2584016.0,TechMahindraLtd,IT_Companies
2026-03-30,1348.9447021484375,1385.9822011958656,1332.4727379869282,1345.046018038182,3048646.0,TechMahindraLtd,IT_Companies
2026-04-01,1368.925537109375,1386.7620655331336,1359.6661618138685,1376.8203490919684,1624500.0,TechMahindraLtd,IT_Companies
2026-04-02,1404.98828125,1410.3489718825876,1348.4573618518036,1354.792723508498,2501510.0,TechMahindraLtd,IT_Companies
2026-04-06,1412.7857666015625,1427.7957254132243,1397.3859155522457,1398.653035580022,1476736.0,TechMahindraLtd,IT_Companies
2026-04-07,1436.080322265625,1444.4624693446854,1395.0466956163575,1398.6529308432007,1673236.0,TechMahindraLtd,IT_Companies
2026-04-08,1414.6375732421875,1455.1838647675595,1409.179439206187,1446.4118253952167,2736951.0,TechMahindraLtd,IT_Companies
2026-04-09,1424.5792236328125,1426.9184580154035,1397.28843345219,1415.222405080851,1805451.0,TechMahindraLtd,IT_Companies
2026-04-10,1403.72119140625,1423.9943967334452,1389.880910158722,1423.9943967334452,2045026.0,TechMahindraLtd,IT_Companies
2026-04-13,1399.0428466796875,1402.941530873317,1377.1127480905209,1389.4910228139352,1285567.0,TechMahindraLtd,IT_Companies
2026-04-15,1446.2169189453125,1448.0686987158049,1413.2729906073816,1418.146345747407,1678561.0,TechMahindraLtd,IT_Companies
2026-04-16,1453.234619140625,1473.215376814926,1442.025901420895,1452.0650614047113,1768783.0,TechMahindraLtd,IT_Companies
2026-04-17,1473.117919921875,1483.9367453037785,1437.5424248784675,1448.3612502603708,1859402.0,TechMahindraLtd,IT_Companies
2026-04-20,1466.295166015625,1492.513841317365,1458.302791939005,1472.6305279037065,1341688.0,TechMahindraLtd,IT_Companies
2026-04-21,1462.786376953125,1472.630530880362,1451.2852108340005,1462.9812635740996,2001948.0,TechMahindraLtd,IT_Companies
2026-04-22,1425.5538330078125,1464.73568002968,1368.5355774198156,1426.3336174277256,11668801.0,TechMahindraLtd,IT_Companies
2026-04-23,1385.494873046875,1436.5676589583873,1378.0873969936931,1432.9613047501923,4101549.0,TechMahindraLtd,IT_Companies
2026-04-24,1324.0906982421875,1390.5632201172343,1313.2718727552126,1371.459690224622,3693260.0,TechMahindraLtd,IT_Companies
2026-04-27,1360.73828125,1365.0268578300092,1325.7475654185482,1328.379248741429,1834277.0,TechMahindraLtd,IT_Companies
2026-04-28,1372.434326171875,1377.2102382672797,1348.554884673256,1357.2294810949656,2009200.0,TechMahindraLtd,IT_Companies
2026-04-29,1422.8248291015625,1426.9183998704875,1369.6076952351495,1378.1848479623422,3334783.0,TechMahindraLtd,IT_Companies
2026-04-30,1436.1778564453125,1444.4625607410608,1408.984509137705,1422.7273477620297,2635309.0,TechMahindraLtd,IT_Companies
2026-05-01,1436.1778564453125,1436.1778564453125,1436.1778564453125,1436.1778564453125,0.0,TechMahindraLtd,IT_Companies
2026-05-04,1434.325927734375,1454.599133651249,1418.341298335886,1446.411872839496,1483759.0,TechMahindraLtd,IT_Companies
2026-05-05,1415.417236328125,1446.2169363668247,1410.4464378210987,1427.893073228236,711081.0,TechMahindraLtd,IT_Companies
2026-05-06,1429.550048828125,1443.098000857413,1418.5363368310132,1430.7197255302997,877900.0,TechMahindraLtd,IT_Companies
2026-05-07,1411.5185546875,1438.517013923679,1407.4249839046215,1429.8424178587811,1147147.0,TechMahindraLtd,IT_Companies
2026-05-08,1425.9437255859375,1432.5715362217152,1411.713552256836,1416.6843507444703,1360644.0,TechMahindraLtd,IT_Companies
2026-05-11,1420.485595703125,1438.029674401035,1415.027461681677,1423.0197166082546,1348443.0,TechMahindraLtd,IT_Companies
2026-05-12,1357.619384765625,1410.3490669276396,1353.7207004064608,1410.3490669276396,1474910.0,TechMahindraLtd,IT_Companies
2026-05-13,1340.1727294921875,1364.442063080127,1336.8588240381264,1357.6193655481663,2142904.0,TechMahindraLtd,IT_Companies
2026-05-14,1309.3731689453125,1339.1980805684038,1293.680988157914,1335.2993961999368,2337353.0,TechMahindraLtd,IT_Companies
2026-05-15,1335.7867431640625,1352.5510385004068,1315.8059856048774,1315.8059856048774,5306932.0,TechMahindraLtd,IT_Companies
2026-05-18,1393.7796630859375,1401.2845829111925,1329.1589220242276,1329.1589220242276,6204623.0,TechMahindraLtd,IT_Companies
2026-05-19,1429.93994140625,1468.6344553115375,1408.984512838435,1409.6668539928023,6697277.0,TechMahindraLtd,IT_Companies
2026-05-20,1402.5516357421875,1439.1017999814733,1398.36050265139,1416.7818092236696,2216454.0,TechMahindraLtd,IT_Companies
2026-05-21,1384.032958984375,1413.273091920665,1380.4267235135949,1408.4971797453895,999422.0,TechMahindraLtd,IT_Companies
2026-05-22,1386.1771240234375,1393.0973836826483,1370.484943865385,1388.9062505632728,654078.0,TechMahindraLtd,IT_Companies
2026-05-25,1399.1402587890625,1408.3996335424558,1385.20241551628,1393.1947893220367,887430.0,TechMahindraLtd,IT_Companies
2026-05-26,1421.752685546875,1428.672945537498,1393.682229262443,1397.2884647399856,1725570.0,TechMahindraLtd,IT_Companies
2026-05-27,1418.731201171875,1441.5385282543384,1414.3451813090323,1423.117221034718,1825192.0,TechMahindraLtd,IT_Companies
2026-05-28,1418.731201171875,1418.731201171875,1418.731201171875,1418.731201171875,0.0,TechMahindraLtd,IT_Companies
2026-05-29,1446.314453125,1458.6927283670382,1423.1172336096286,1439.4917555002912,3955137.0,TechMahindraLtd,IT_Companies
2026-06-01,1504.1123046875,1522.9235033927669,1457.3280946632742,1457.3280946632742,5243443.0,TechMahindraLtd,IT_Companies
2026-06-02,1531.59814453125,1548.7523315825506,1514.6388441027586,1523.3134404290147,4169279.0,TechMahindraLtd,IT_Companies
2026-06-03,1435.00830078125,1515.321103827723,1430.4272752476386,1509.8629694913225,3493572.0,TechMahindraLtd,IT_Companies
2026-06-04,1449.6282958984375,1461.714121699385,1416.294474701607,1423.0197287220692,2061503.0,TechMahindraLtd,IT_Companies
2026-06-05,1445.924560546875,1485.3987396517948,1430.7197153539942,1470.4862243985744,2201977.0,TechMahindraLtd,IT_Companies
2026-06-08,1465.320556640625,1472.825476524922,1422.0451359723115,1431.8892902940534,2467960.0,TechMahindraLtd,IT_Companies
2026-06-09,1446.2169189453125,1479.9405127186092,1435.8853108657408,1478.0886139697202,1330108.0,TechMahindraLtd,IT_Companies
2026-06-10,1441.4410400390625,1458.4003401094296,1433.9360015649486,1442.5131543986788,1082678.0,TechMahindraLtd,IT_Companies
2026-06-11,1427.9906005859375,1444.3651226088136,1401.2845887293347,1419.900901866935,2088978.0,TechMahindraLtd,IT_Companies
2026-06-12,1392.9998779296875,1441.148653699018,1388.906306932197,1439.5892037465644,2460369.0,TechMahindraLtd,IT_Companies
2026-06-15,1389.4910888671875,1417.8539939284717,1387.5417466777053,1404.6959341494671,1926338.0,TechMahindraLtd,IT_Companies
2026-06-16,1410.1541748046875,1418.8286522872936,1386.8595120537962,1398.7504517115378,1987359.0,TechMahindraLtd,IT_Companies
2026-06-17,1425.3590087890625,1439.3942961131245,1417.1717479351594,1418.146419013519,2126833.0,TechMahindraLtd,IT_Companies
2026-06-18,1411.03125,1423.019751663595,1399.1403106254045,1417.1717252868953,2273483.0,TechMahindraLtd,IT_Companies
2026-06-19,1373.8963623046875,1381.3038388880946,1309.957961775607,1315.8059883906765,5864187.0,TechMahindraLtd,IT_Companies
2026-06-22,1398.847900390625,1407.42505357162,1378.184920879689,1378.184920879689,2165308.0,TechMahindraLtd,IT_Companies
2026-06-23,1379.744384765625,1396.9961346151829,1365.0268749576924,1391.050545725038,2402816.0,TechMahindraLtd,IT_Companies
2026-06-24,1424.5792236328125,1429.355135710102,1384.032930588711,1384.032930588711,3451553.0,TechMahindraLtd,IT_Companies
2026-06-25,1400.69970703125,1438.6144337210685,1398.7503649801374,1427.8930524399495,2553830.0,TechMahindraLtd,IT_Companies
2026-06-26,1400.69970703125,1400.69970703125,1400.69970703125,1400.69970703125,0.0,TechMahindraLtd,IT_Companies
2026-06-29,1397.4833984375,1417.074262737794,1392.4150375927952,1403.2338624471308,2466821.0,TechMahindraLtd,IT_Companies
2026-06-30,1369.120361328125,1407.230094147885,1363.467340687163,1401.5769545285243,2421536.0,TechMahindraLtd,IT_Companies
2026-07-01,1327.6968994140625,1369.1204203711395,1321.2640940728795,1369.1204203711395,3793024.0,TechMahindraLtd,IT_Companies
2026-07-02,1385.300048828125,1389.8809552969994,1338.6132804611077,1343.389192532353,3034626.0,TechMahindraLtd,IT_Companies
2026-07-03,1410.0999755859375,1445.0,1398.5,1399.9000244140625,2849871.0,TechMahindraLtd,IT_Companies
2026-07-06,1406.5,1417.4000244140625,1391.0,1409.800048828125,1158020.0,TechMahindraLtd,IT_Companies
2026-07-07,1447.5,1463.300048828125,1398.5,1398.5,4066916.0,TechMahindraLtd,IT_Companies
2026-07-08,1428.800048828125,1452.9000244140625,1422.800048828125,1441.0,1489170.0,TechMahindraLtd,IT_Companies
2026-07-09,1426.300048828125,1436.300048828125,1399.0,1426.0,1379708.0,TechMahindraLtd,IT_Companies
2026-07-10,1454.800048828125,1478.9000244140625,1445.300048828125,1448.0,1732609.0,TechMahindraLtd,IT_Companies
2026-07-13,1504.5,1524.800048828125,1444.199951171875,1444.199951171875,2285072.0,TechMahindraLtd,IT_Companies
2026-07-14,1484.300048828125,1519.9000244140625,1480.0,1509.0,2011058.0,TechMahindraLtd,IT_Companies
2026-07-15,1498.699951171875,1507.0,1453.0,1465.199951171875,1834279.0,TechMahindraLtd,IT_Companies
2026-07-16,1510.300048828125,1538.300048828125,1504.199951171875,1510.0,2903245.0,TechMahindraLtd,IT_Companies
2026-07-17,1572.9000244140625,1585.0,1527.300048828125,1540.0,10632264.0,TechMahindraLtd,IT_Companies
2026-07-20,1576.4000244140625,1608.0,1572.4000244140625,1577.5999755859375,2324331.0,TechMahindraLtd,IT_Companies
2026-07-21,1576.300048828125,1614.5999755859375,1572.0,1577.0,2624717.0,TechMahindraLtd,IT_Companies
2026-07-22,1560.5999755859375,1574.0999755859375,1551.5999755859375,1574.0999755859375,975901.0,TechMahindraLtd,IT_Companies
2026-07-23,1555.800048828125,1567.5999755859375,1539.0,1550.0,2424854.0,TechMahindraLtd,IT_Companies
2026-07-24,1559.5,1579.800048828125,1531.0999755859375,1549.0,1231512.0,TechMahindraLtd,IT_Companies
2026-07-27,1575.0,1599.5999755859375,1571.0,1576.0,1513324.0,TechMahindraLtd,IT_Companies
2026-07-28,1635.199951171875,1643.9000244140625,1595.800048828125,1599.0,5082959.0,TechMahindraLtd,IT_Companies
2026-07-29,1644.199951171875,1673.0,1640.0999755859375,1661.0,2189575.0,TechMahindraLtd,IT_Companies
2026-07-30,1669.0,1686.5999755859375,1638.0999755859375,1649.0,4167643.0,TechMahindraLtd,IT_Companies
2026-07-31,1651.300048828125,1661.5,1610.5,1620.0,3355677.0,TechMahindraLtd,IT_Companies
2026-08-03,1649.0,1670.0,1634.300048828125,1663.4000244140625,4154154.0,TechMahindraLtd,IT_Companies
2026-08-04,1648.5,1659.0,1640.0999755859375,1652.9000244140625,1978047.0,TechMahindraLtd,IT_Companies
